Run protocol/multiple-go-modules@v1.4
Run status=0
-test.shuffle 1783018448984240801
=== RUN   TestModuleValidate_Disabled
--- PASS: TestModuleValidate_Disabled (0.00s)
=== RUN   TestModuleValidate_Enabled
--- PASS: TestModuleValidate_Enabled (0.01s)
PASS
ok  	github.com/fil-forge/ingot	1.080s
-test.shuffle 1783018448950969087
=== RUN   TestCached_OpenBlob_BypassesCache
--- PASS: TestCached_OpenBlob_BypassesCache (0.00s)
=== RUN   TestCached_Disabled
--- PASS: TestCached_Disabled (0.00s)
=== RUN   TestLayered_OpenBlob_Tiering
--- PASS: TestLayered_OpenBlob_Tiering (0.00s)
=== RUN   TestCached_Hit
--- PASS: TestCached_Hit (0.00s)
=== RUN   TestCached_EvictsByBytes
--- PASS: TestCached_EvictsByBytes (0.00s)
=== RUN   TestStagingDiscardLeavesLogUntouched
--- PASS: TestStagingDiscardLeavesLogUntouched (0.00s)
=== RUN   TestLayeredAndStagingHappyPath
--- PASS: TestLayeredAndStagingHappyPath (0.02s)
=== RUN   TestLayeredFallsThroughToBaseOnMiss
--- PASS: TestLayeredFallsThroughToBaseOnMiss (0.00s)
PASS
ok  	github.com/fil-forge/ingot/blockstore	1.064s
?   	github.com/fil-forge/ingot/blockstore/locator	[no test files]
-test.shuffle 1783018448955249572
=== RUN   TestSplitBody_StreamingRoundTrip
--- PASS: TestSplitBody_StreamingRoundTrip (0.00s)
=== RUN   TestSplitBody_Empty
--- PASS: TestSplitBody_Empty (0.00s)
=== RUN   TestOpenBodyRange
--- PASS: TestOpenBodyRange (0.00s)
PASS
ok  	github.com/fil-forge/ingot/bucket	1.047s
?   	github.com/fil-forge/ingot/bucketop	[no test files]
?   	github.com/fil-forge/ingot/cars	[no test files]
-test.shuffle 1783018454133616086
=== RUN   TestParseAccount
=== RUN   TestParseAccount/plain_email
=== RUN   TestParseAccount/did:mailto_passthrough
=== RUN   TestParseAccount/garbage_errors
--- PASS: TestParseAccount (0.00s)
    --- PASS: TestParseAccount/plain_email (0.00s)
    --- PASS: TestParseAccount/did:mailto_passthrough (0.00s)
    --- PASS: TestParseAccount/garbage_errors (0.00s)
=== RUN   TestStandaloneApp_GraphValidates
    logger.go:146: 2026-07-02T18:54:14.141Z	INFO	provided	{"constructor": "go.uber.org/fx.New.func1()", "stacktrace": ["go.uber.org/fx.New (/home/runner/go/pkg/mod/go.uber.org/fx@v1.24.0/app.go:481)", "github.com/fil-forge/ingot/cmd.standaloneApp (/home/runner/work/ingot/ingot/cmd/serve.go:90)", "github.com/fil-forge/ingot/cmd.TestStandaloneApp_GraphValidates (/home/runner/work/ingot/ingot/cmd/serve_test.go:23)", "testing.tRunner (/opt/hostedtoolcache/go/1.25.7/x64/src/testing/testing.go:1934)"], "moduletrace": ["go.uber.org/fx.New (/home/runner/go/pkg/mod/go.uber.org/fx@v1.24.0/app.go:481)", "github.com/fil-forge/ingot/cmd.standaloneApp (/home/runner/work/ingot/ingot/cmd/serve.go:90)"], "type": "fx.Lifecycle"}
    logger.go:146: 2026-07-02T18:54:14.141Z	INFO	provided	{"constructor": "go.uber.org/fx.(*App).shutdowner-fm()", "stacktrace": ["go.uber.org/fx.New (/home/runner/go/pkg/mod/go.uber.org/fx@v1.24.0/app.go:481)", "github.com/fil-forge/ingot/cmd.standaloneApp (/home/runner/work/ingot/ingot/cmd/serve.go:90)", "github.com/fil-forge/ingot/cmd.TestStandaloneApp_GraphValidates (/home/runner/work/ingot/ingot/cmd/serve_test.go:23)", "testing.tRunner (/opt/hostedtoolcache/go/1.25.7/x64/src/testing/testing.go:1934)"], "moduletrace": ["go.uber.org/fx.New (/home/runner/go/pkg/mod/go.uber.org/fx@v1.24.0/app.go:481)", "github.com/fil-forge/ingot/cmd.standaloneApp (/home/runner/work/ingot/ingot/cmd/serve.go:90)"], "type": "fx.Shutdowner"}
    logger.go:146: 2026-07-02T18:54:14.141Z	INFO	provided	{"constructor": "go.uber.org/fx.(*App).dotGraph-fm()", "stacktrace": ["go.uber.org/fx.New (/home/runner/go/pkg/mod/go.uber.org/fx@v1.24.0/app.go:481)", "github.com/fil-forge/ingot/cmd.standaloneApp (/home/runner/work/ingot/ingot/cmd/serve.go:90)", "github.com/fil-forge/ingot/cmd.TestStandaloneApp_GraphValidates (/home/runner/work/ingot/ingot/cmd/serve_test.go:23)", "testing.tRunner (/opt/hostedtoolcache/go/1.25.7/x64/src/testing/testing.go:1934)"], "moduletrace": ["go.uber.org/fx.New (/home/runner/go/pkg/mod/go.uber.org/fx@v1.24.0/app.go:481)", "github.com/fil-forge/ingot/cmd.standaloneApp (/home/runner/work/ingot/ingot/cmd/serve.go:90)"], "type": "fx.DotGraph"}
    logger.go:146: 2026-07-02T18:54:14.141Z	INFO	supplied	{"type": "*zap.Logger", "stacktrace": ["github.com/fil-forge/ingot/cmd.standaloneApp (/home/runner/work/ingot/ingot/cmd/serve.go:92)", "github.com/fil-forge/ingot/cmd.TestStandaloneApp_GraphValidates (/home/runner/work/ingot/ingot/cmd/serve_test.go:23)", "testing.tRunner (/opt/hostedtoolcache/go/1.25.7/x64/src/testing/testing.go:1934)"], "moduletrace": ["github.com/fil-forge/ingot/cmd.standaloneApp (/home/runner/work/ingot/ingot/cmd/serve.go:92)", "github.com/fil-forge/ingot/cmd.standaloneApp (/home/runner/work/ingot/ingot/cmd/serve.go:90)"]}
    logger.go:146: 2026-07-02T18:54:14.141Z	INFO	supplied	{"type": "ingot.ServerConfig", "stacktrace": ["github.com/fil-forge/ingot/cmd.standaloneApp (/home/runner/work/ingot/ingot/cmd/serve.go:93)", "github.com/fil-forge/ingot/cmd.TestStandaloneApp_GraphValidates (/home/runner/work/ingot/ingot/cmd/serve_test.go:23)", "testing.tRunner (/opt/hostedtoolcache/go/1.25.7/x64/src/testing/testing.go:1934)"], "moduletrace": ["github.com/fil-forge/ingot/cmd.standaloneApp (/home/runner/work/ingot/ingot/cmd/serve.go:93)", "github.com/fil-forge/ingot/cmd.standaloneApp (/home/runner/work/ingot/ingot/cmd/serve.go:90)"]}
    logger.go:146: 2026-07-02T18:54:14.141Z	INFO	provided	{"constructor": "fx.Annotate(github.com/fil-forge/ingot/cmd.standaloneApp.func1(), fx.As([[registry.Registry]])", "stacktrace": ["github.com/fil-forge/ingot/cmd.standaloneApp (/home/runner/work/ingot/ingot/cmd/serve.go:94)", "github.com/fil-forge/ingot/cmd.TestStandaloneApp_GraphValidates (/home/runner/work/ingot/ingot/cmd/serve_test.go:23)", "testing.tRunner (/opt/hostedtoolcache/go/1.25.7/x64/src/testing/testing.go:1934)"], "moduletrace": ["github.com/fil-forge/ingot/cmd.standaloneApp (/home/runner/work/ingot/ingot/cmd/serve.go:94)", "github.com/fil-forge/ingot/cmd.standaloneApp (/home/runner/work/ingot/ingot/cmd/serve.go:90)"], "type": "registry.Registry"}
    logger.go:146: 2026-07-02T18:54:14.141Z	INFO	provided	{"constructor": "fx.Annotate(github.com/fil-forge/ingot/cmd.standaloneApp.func2(), fx.As([[registry.IntentStore]])", "stacktrace": ["github.com/fil-forge/ingot/cmd.standaloneApp (/home/runner/work/ingot/ingot/cmd/serve.go:94)", "github.com/fil-forge/ingot/cmd.TestStandaloneApp_GraphValidates (/home/runner/work/ingot/ingot/cmd/serve_test.go:23)", "testing.tRunner (/opt/hostedtoolcache/go/1.25.7/x64/src/testing/testing.go:1934)"], "moduletrace": ["github.com/fil-forge/ingot/cmd.standaloneApp (/home/runner/work/ingot/ingot/cmd/serve.go:94)", "github.com/fil-forge/ingot/cmd.standaloneApp (/home/runner/work/ingot/ingot/cmd/serve.go:90)"], "type": "registry.IntentStore"}
    logger.go:146: 2026-07-02T18:54:14.141Z	INFO	provided	{"constructor": "fx.Annotate(github.com/fil-forge/ingot/cmd.standaloneApp.func3(), fx.As([[registry.LocationStore]])", "stacktrace": ["github.com/fil-forge/ingot/cmd.standaloneApp (/home/runner/work/ingot/ingot/cmd/serve.go:94)", "github.com/fil-forge/ingot/cmd.TestStandaloneApp_GraphValidates (/home/runner/work/ingot/ingot/cmd/serve_test.go:23)", "testing.tRunner (/opt/hostedtoolcache/go/1.25.7/x64/src/testing/testing.go:1934)"], "moduletrace": ["github.com/fil-forge/ingot/cmd.standaloneApp (/home/runner/work/ingot/ingot/cmd/serve.go:94)", "github.com/fil-forge/ingot/cmd.standaloneApp (/home/runner/work/ingot/ingot/cmd/serve.go:90)"], "type": "registry.LocationStore"}
    logger.go:146: 2026-07-02T18:54:14.141Z	INFO	provided	{"constructor": "fx.Annotate(github.com/fil-forge/ingot/cmd.standaloneApp.func4(), fx.As([[registry.BlobRefStore]])", "stacktrace": ["github.com/fil-forge/ingot/cmd.standaloneApp (/home/runner/work/ingot/ingot/cmd/serve.go:94)", "github.com/fil-forge/ingot/cmd.TestStandaloneApp_GraphValidates (/home/runner/work/ingot/ingot/cmd/serve_test.go:23)", "testing.tRunner (/opt/hostedtoolcache/go/1.25.7/x64/src/testing/testing.go:1934)"], "moduletrace": ["github.com/fil-forge/ingot/cmd.standaloneApp (/home/runner/work/ingot/ingot/cmd/serve.go:94)", "github.com/fil-forge/ingot/cmd.standaloneApp (/home/runner/work/ingot/ingot/cmd/serve.go:90)"], "type": "registry.BlobRefStore"}
    logger.go:146: 2026-07-02T18:54:14.142Z	INFO	provided	{"constructor": "fx.Annotate(github.com/fil-forge/ingot/cmd.standaloneApp.func5(), fx.As([[registry.GCStore]])", "stacktrace": ["github.com/fil-forge/ingot/cmd.standaloneApp (/home/runner/work/ingot/ingot/cmd/serve.go:94)", "github.com/fil-forge/ingot/cmd.TestStandaloneApp_GraphValidates (/home/runner/work/ingot/ingot/cmd/serve_test.go:23)", "testing.tRunner (/opt/hostedtoolcache/go/1.25.7/x64/src/testing/testing.go:1934)"], "moduletrace": ["github.com/fil-forge/ingot/cmd.standaloneApp (/home/runner/work/ingot/ingot/cmd/serve.go:94)", "github.com/fil-forge/ingot/cmd.standaloneApp (/home/runner/work/ingot/ingot/cmd/serve.go:90)"], "type": "registry.GCStore"}
    logger.go:146: 2026-07-02T18:54:14.142Z	INFO	provided	{"constructor": "fx.Annotate(github.com/fil-forge/ingot/cmd.standaloneApp.func6(), fx.As([[registry.MultipartStore]])", "stacktrace": ["github.com/fil-forge/ingot/cmd.standaloneApp (/home/runner/work/ingot/ingot/cmd/serve.go:94)", "github.com/fil-forge/ingot/cmd.TestStandaloneApp_GraphValidates (/home/runner/work/ingot/ingot/cmd/serve_test.go:23)", "testing.tRunner (/opt/hostedtoolcache/go/1.25.7/x64/src/testing/testing.go:1934)"], "moduletrace": ["github.com/fil-forge/ingot/cmd.standaloneApp (/home/runner/work/ingot/ingot/cmd/serve.go:94)", "github.com/fil-forge/ingot/cmd.standaloneApp (/home/runner/work/ingot/ingot/cmd/serve.go:90)"], "type": "registry.MultipartStore"}
    logger.go:146: 2026-07-02T18:54:14.142Z	INFO	provided	{"constructor": "fx.Annotate(github.com/fil-forge/ingot/cmd.standaloneApp.func7(), fx.As([[logstore.Meta]])", "stacktrace": ["github.com/fil-forge/ingot/cmd.standaloneApp (/home/runner/work/ingot/ingot/cmd/serve.go:94)", "github.com/fil-forge/ingot/cmd.TestStandaloneApp_GraphValidates (/home/runner/work/ingot/ingot/cmd/serve_test.go:23)", "testing.tRunner (/opt/hostedtoolcache/go/1.25.7/x64/src/testing/testing.go:1934)"], "moduletrace": ["github.com/fil-forge/ingot/cmd.standaloneApp (/home/runner/work/ingot/ingot/cmd/serve.go:94)", "github.com/fil-forge/ingot/cmd.standaloneApp (/home/runner/work/ingot/ingot/cmd/serve.go:90)"], "type": "logstore.Meta"}
    logger.go:146: 2026-07-02T18:54:14.142Z	INFO	provided	{"constructor": "fx.Annotate(github.com/fil-forge/ingot/cmd.standaloneApp.func8(), fx.As([[blockstore.BlockReader]])", "stacktrace": ["github.com/fil-forge/ingot/cmd.standaloneApp (/home/runner/work/ingot/ingot/cmd/serve.go:94)", "github.com/fil-forge/ingot/cmd.TestStandaloneApp_GraphValidates (/home/runner/work/ingot/ingot/cmd/serve_test.go:23)", "testing.tRunner (/opt/hostedtoolcache/go/1.25.7/x64/src/testing/testing.go:1934)"], "moduletrace": ["github.com/fil-forge/ingot/cmd.standaloneApp (/home/runner/work/ingot/ingot/cmd/serve.go:94)", "github.com/fil-forge/ingot/cmd.standaloneApp (/home/runner/work/ingot/ingot/cmd/serve.go:90)"], "type": "blockstore.BlockReader"}
    logger.go:146: 2026-07-02T18:54:14.142Z	INFO	provided	{"constructor": "fx.Annotate(github.com/fil-forge/ingot/cmd.standaloneApp.func9(), fx.As([[uploader.Uploader]])", "stacktrace": ["github.com/fil-forge/ingot/cmd.standaloneApp (/home/runner/work/ingot/ingot/cmd/serve.go:94)", "github.com/fil-forge/ingot/cmd.TestStandaloneApp_GraphValidates (/home/runner/work/ingot/ingot/cmd/serve_test.go:23)", "testing.tRunner (/opt/hostedtoolcache/go/1.25.7/x64/src/testing/testing.go:1934)"], "moduletrace": ["github.com/fil-forge/ingot/cmd.standaloneApp (/home/runner/work/ingot/ingot/cmd/serve.go:94)", "github.com/fil-forge/ingot/cmd.standaloneApp (/home/runner/work/ingot/ingot/cmd/serve.go:90)"], "type": "uploader.Uploader"}
    logger.go:146: 2026-07-02T18:54:14.142Z	INFO	provided	{"constructor": "fx.Annotate(github.com/fil-forge/ingot/cmd.standaloneApp.func10(), fx.As([[uploader.BodyUploader]])", "stacktrace": ["github.com/fil-forge/ingot/cmd.standaloneApp (/home/runner/work/ingot/ingot/cmd/serve.go:94)", "github.com/fil-forge/ingot/cmd.TestStandaloneApp_GraphValidates (/home/runner/work/ingot/ingot/cmd/serve_test.go:23)", "testing.tRunner (/opt/hostedtoolcache/go/1.25.7/x64/src/testing/testing.go:1934)"], "moduletrace": ["github.com/fil-forge/ingot/cmd.standaloneApp (/home/runner/work/ingot/ingot/cmd/serve.go:94)", "github.com/fil-forge/ingot/cmd.standaloneApp (/home/runner/work/ingot/ingot/cmd/serve.go:90)"], "type": "uploader.BodyUploader"}
    logger.go:146: 2026-07-02T18:54:14.142Z	INFO	provided	{"constructor": "fx.Annotate(github.com/fil-forge/ingot/cmd.standaloneApp.func11(), fx.As([[uploader.BlobRemover]])", "stacktrace": ["github.com/fil-forge/ingot/cmd.standaloneApp (/home/runner/work/ingot/ingot/cmd/serve.go:94)", "github.com/fil-forge/ingot/cmd.TestStandaloneApp_GraphValidates (/home/runner/work/ingot/ingot/cmd/serve_test.go:23)", "testing.tRunner (/opt/hostedtoolcache/go/1.25.7/x64/src/testing/testing.go:1934)"], "moduletrace": ["github.com/fil-forge/ingot/cmd.standaloneApp (/home/runner/work/ingot/ingot/cmd/serve.go:94)", "github.com/fil-forge/ingot/cmd.standaloneApp (/home/runner/work/ingot/ingot/cmd/serve.go:90)"], "type": "uploader.BlobRemover"}
    logger.go:146: 2026-07-02T18:54:14.142Z	INFO	initialized custom fxevent.Logger	{"function": "github.com/fil-forge/ingot/cmd.fxLogger.func1()"}
    logger.go:146: 2026-07-02T18:54:14.142Z	INFO	invoking	{"function": "github.com/fil-forge/ingot.registerServerLifecycle()", "module": "ingot-server"}
    logger.go:146: 2026-07-02T18:54:14.143Z	INFO	before run	{"name": "go.uber.org/fx.New.func1()", "kind": "provide"}
    logger.go:146: 2026-07-02T18:54:14.143Z	INFO	run	{"name": "go.uber.org/fx.New.func1()", "kind": "provide", "runtime": "23.033µs"}
    logger.go:146: 2026-07-02T18:54:14.143Z	INFO	before run	{"name": "stub(ingot.ServerConfig)", "kind": "supply"}
    logger.go:146: 2026-07-02T18:54:14.143Z	INFO	run	{"name": "stub(ingot.ServerConfig)", "kind": "supply", "runtime": "14.006µs"}
    logger.go:146: 2026-07-02T18:54:14.143Z	INFO	before run	{"name": "stub(*zap.Logger)", "kind": "supply"}
    logger.go:146: 2026-07-02T18:54:14.143Z	INFO	run	{"name": "stub(*zap.Logger)", "kind": "supply", "runtime": "16.5µs"}
    logger.go:146: 2026-07-02T18:54:14.143Z	INFO	before run	{"name": "fx.Annotate(github.com/fil-forge/ingot/cmd.standaloneApp.func8(), fx.As([[blockstore.BlockReader]])", "kind": "provide"}
    logger.go:146: 2026-07-02T18:54:14.143Z	INFO	run	{"name": "fx.Annotate(github.com/fil-forge/ingot/cmd.standaloneApp.func8(), fx.As([[blockstore.BlockReader]])", "kind": "provide", "runtime": "126.506µs"}
    logger.go:146: 2026-07-02T18:54:14.143Z	INFO	before run	{"name": "fx.Annotate(github.com/fil-forge/ingot/cmd.standaloneApp.func9(), fx.As([[uploader.Uploader]])", "kind": "provide"}
    logger.go:146: 2026-07-02T18:54:14.143Z	INFO	run	{"name": "fx.Annotate(github.com/fil-forge/ingot/cmd.standaloneApp.func9(), fx.As([[uploader.Uploader]])", "kind": "provide", "runtime": "52.608µs"}
    logger.go:146: 2026-07-02T18:54:14.144Z	INFO	before run	{"name": "fx.Annotate(github.com/fil-forge/ingot/cmd.standaloneApp.func10(), fx.As([[uploader.BodyUploader]])", "kind": "provide"}
    logger.go:146: 2026-07-02T18:54:14.144Z	INFO	run	{"name": "fx.Annotate(github.com/fil-forge/ingot/cmd.standaloneApp.func10(), fx.As([[uploader.BodyUploader]])", "kind": "provide", "runtime": "35.496µs"}
    logger.go:146: 2026-07-02T18:54:14.144Z	INFO	before run	{"name": "fx.Annotate(github.com/fil-forge/ingot/cmd.standaloneApp.func11(), fx.As([[uploader.BlobRemover]])", "kind": "provide"}
    logger.go:146: 2026-07-02T18:54:14.144Z	INFO	run	{"name": "fx.Annotate(github.com/fil-forge/ingot/cmd.standaloneApp.func11(), fx.As([[uploader.BlobRemover]])", "kind": "provide", "runtime": "31.328µs"}
    logger.go:146: 2026-07-02T18:54:14.144Z	INFO	before run	{"name": "fx.Annotate(github.com/fil-forge/ingot/cmd.standaloneApp.func1(), fx.As([[registry.Registry]])", "kind": "provide"}
    logger.go:146: 2026-07-02T18:54:14.144Z	INFO	run	{"name": "fx.Annotate(github.com/fil-forge/ingot/cmd.standaloneApp.func1(), fx.As([[registry.Registry]])", "kind": "provide", "runtime": "54.371µs"}
    logger.go:146: 2026-07-02T18:54:14.144Z	INFO	before run	{"name": "fx.Annotate(github.com/fil-forge/ingot/cmd.standaloneApp.func2(), fx.As([[registry.IntentStore]])", "kind": "provide"}
    logger.go:146: 2026-07-02T18:54:14.144Z	INFO	run	{"name": "fx.Annotate(github.com/fil-forge/ingot/cmd.standaloneApp.func2(), fx.As([[registry.IntentStore]])", "kind": "provide", "runtime": "65.532µs"}
    logger.go:146: 2026-07-02T18:54:14.144Z	INFO	before run	{"name": "fx.Annotate(github.com/fil-forge/ingot/cmd.standaloneApp.func3(), fx.As([[registry.LocationStore]])", "kind": "provide"}
    logger.go:146: 2026-07-02T18:54:14.144Z	INFO	run	{"name": "fx.Annotate(github.com/fil-forge/ingot/cmd.standaloneApp.func3(), fx.As([[registry.LocationStore]])", "kind": "provide", "runtime": "48.18µs"}
    logger.go:146: 2026-07-02T18:54:14.144Z	INFO	before run	{"name": "fx.Annotate(github.com/fil-forge/ingot/cmd.standaloneApp.func4(), fx.As([[registry.BlobRefStore]])", "kind": "provide"}
    logger.go:146: 2026-07-02T18:54:14.145Z	INFO	run	{"name": "fx.Annotate(github.com/fil-forge/ingot/cmd.standaloneApp.func4(), fx.As([[registry.BlobRefStore]])", "kind": "provide", "runtime": "35.216µs"}
    logger.go:146: 2026-07-02T18:54:14.145Z	INFO	before run	{"name": "fx.Annotate(github.com/fil-forge/ingot/cmd.standaloneApp.func5(), fx.As([[registry.GCStore]])", "kind": "provide"}
    logger.go:146: 2026-07-02T18:54:14.145Z	INFO	run	{"name": "fx.Annotate(github.com/fil-forge/ingot/cmd.standaloneApp.func5(), fx.As([[registry.GCStore]])", "kind": "provide", "runtime": "34.504µs"}
    logger.go:146: 2026-07-02T18:54:14.145Z	INFO	before run	{"name": "fx.Annotate(github.com/fil-forge/ingot/cmd.standaloneApp.func6(), fx.As([[registry.MultipartStore]])", "kind": "provide"}
    logger.go:146: 2026-07-02T18:54:14.145Z	INFO	run	{"name": "fx.Annotate(github.com/fil-forge/ingot/cmd.standaloneApp.func6(), fx.As([[registry.MultipartStore]])", "kind": "provide", "runtime": "47.028µs"}
    logger.go:146: 2026-07-02T18:54:14.145Z	INFO	before run	{"name": "fx.Annotate(github.com/fil-forge/ingot/cmd.standaloneApp.func7(), fx.As([[logstore.Meta]])", "kind": "provide"}
    logger.go:146: 2026-07-02T18:54:14.145Z	INFO	run	{"name": "fx.Annotate(github.com/fil-forge/ingot/cmd.standaloneApp.func7(), fx.As([[logstore.Meta]])", "kind": "provide", "runtime": "40.356µs"}
--- PASS: TestStandaloneApp_GraphValidates (0.01s)
=== RUN   TestPickAccount
=== RUN   TestPickAccount/no_flag,_zero_accounts_->_error
=== RUN   TestPickAccount/no_flag,_one_account_->_that_account
=== RUN   TestPickAccount/no_flag,_many_accounts_->_error
=== RUN   TestPickAccount/explicit_flag_in_the_set_->_that_account
=== RUN   TestPickAccount/explicit_flag_(did:mailto)_in_the_set_->_that_account
=== RUN   TestPickAccount/explicit_flag_not_in_the_set_->_error
=== RUN   TestPickAccount/explicit_garbage_flag_->_error
--- PASS: TestPickAccount (0.00s)
    --- PASS: TestPickAccount/no_flag,_zero_accounts_->_error (0.00s)
    --- PASS: TestPickAccount/no_flag,_one_account_->_that_account (0.00s)
    --- PASS: TestPickAccount/no_flag,_many_accounts_->_error (0.00s)
    --- PASS: TestPickAccount/explicit_flag_in_the_set_->_that_account (0.00s)
    --- PASS: TestPickAccount/explicit_flag_(did:mailto)_in_the_set_->_that_account (0.00s)
    --- PASS: TestPickAccount/explicit_flag_not_in_the_set_->_error (0.00s)
    --- PASS: TestPickAccount/explicit_garbage_flag_->_error (0.00s)
PASS
ok  	github.com/fil-forge/ingot/cmd	1.074s
?   	github.com/fil-forge/ingot/cmd/ingot	[no test files]
-test.shuffle 1783018454085909383
=== RUN   TestUnwrapInputValidation
=== RUN   TestUnwrapInputValidation/bad_KEK
=== RUN   TestUnwrapInputValidation/wrapped_too_short
=== RUN   TestUnwrapInputValidation/wrapped_not_block-aligned
--- PASS: TestUnwrapInputValidation (0.00s)
    --- PASS: TestUnwrapInputValidation/bad_KEK (0.00s)
    --- PASS: TestUnwrapInputValidation/wrapped_too_short (0.00s)
    --- PASS: TestUnwrapInputValidation/wrapped_not_block-aligned (0.00s)
=== RUN   TestInputsNotMutated
--- PASS: TestInputsNotMutated (0.00s)
=== RUN   TestUnwrapTampered
--- PASS: TestUnwrapTampered (0.00s)
=== RUN   TestRoundTrip256
--- PASS: TestRoundTrip256 (0.00s)
=== RUN   TestWrapInputValidation
=== RUN   TestWrapInputValidation/short_KEK
=== RUN   TestWrapInputValidation/odd_KEK
=== RUN   TestWrapInputValidation/key_data_too_short
=== RUN   TestWrapInputValidation/key_data_not_block-aligned
=== RUN   TestWrapInputValidation/empty_key_data
--- PASS: TestWrapInputValidation (0.00s)
    --- PASS: TestWrapInputValidation/short_KEK (0.00s)
    --- PASS: TestWrapInputValidation/odd_KEK (0.00s)
    --- PASS: TestWrapInputValidation/key_data_too_short (0.00s)
    --- PASS: TestWrapInputValidation/key_data_not_block-aligned (0.00s)
    --- PASS: TestWrapInputValidation/empty_key_data (0.00s)
=== RUN   TestUnwrapWrongKEK
--- PASS: TestUnwrapWrongKEK (0.00s)
=== RUN   TestRFC3394Vectors
=== RUN   TestRFC3394Vectors/4.1_wrap_128-bit_data_with_128-bit_KEK
=== RUN   TestRFC3394Vectors/4.2_wrap_128-bit_data_with_192-bit_KEK
=== RUN   TestRFC3394Vectors/4.3_wrap_128-bit_data_with_256-bit_KEK
=== RUN   TestRFC3394Vectors/4.4_wrap_192-bit_data_with_192-bit_KEK
=== RUN   TestRFC3394Vectors/4.5_wrap_192-bit_data_with_256-bit_KEK
=== RUN   TestRFC3394Vectors/4.6_wrap_256-bit_data_with_256-bit_KEK
--- PASS: TestRFC3394Vectors (0.00s)
    --- PASS: TestRFC3394Vectors/4.1_wrap_128-bit_data_with_128-bit_KEK (0.00s)
    --- PASS: TestRFC3394Vectors/4.2_wrap_128-bit_data_with_192-bit_KEK (0.00s)
    --- PASS: TestRFC3394Vectors/4.3_wrap_128-bit_data_with_256-bit_KEK (0.00s)
    --- PASS: TestRFC3394Vectors/4.4_wrap_192-bit_data_with_192-bit_KEK (0.00s)
    --- PASS: TestRFC3394Vectors/4.5_wrap_192-bit_data_with_256-bit_KEK (0.00s)
    --- PASS: TestRFC3394Vectors/4.6_wrap_256-bit_data_with_256-bit_KEK (0.00s)
PASS
ok  	github.com/fil-forge/ingot/fee/aeskw	1.018s
-test.shuffle 1783018454090957664
=== RUN   TestWriteErrorPropagates
--- PASS: TestWriteErrorPropagates (0.00s)
=== RUN   TestChunkSizeAccessorAndDefault
--- PASS: TestChunkSizeAccessorAndDefault (0.00s)
=== RUN   TestReaderSteadyStateAllocs
--- PASS: TestReaderSteadyStateAllocs (0.00s)
=== RUN   TestWriterChunkCountGuard
--- PASS: TestWriterChunkCountGuard (0.00s)
=== RUN   TestDeterministic
--- PASS: TestDeterministic (0.00s)
=== RUN   TestBoundedMemory
--- PASS: TestBoundedMemory (4.84s)
=== RUN   TestWriteAfterCloseFails
--- PASS: TestWriteAfterCloseFails (0.00s)
=== RUN   TestReadErrorPropagates
--- PASS: TestReadErrorPropagates (0.00s)
=== RUN   TestRoundTrip
=== RUN   TestRoundTrip/min_chunk_size
=== RUN   TestRoundTrip/default_chunk_size
--- PASS: TestRoundTrip (0.11s)
    --- PASS: TestRoundTrip/min_chunk_size (0.00s)
    --- PASS: TestRoundTrip/default_chunk_size (0.11s)
=== RUN   TestAADIsCopiedOnConstruction
--- PASS: TestAADIsCopiedOnConstruction (0.00s)
=== RUN   TestWriteAllShortWriteGuard
--- PASS: TestWriteAllShortWriteGuard (0.00s)
=== RUN   TestWriterSteadyStateAllocs
--- PASS: TestWriterSteadyStateAllocs (0.02s)
=== RUN   TestStreamingOddBoundaries
--- PASS: TestStreamingOddBoundaries (0.19s)
=== RUN   TestNewBaseNonce
--- PASS: TestNewBaseNonce (0.00s)
=== RUN   TestStreamNonceLayout
--- PASS: TestStreamNonceLayout (0.00s)
=== RUN   TestConfigValidation
=== RUN   TestConfigValidation/short_key
=== RUN   TestConfigValidation/long_key
=== RUN   TestConfigValidation/short_nonce
=== RUN   TestConfigValidation/long_nonce
=== RUN   TestConfigValidation/chunk_too_small
=== RUN   TestConfigValidation/chunk_too_large
--- PASS: TestConfigValidation (0.00s)
    --- PASS: TestConfigValidation/short_key (0.00s)
    --- PASS: TestConfigValidation/long_key (0.00s)
    --- PASS: TestConfigValidation/short_nonce (0.00s)
    --- PASS: TestConfigValidation/long_nonce (0.00s)
    --- PASS: TestConfigValidation/chunk_too_small (0.00s)
    --- PASS: TestConfigValidation/chunk_too_large (0.00s)
=== RUN   TestReaderChunkCountGuard
--- PASS: TestReaderChunkCountGuard (0.00s)
=== RUN   TestEncryptedSize
--- PASS: TestEncryptedSize (0.00s)
=== RUN   TestNilAADRoundTrips
--- PASS: TestNilAADRoundTrips (0.00s)
=== RUN   TestDecryptFailures
=== RUN   TestDecryptFailures/drop_final_chunk
=== RUN   TestDecryptFailures/cut_final_chunk_tag
=== RUN   TestDecryptFailures/cut_mid_non-final_chunk
=== RUN   TestDecryptFailures/empty_ciphertext
=== RUN   TestDecryptFailures/single_byte
=== RUN   TestDecryptFailures/swapped_chunks
=== RUN   TestDecryptFailures/flip_first_chunk_body
=== RUN   TestDecryptFailures/flip_first_chunk_tag
=== RUN   TestDecryptFailures/flip_second_chunk
=== RUN   TestDecryptFailures/flip_final_chunk
=== RUN   TestDecryptFailures/trailing_after_full-size_final_chunk
=== RUN   TestDecryptFailures/trailing_after_short_final_chunk
=== RUN   TestDecryptFailures/wrong_key
=== RUN   TestDecryptFailures/wrong_base_nonce
=== RUN   TestDecryptFailures/wrong_AAD
--- PASS: TestDecryptFailures (0.00s)
    --- PASS: TestDecryptFailures/drop_final_chunk (0.00s)
    --- PASS: TestDecryptFailures/cut_final_chunk_tag (0.00s)
    --- PASS: TestDecryptFailures/cut_mid_non-final_chunk (0.00s)
    --- PASS: TestDecryptFailures/empty_ciphertext (0.00s)
    --- PASS: TestDecryptFailures/single_byte (0.00s)
    --- PASS: TestDecryptFailures/swapped_chunks (0.00s)
    --- PASS: TestDecryptFailures/flip_first_chunk_body (0.00s)
    --- PASS: TestDecryptFailures/flip_first_chunk_tag (0.00s)
    --- PASS: TestDecryptFailures/flip_second_chunk (0.00s)
    --- PASS: TestDecryptFailures/flip_final_chunk (0.00s)
    --- PASS: TestDecryptFailures/trailing_after_full-size_final_chunk (0.00s)
    --- PASS: TestDecryptFailures/trailing_after_short_final_chunk (0.00s)
    --- PASS: TestDecryptFailures/wrong_key (0.00s)
    --- PASS: TestDecryptFailures/wrong_base_nonce (0.00s)
    --- PASS: TestDecryptFailures/wrong_AAD (0.00s)
PASS
ok  	github.com/fil-forge/ingot/fee/aesstream	6.192s
-test.shuffle 1783018454505822173
=== RUN   TestEncodeRejectsInvalidLabel
--- PASS: TestEncodeRejectsInvalidLabel (0.00s)
=== RUN   TestEncode
=== RUN   TestEncode/deterministic
=== RUN   TestEncode/requires_recipient
=== RUN   TestEncode/empty_protected_header
--- PASS: TestEncode (0.00s)
    --- PASS: TestEncode/deterministic (0.00s)
    --- PASS: TestEncode/requires_recipient (0.00s)
    --- PASS: TestEncode/empty_protected_header (0.00s)
=== RUN   TestHeader
=== RUN   TestHeader/accessors
=== RUN   TestHeader/label_normalization
=== RUN   TestHeader/int_uint_boundaries
=== RUN   TestHeader/integer_width_normalization
--- PASS: TestHeader (0.00s)
    --- PASS: TestHeader/accessors (0.00s)
    --- PASS: TestHeader/label_normalization (0.00s)
    --- PASS: TestHeader/int_uint_boundaries (0.00s)
    --- PASS: TestHeader/integer_width_normalization (0.00s)
=== RUN   TestRoundTrip
=== RUN   TestRoundTrip/preserves_all_fields
=== RUN   TestRoundTrip/multi_recipient
=== RUN   TestRoundTrip/detached_payload
=== RUN   TestRoundTrip/large_unsigned_value
--- PASS: TestRoundTrip (0.00s)
    --- PASS: TestRoundTrip/preserves_all_fields (0.00s)
    --- PASS: TestRoundTrip/multi_recipient (0.00s)
    --- PASS: TestRoundTrip/detached_payload (0.00s)
    --- PASS: TestRoundTrip/large_unsigned_value (0.00s)
=== RUN   TestEncStructure
=== RUN   TestEncStructure/binds_protected_not_unprotected
=== RUN   TestEncStructure/stable_across_round_trip
--- PASS: TestEncStructure (0.00s)
    --- PASS: TestEncStructure/binds_protected_not_unprotected (0.00s)
    --- PASS: TestEncStructure/stable_across_round_trip (0.00s)
=== RUN   TestHeaderSetPanics
=== RUN   TestHeaderSetPanics/overflow_label
=== RUN   TestHeaderSetPanics/invalid_label
--- PASS: TestHeaderSetPanics (0.00s)
    --- PASS: TestHeaderSetPanics/overflow_label (0.00s)
    --- PASS: TestHeaderSetPanics/invalid_label (0.00s)
=== RUN   TestVectors
=== RUN   TestVectors/encode_minimal
=== RUN   TestVectors/decode_minimal
=== RUN   TestVectors/decode_rich
=== RUN   TestVectors/enc_structure_empty_protected
--- PASS: TestVectors (0.00s)
    --- PASS: TestVectors/encode_minimal (0.00s)
    --- PASS: TestVectors/decode_minimal (0.00s)
    --- PASS: TestVectors/decode_rich (0.00s)
    --- PASS: TestVectors/enc_structure_empty_protected (0.00s)
=== RUN   TestDecodeMalformed
=== RUN   TestDecodeMalformed/empty_input
=== RUN   TestDecodeMalformed/truncated_array
=== RUN   TestDecodeMalformed/truncated_mid-item
=== RUN   TestDecodeMalformed/not_a_tag_(bare_array)
=== RUN   TestDecodeMalformed/bare_integer,_not_a_tag
=== RUN   TestDecodeMalformed/wrong_tag_(16,_Encrypt0)
=== RUN   TestDecodeMalformed/array_too_short_(3_elems)
=== RUN   TestDecodeMalformed/array_too_long_(5_elems)
=== RUN   TestDecodeMalformed/protected_not_a_byte_string
=== RUN   TestDecodeMalformed/protected_content_not_a_map
=== RUN   TestDecodeMalformed/unprotected_not_a_map
=== RUN   TestDecodeMalformed/body_ciphertext_not_null
=== RUN   TestDecodeMalformed/recipients_not_an_array
=== RUN   TestDecodeMalformed/recipients_empty
=== RUN   TestDecodeMalformed/recipient_not_an_array
=== RUN   TestDecodeMalformed/recipient_array_too_short_(2)
=== RUN   TestDecodeMalformed/recipient_nested_(4_elems)
=== RUN   TestDecodeMalformed/recipient_ciphertext_wrong_type
=== RUN   TestDecodeMalformed/duplicate_protected_label
=== RUN   TestDecodeMalformed/duplicate_unprotected_label
--- PASS: TestDecodeMalformed (0.00s)
    --- PASS: TestDecodeMalformed/empty_input (0.00s)
    --- PASS: TestDecodeMalformed/truncated_array (0.00s)
    --- PASS: TestDecodeMalformed/truncated_mid-item (0.00s)
    --- PASS: TestDecodeMalformed/not_a_tag_(bare_array) (0.00s)
    --- PASS: TestDecodeMalformed/bare_integer,_not_a_tag (0.00s)
    --- PASS: TestDecodeMalformed/wrong_tag_(16,_Encrypt0) (0.00s)
    --- PASS: TestDecodeMalformed/array_too_short_(3_elems) (0.00s)
    --- PASS: TestDecodeMalformed/array_too_long_(5_elems) (0.00s)
    --- PASS: TestDecodeMalformed/protected_not_a_byte_string (0.00s)
    --- PASS: TestDecodeMalformed/protected_content_not_a_map (0.00s)
    --- PASS: TestDecodeMalformed/unprotected_not_a_map (0.00s)
    --- PASS: TestDecodeMalformed/body_ciphertext_not_null (0.00s)
    --- PASS: TestDecodeMalformed/recipients_not_an_array (0.00s)
    --- PASS: TestDecodeMalformed/recipients_empty (0.00s)
    --- PASS: TestDecodeMalformed/recipient_not_an_array (0.00s)
    --- PASS: TestDecodeMalformed/recipient_array_too_short_(2) (0.00s)
    --- PASS: TestDecodeMalformed/recipient_nested_(4_elems) (0.00s)
    --- PASS: TestDecodeMalformed/recipient_ciphertext_wrong_type (0.00s)
    --- PASS: TestDecodeMalformed/duplicate_protected_label (0.00s)
    --- PASS: TestDecodeMalformed/duplicate_unprotected_label (0.00s)
=== RUN   TestDecodeExpectedType
=== RUN   TestDecodeExpectedType/matching_type
=== RUN   TestDecodeExpectedType/wrong_type
=== RUN   TestDecodeExpectedType/missing_type
=== RUN   TestDecodeExpectedType/type_present_but_not_a_string
=== RUN   TestDecodeExpectedType/no_check_when_option_omitted
--- PASS: TestDecodeExpectedType (0.00s)
    --- PASS: TestDecodeExpectedType/matching_type (0.00s)
    --- PASS: TestDecodeExpectedType/wrong_type (0.00s)
    --- PASS: TestDecodeExpectedType/missing_type (0.00s)
    --- PASS: TestDecodeExpectedType/type_present_but_not_a_string (0.00s)
    --- PASS: TestDecodeExpectedType/no_check_when_option_omitted (0.00s)
=== RUN   Example
--- PASS: Example (0.00s)
PASS
ok  	github.com/fil-forge/ingot/fee/cose	1.029s
-test.shuffle 1783018455556095894
=== RUN   TestKDFContextCanonical
--- PASS: TestKDFContextCanonical (0.00s)
=== RUN   TestConcatKDFContextSensitivity
--- PASS: TestConcatKDFContextSensitivity (0.00s)
=== RUN   TestWrapUnwrapRoundTrip
--- PASS: TestWrapUnwrapRoundTrip (0.01s)
=== RUN   TestUnwrapInputValidation
=== RUN   TestUnwrapInputValidation/nil_private_key
=== RUN   TestUnwrapInputValidation/nil_wrapped
=== RUN   TestUnwrapInputValidation/nil_ephemeral_key
=== RUN   TestUnwrapInputValidation/ephemeral_wrong_curve
--- PASS: TestUnwrapInputValidation (0.00s)
    --- PASS: TestUnwrapInputValidation/nil_private_key (0.00s)
    --- PASS: TestUnwrapInputValidation/nil_wrapped (0.00s)
    --- PASS: TestUnwrapInputValidation/nil_ephemeral_key (0.00s)
    --- PASS: TestUnwrapInputValidation/ephemeral_wrong_curve (0.00s)
=== RUN   TestWrapInputValidation
=== RUN   TestWrapInputValidation/nil_public_key
=== RUN   TestWrapInputValidation/wrong_curve
=== RUN   TestWrapInputValidation/cek_too_short
=== RUN   TestWrapInputValidation/cek_not_block-aligned
=== RUN   TestWrapInputValidation/nil_cek
--- PASS: TestWrapInputValidation (0.00s)
    --- PASS: TestWrapInputValidation/nil_public_key (0.00s)
    --- PASS: TestWrapInputValidation/wrong_curve (0.00s)
    --- PASS: TestWrapInputValidation/cek_too_short (0.00s)
    --- PASS: TestWrapInputValidation/cek_not_block-aligned (0.00s)
    --- PASS: TestWrapInputValidation/nil_cek (0.00s)
=== RUN   TestUnwrapWrongPrivateKey
--- PASS: TestUnwrapWrongPrivateKey (0.00s)
=== RUN   TestConcatKDFSingleBlock
--- PASS: TestConcatKDFSingleBlock (0.00s)
=== RUN   TestUnwrapTamperedEphemeral
--- PASS: TestUnwrapTamperedEphemeral (0.00s)
=== RUN   TestUnwrapTamperedCEK
--- PASS: TestUnwrapTamperedCEK (0.04s)
=== RUN   TestCBORIntEncoding
--- PASS: TestCBORIntEncoding (0.00s)
=== RUN   TestWrapFreshEphemeralPerCall
--- PASS: TestWrapFreshEphemeralPerCall (0.00s)
=== RUN   TestUnwrapLowOrderEphemeral
--- PASS: TestUnwrapLowOrderEphemeral (0.00s)
=== RUN   TestConcatKDFMultiBlock
--- PASS: TestConcatKDFMultiBlock (0.00s)
=== RUN   TestKnownAnswerVector
--- PASS: TestKnownAnswerVector (0.00s)
=== RUN   TestKDFContextProtected
--- PASS: TestKDFContextProtected (0.00s)
=== RUN   TestCBORHeadEncoding
=== RUN   TestCBORHeadEncoding/uint_tiny
=== RUN   TestCBORHeadEncoding/uint_max_inline
=== RUN   TestCBORHeadEncoding/uint_1-byte
=== RUN   TestCBORHeadEncoding/uint_1-byte_max
=== RUN   TestCBORHeadEncoding/uint_2-byte
=== RUN   TestCBORHeadEncoding/uint_2-byte_max
=== RUN   TestCBORHeadEncoding/uint_4-byte
=== RUN   TestCBORHeadEncoding/uint_4-byte_max
=== RUN   TestCBORHeadEncoding/uint_8-byte
=== RUN   TestCBORHeadEncoding/array(4)
=== RUN   TestCBORHeadEncoding/empty_bstr
=== RUN   TestCBORHeadEncoding/4-byte_bstr
--- PASS: TestCBORHeadEncoding (0.00s)
    --- PASS: TestCBORHeadEncoding/uint_tiny (0.00s)
    --- PASS: TestCBORHeadEncoding/uint_max_inline (0.00s)
    --- PASS: TestCBORHeadEncoding/uint_1-byte (0.00s)
    --- PASS: TestCBORHeadEncoding/uint_1-byte_max (0.00s)
    --- PASS: TestCBORHeadEncoding/uint_2-byte (0.00s)
    --- PASS: TestCBORHeadEncoding/uint_2-byte_max (0.00s)
    --- PASS: TestCBORHeadEncoding/uint_4-byte (0.00s)
    --- PASS: TestCBORHeadEncoding/uint_4-byte_max (0.00s)
    --- PASS: TestCBORHeadEncoding/uint_8-byte (0.00s)
    --- PASS: TestCBORHeadEncoding/array(4) (0.00s)
    --- PASS: TestCBORHeadEncoding/empty_bstr (0.00s)
    --- PASS: TestCBORHeadEncoding/4-byte_bstr (0.00s)
PASS
ok  	github.com/fil-forge/ingot/fee/ecdhkw	1.084s
-test.shuffle 1783018455708793781
=== RUN   TestAccounts
=== RUN   TestAccounts/empty_store_returns_no_accounts
=== RUN   TestAccounts/non-mailto_issuer_is_filtered_out
=== RUN   TestAccounts/returns_distinct_mailto_accounts,_sorted
--- PASS: TestAccounts (0.01s)
    --- PASS: TestAccounts/empty_store_returns_no_accounts (0.00s)
    --- PASS: TestAccounts/non-mailto_issuer_is_filtered_out (0.00s)
    --- PASS: TestAccounts/returns_distinct_mailto_accounts,_sorted (0.00s)
PASS
ok  	github.com/fil-forge/ingot/forgeclient	1.041s
?   	github.com/fil-forge/ingot/gen	[no test files]
-test.shuffle 1783018456454161546
=== RUN   TestParts_OrderedAndCascade
--- PASS: TestParts_OrderedAndCascade (0.00s)
=== RUN   TestIntents_StateMachine
--- PASS: TestIntents_StateMachine (0.00s)
=== RUN   TestMarkSegmentShipped_GuardsForgeRootOnRoot
--- PASS: TestMarkSegmentShipped_GuardsForgeRootOnRoot (0.00s)
=== RUN   TestMultipartLatch_SingleWinner_Concurrent
--- PASS: TestMultipartLatch_SingleWinner_Concurrent (0.00s)
=== RUN   TestMultipartLatch_SingleWinner_Sequential
--- PASS: TestMultipartLatch_SingleWinner_Sequential (0.00s)
=== RUN   TestLocations_RoundTrip
--- PASS: TestLocations_RoundTrip (0.00s)
=== RUN   TestBlobRefs_CountToZero
--- PASS: TestBlobRefs_CountToZero (0.00s)
PASS
ok  	github.com/fil-forge/ingot/inmem	1.031s
?   	github.com/fil-forge/ingot/internal/build	[no test files]
?   	github.com/fil-forge/ingot/internal/ucanexec	[no test files]
-test.shuffle 1783018457520307022
=== RUN   TestAppendBatchDedupesAcrossOps
--- PASS: TestAppendBatchDedupesAcrossOps (0.01s)
=== RUN   TestSealByAge
--- PASS: TestSealByAge (0.10s)
=== RUN   TestRetentionDropsOldFlushed
--- PASS: TestRetentionDropsOldFlushed (0.00s)
=== RUN   TestAppendBatchAllDuplicatesStillRecordsOpRoot
--- PASS: TestAppendBatchAllDuplicatesStillRecordsOpRoot (0.00s)
=== RUN   TestSealBySize
--- PASS: TestSealBySize (0.01s)
=== RUN   TestAppendBatchEmptyBlocksAccepted
--- PASS: TestAppendBatchEmptyBlocksAccepted (0.00s)
=== RUN   TestGetMissReturnsErrNotFound
--- PASS: TestGetMissReturnsErrNotFound (0.00s)
=== RUN   TestAppendThenGetSameProcess
--- PASS: TestAppendThenGetSameProcess (0.00s)
=== RUN   TestForceSealRecoveredOpenOnRestart
--- PASS: TestForceSealRecoveredOpenOnRestart (0.00s)
=== RUN   TestCatalogNeverShips
--- PASS: TestCatalogNeverShips (0.33s)
PASS
ok  	github.com/fil-forge/ingot/logstore	1.496s
-test.shuffle 1783018457504474164
=== RUN   TestUp_Live
    up_live_test.go:26: set INGOT_TEST_DSN to run the live migration test
--- SKIP: TestUp_Live (0.00s)
PASS
ok  	github.com/fil-forge/ingot/migrations	1.013s
?   	github.com/fil-forge/ingot/mst	[no test files]
-test.shuffle 1783018458726225614
=== RUN   TestLocalLocator_NotFound
--- PASS: TestLocalLocator_NotFound (0.00s)
=== RUN   TestPostgresStores_Live
    postgres_live_test.go:38: set INGOT_TEST_DSN to run the live Postgres store test
--- SKIP: TestPostgresStores_Live (0.00s)
=== RUN   TestLocalLocator_Locate
--- PASS: TestLocalLocator_Locate (0.00s)
PASS
ok  	github.com/fil-forge/ingot/registry	1.043s
-test.shuffle 1783018459879059818
=== RUN   TestSelectBytes_Dispatch
--- PASS: TestSelectBytes_Dispatch (0.00s)
=== RUN   TestRefIndex_DuplicateBlobInManifestReleasedOnce
--- PASS: TestRefIndex_DuplicateBlobInManifestReleasedOnce (0.01s)
=== RUN   TestRefIndex_DedupAcrossKeys
--- PASS: TestRefIndex_DedupAcrossKeys (0.00s)
=== RUN   TestRefIndex_OverwriteSameContentKeepsClaim
--- PASS: TestRefIndex_OverwriteSameContentKeepsClaim (0.00s)
=== RUN   TestUploadDedup_SkipsAlreadyLocatedBlob
--- PASS: TestUploadDedup_SkipsAlreadyLocatedBlob (0.00s)
=== RUN   TestPartRange
=== RUN   TestPartRange/mp_part_1
=== RUN   TestPartRange/mp_part_2
=== RUN   TestPartRange/mp_part_3
=== RUN   TestPartRange/mp_exceeds
=== RUN   TestPartRange/mp_zero-length_part
=== RUN   TestPartRange/single_part_1_=_whole_object
=== RUN   TestPartRange/single_part_2_exceeds
=== RUN   TestPartRange/empty_part_1_=_no_range
=== RUN   TestPartRange/empty_part_2_exceeds
--- PASS: TestPartRange (0.00s)
    --- PASS: TestPartRange/mp_part_1 (0.00s)
    --- PASS: TestPartRange/mp_part_2 (0.00s)
    --- PASS: TestPartRange/mp_part_3 (0.00s)
    --- PASS: TestPartRange/mp_exceeds (0.00s)
    --- PASS: TestPartRange/mp_zero-length_part (0.00s)
    --- PASS: TestPartRange/single_part_1_=_whole_object (0.00s)
    --- PASS: TestPartRange/single_part_2_exceeds (0.00s)
    --- PASS: TestPartRange/empty_part_1_=_no_range (0.00s)
    --- PASS: TestPartRange/empty_part_2_exceeds (0.00s)
=== RUN   TestRefIndex_DeleteOneOfTwoKeepsBlob
--- PASS: TestRefIndex_DeleteOneOfTwoKeepsBlob (0.01s)
=== RUN   TestChecksumFromInput_DefaultsToCRC64NVME
=== RUN   TestChecksumFromInput_DefaultsToCRC64NVME/no_checksum_→_default_crc64nvme_(compute,_no_validation)
=== RUN   TestChecksumFromInput_DefaultsToCRC64NVME/explicit_value_wins_over_the_default
=== RUN   TestChecksumFromInput_DefaultsToCRC64NVME/named_algorithm_(no_value)_wins_over_the_default
--- PASS: TestChecksumFromInput_DefaultsToCRC64NVME (0.00s)
    --- PASS: TestChecksumFromInput_DefaultsToCRC64NVME/no_checksum_→_default_crc64nvme_(compute,_no_validation) (0.00s)
    --- PASS: TestChecksumFromInput_DefaultsToCRC64NVME/explicit_value_wins_over_the_default (0.00s)
    --- PASS: TestChecksumFromInput_DefaultsToCRC64NVME/named_algorithm_(no_value)_wins_over_the_default (0.00s)
=== RUN   TestRefIndex_DeleteReleasesAtZero
--- PASS: TestRefIndex_DeleteReleasesAtZero (0.00s)
=== RUN   TestRefIndex_OverwriteDifferentContentReleasesOld
--- PASS: TestRefIndex_OverwriteDifferentContentReleasesOld (0.00s)
PASS
ok  	github.com/fil-forge/ingot/s3frontend	1.072s
-test.shuffle 1783018464376373102
=== RUN   TestMultipart_Abort
    logger.go:146: 2026-07-02T18:54:24.380Z	INFO	provided	{"constructor": "go.uber.org/fx.New.func1()", "stacktrace": ["go.uber.org/fx.New (/home/runner/go/pkg/mod/go.uber.org/fx@v1.24.0/app.go:481)", "github.com/fil-forge/ingot/testing.StartHarness (/home/runner/work/ingot/ingot/testing/harness.go:142)", "github.com/fil-forge/ingot/testing_test.TestMultipart_Abort (/home/runner/work/ingot/ingot/testing/multipart_test.go:156)", "testing.tRunner (/opt/hostedtoolcache/go/1.25.7/x64/src/testing/testing.go:1934)"], "moduletrace": ["go.uber.org/fx.New (/home/runner/go/pkg/mod/go.uber.org/fx@v1.24.0/app.go:481)", "github.com/fil-forge/ingot/testing.StartHarness (/home/runner/work/ingot/ingot/testing/harness.go:142)"], "type": "fx.Lifecycle"}
    logger.go:146: 2026-07-02T18:54:24.380Z	INFO	provided	{"constructor": "go.uber.org/fx.(*App).shutdowner-fm()", "stacktrace": ["go.uber.org/fx.New (/home/runner/go/pkg/mod/go.uber.org/fx@v1.24.0/app.go:481)", "github.com/fil-forge/ingot/testing.StartHarness (/home/runner/work/ingot/ingot/testing/harness.go:142)", "github.com/fil-forge/ingot/testing_test.TestMultipart_Abort (/home/runner/work/ingot/ingot/testing/multipart_test.go:156)", "testing.tRunner (/opt/hostedtoolcache/go/1.25.7/x64/src/testing/testing.go:1934)"], "moduletrace": ["go.uber.org/fx.New (/home/runner/go/pkg/mod/go.uber.org/fx@v1.24.0/app.go:481)", "github.com/fil-forge/ingot/testing.StartHarness (/home/runner/work/ingot/ingot/testing/harness.go:142)"], "type": "fx.Shutdowner"}
    logger.go:146: 2026-07-02T18:54:24.380Z	INFO	provided	{"constructor": "go.uber.org/fx.(*App).dotGraph-fm()", "stacktrace": ["go.uber.org/fx.New (/home/runner/go/pkg/mod/go.uber.org/fx@v1.24.0/app.go:481)", "github.com/fil-forge/ingot/testing.StartHarness (/home/runner/work/ingot/ingot/testing/harness.go:142)", "github.com/fil-forge/ingot/testing_test.TestMultipart_Abort (/home/runner/work/ingot/ingot/testing/multipart_test.go:156)", "testing.tRunner (/opt/hostedtoolcache/go/1.25.7/x64/src/testing/testing.go:1934)"], "moduletrace": ["go.uber.org/fx.New (/home/runner/go/pkg/mod/go.uber.org/fx@v1.24.0/app.go:481)", "github.com/fil-forge/ingot/testing.StartHarness (/home/runner/work/ingot/ingot/testing/harness.go:142)"], "type": "fx.DotGraph"}
    logger.go:146: 2026-07-02T18:54:24.380Z	INFO	supplied	{"type": "*zap.Logger", "stacktrace": ["github.com/fil-forge/ingot/testing.StartHarness (/home/runner/work/ingot/ingot/testing/harness.go:146)", "github.com/fil-forge/ingot/testing_test.TestMultipart_Abort (/home/runner/work/ingot/ingot/testing/multipart_test.go:156)", "testing.tRunner (/opt/hostedtoolcache/go/1.25.7/x64/src/testing/testing.go:1934)"], "moduletrace": ["github.com/fil-forge/ingot/testing.StartHarness (/home/runner/work/ingot/ingot/testing/harness.go:146)", "github.com/fil-forge/ingot/testing.StartHarness (/home/runner/work/ingot/ingot/testing/harness.go:142)"]}
    logger.go:146: 2026-07-02T18:54:24.380Z	INFO	supplied	{"type": "ingot.ServerConfig", "stacktrace": ["github.com/fil-forge/ingot/testing.StartHarness (/home/runner/work/ingot/ingot/testing/harness.go:147)", "github.com/fil-forge/ingot/testing_test.TestMultipart_Abort (/home/runner/work/ingot/ingot/testing/multipart_test.go:156)", "testing.tRunner (/opt/hostedtoolcache/go/1.25.7/x64/src/testing/testing.go:1934)"], "moduletrace": ["github.com/fil-forge/ingot/testing.StartHarness (/home/runner/work/ingot/ingot/testing/harness.go:147)", "github.com/fil-forge/ingot/testing.StartHarness (/home/runner/work/ingot/ingot/testing/harness.go:142)"]}
    logger.go:146: 2026-07-02T18:54:24.380Z	INFO	provided	{"constructor": "fx.Annotate(github.com/fil-forge/ingot/testing.StartHarness.func2(), fx.As([[registry.Registry]])", "stacktrace": ["github.com/fil-forge/ingot/testing.StartHarness (/home/runner/work/ingot/ingot/testing/harness.go:164)", "github.com/fil-forge/ingot/testing_test.TestMultipart_Abort (/home/runner/work/ingot/ingot/testing/multipart_test.go:156)", "testing.tRunner (/opt/hostedtoolcache/go/1.25.7/x64/src/testing/testing.go:1934)"], "moduletrace": ["github.com/fil-forge/ingot/testing.StartHarness (/home/runner/work/ingot/ingot/testing/harness.go:164)", "github.com/fil-forge/ingot/testing.StartHarness (/home/runner/work/ingot/ingot/testing/harness.go:142)"], "type": "registry.Registry"}
    logger.go:146: 2026-07-02T18:54:24.380Z	INFO	provided	{"constructor": "fx.Annotate(github.com/fil-forge/ingot/testing.StartHarness.func3(), fx.As([[registry.IntentStore]])", "stacktrace": ["github.com/fil-forge/ingot/testing.StartHarness (/home/runner/work/ingot/ingot/testing/harness.go:164)", "github.com/fil-forge/ingot/testing_test.TestMultipart_Abort (/home/runner/work/ingot/ingot/testing/multipart_test.go:156)", "testing.tRunner (/opt/hostedtoolcache/go/1.25.7/x64/src/testing/testing.go:1934)"], "moduletrace": ["github.com/fil-forge/ingot/testing.StartHarness (/home/runner/work/ingot/ingot/testing/harness.go:164)", "github.com/fil-forge/ingot/testing.StartHarness (/home/runner/work/ingot/ingot/testing/harness.go:142)"], "type": "registry.IntentStore"}
    logger.go:146: 2026-07-02T18:54:24.380Z	INFO	provided	{"constructor": "fx.Annotate(github.com/fil-forge/ingot/testing.StartHarness.func4(), fx.As([[registry.LocationStore]])", "stacktrace": ["github.com/fil-forge/ingot/testing.StartHarness (/home/runner/work/ingot/ingot/testing/harness.go:164)", "github.com/fil-forge/ingot/testing_test.TestMultipart_Abort (/home/runner/work/ingot/ingot/testing/multipart_test.go:156)", "testing.tRunner (/opt/hostedtoolcache/go/1.25.7/x64/src/testing/testing.go:1934)"], "moduletrace": ["github.com/fil-forge/ingot/testing.StartHarness (/home/runner/work/ingot/ingot/testing/harness.go:164)", "github.com/fil-forge/ingot/testing.StartHarness (/home/runner/work/ingot/ingot/testing/harness.go:142)"], "type": "registry.LocationStore"}
    logger.go:146: 2026-07-02T18:54:24.380Z	INFO	provided	{"constructor": "fx.Annotate(github.com/fil-forge/ingot/testing.StartHarness.func5(), fx.As([[registry.BlobRefStore]])", "stacktrace": ["github.com/fil-forge/ingot/testing.StartHarness (/home/runner/work/ingot/ingot/testing/harness.go:164)", "github.com/fil-forge/ingot/testing_test.TestMultipart_Abort (/home/runner/work/ingot/ingot/testing/multipart_test.go:156)", "testing.tRunner (/opt/hostedtoolcache/go/1.25.7/x64/src/testing/testing.go:1934)"], "moduletrace": ["github.com/fil-forge/ingot/testing.StartHarness (/home/runner/work/ingot/ingot/testing/harness.go:164)", "github.com/fil-forge/ingot/testing.StartHarness (/home/runner/work/ingot/ingot/testing/harness.go:142)"], "type": "registry.BlobRefStore"}
    logger.go:146: 2026-07-02T18:54:24.380Z	INFO	provided	{"constructor": "fx.Annotate(github.com/fil-forge/ingot/testing.StartHarness.func6(), fx.As([[registry.GCStore]])", "stacktrace": ["github.com/fil-forge/ingot/testing.StartHarness (/home/runner/work/ingot/ingot/testing/harness.go:164)", "github.com/fil-forge/ingot/testing_test.TestMultipart_Abort (/home/runner/work/ingot/ingot/testing/multipart_test.go:156)", "testing.tRunner (/opt/hostedtoolcache/go/1.25.7/x64/src/testing/testing.go:1934)"], "moduletrace": ["github.com/fil-forge/ingot/testing.StartHarness (/home/runner/work/ingot/ingot/testing/harness.go:164)", "github.com/fil-forge/ingot/testing.StartHarness (/home/runner/work/ingot/ingot/testing/harness.go:142)"], "type": "registry.GCStore"}
    logger.go:146: 2026-07-02T18:54:24.380Z	INFO	provided	{"constructor": "fx.Annotate(github.com/fil-forge/ingot/testing.StartHarness.func7(), fx.As([[registry.MultipartStore]])", "stacktrace": ["github.com/fil-forge/ingot/testing.StartHarness (/home/runner/work/ingot/ingot/testing/harness.go:164)", "github.com/fil-forge/ingot/testing_test.TestMultipart_Abort (/home/runner/work/ingot/ingot/testing/multipart_test.go:156)", "testing.tRunner (/opt/hostedtoolcache/go/1.25.7/x64/src/testing/testing.go:1934)"], "moduletrace": ["github.com/fil-forge/ingot/testing.StartHarness (/home/runner/work/ingot/ingot/testing/harness.go:164)", "github.com/fil-forge/ingot/testing.StartHarness (/home/runner/work/ingot/ingot/testing/harness.go:142)"], "type": "registry.MultipartStore"}
    logger.go:146: 2026-07-02T18:54:24.380Z	INFO	provided	{"constructor": "fx.Annotate(github.com/fil-forge/ingot/testing.StartHarness.func8(), fx.As([[logstore.Meta]])", "stacktrace": ["github.com/fil-forge/ingot/testing.StartHarness (/home/runner/work/ingot/ingot/testing/harness.go:164)", "github.com/fil-forge/ingot/testing_test.TestMultipart_Abort (/home/runner/work/ingot/ingot/testing/multipart_test.go:156)", "testing.tRunner (/opt/hostedtoolcache/go/1.25.7/x64/src/testing/testing.go:1934)"], "moduletrace": ["github.com/fil-forge/ingot/testing.StartHarness (/home/runner/work/ingot/ingot/testing/harness.go:164)", "github.com/fil-forge/ingot/testing.StartHarness (/home/runner/work/ingot/ingot/testing/harness.go:142)"], "type": "logstore.Meta"}
    logger.go:146: 2026-07-02T18:54:24.381Z	INFO	provided	{"constructor": "fx.Annotate(github.com/fil-forge/ingot/testing.StartHarness.func9(), fx.As([[blockstore.BlockReader]])", "stacktrace": ["github.com/fil-forge/ingot/testing.StartHarness (/home/runner/work/ingot/ingot/testing/harness.go:164)", "github.com/fil-forge/ingot/testing_test.TestMultipart_Abort (/home/runner/work/ingot/ingot/testing/multipart_test.go:156)", "testing.tRunner (/opt/hostedtoolcache/go/1.25.7/x64/src/testing/testing.go:1934)"], "moduletrace": ["github.com/fil-forge/ingot/testing.StartHarness (/home/runner/work/ingot/ingot/testing/harness.go:164)", "github.com/fil-forge/ingot/testing.StartHarness (/home/runner/work/ingot/ingot/testing/harness.go:142)"], "type": "blockstore.BlockReader"}
    logger.go:146: 2026-07-02T18:54:24.381Z	INFO	provided	{"constructor": "fx.Annotate(github.com/fil-forge/ingot/testing.StartHarness.func10(), fx.As([[uploader.Uploader]])", "stacktrace": ["github.com/fil-forge/ingot/testing.StartHarness (/home/runner/work/ingot/ingot/testing/harness.go:164)", "github.com/fil-forge/ingot/testing_test.TestMultipart_Abort (/home/runner/work/ingot/ingot/testing/multipart_test.go:156)", "testing.tRunner (/opt/hostedtoolcache/go/1.25.7/x64/src/testing/testing.go:1934)"], "moduletrace": ["github.com/fil-forge/ingot/testing.StartHarness (/home/runner/work/ingot/ingot/testing/harness.go:164)", "github.com/fil-forge/ingot/testing.StartHarness (/home/runner/work/ingot/ingot/testing/harness.go:142)"], "type": "uploader.Uploader"}
    logger.go:146: 2026-07-02T18:54:24.381Z	INFO	provided	{"constructor": "fx.Annotate(github.com/fil-forge/ingot/testing.StartHarness.func11(), fx.As([[uploader.BodyUploader]])", "stacktrace": ["github.com/fil-forge/ingot/testing.StartHarness (/home/runner/work/ingot/ingot/testing/harness.go:164)", "github.com/fil-forge/ingot/testing_test.TestMultipart_Abort (/home/runner/work/ingot/ingot/testing/multipart_test.go:156)", "testing.tRunner (/opt/hostedtoolcache/go/1.25.7/x64/src/testing/testing.go:1934)"], "moduletrace": ["github.com/fil-forge/ingot/testing.StartHarness (/home/runner/work/ingot/ingot/testing/harness.go:164)", "github.com/fil-forge/ingot/testing.StartHarness (/home/runner/work/ingot/ingot/testing/harness.go:142)"], "type": "uploader.BodyUploader"}
    logger.go:146: 2026-07-02T18:54:24.381Z	INFO	provided	{"constructor": "fx.Annotate(github.com/fil-forge/ingot/testing.StartHarness.func12(), fx.As([[uploader.BlobRemover]])", "stacktrace": ["github.com/fil-forge/ingot/testing.StartHarness (/home/runner/work/ingot/ingot/testing/harness.go:164)", "github.com/fil-forge/ingot/testing_test.TestMultipart_Abort (/home/runner/work/ingot/ingot/testing/multipart_test.go:156)", "testing.tRunner (/opt/hostedtoolcache/go/1.25.7/x64/src/testing/testing.go:1934)"], "moduletrace": ["github.com/fil-forge/ingot/testing.StartHarness (/home/runner/work/ingot/ingot/testing/harness.go:164)", "github.com/fil-forge/ingot/testing.StartHarness (/home/runner/work/ingot/ingot/testing/harness.go:142)"], "type": "uploader.BlobRemover"}
    logger.go:146: 2026-07-02T18:54:24.381Z	INFO	initialized custom fxevent.Logger	{"function": "github.com/fil-forge/ingot/testing.StartHarness.func1()"}
    logger.go:146: 2026-07-02T18:54:24.381Z	INFO	invoking	{"function": "github.com/fil-forge/ingot.registerServerLifecycle()", "module": "ingot-server"}
    logger.go:146: 2026-07-02T18:54:24.381Z	INFO	before run	{"name": "go.uber.org/fx.New.func1()", "kind": "provide"}
    logger.go:146: 2026-07-02T18:54:24.381Z	INFO	run	{"name": "go.uber.org/fx.New.func1()", "kind": "provide", "runtime": "15.108µs"}
    logger.go:146: 2026-07-02T18:54:24.381Z	INFO	before run	{"name": "stub(ingot.ServerConfig)", "kind": "supply"}
    logger.go:146: 2026-07-02T18:54:24.381Z	INFO	run	{"name": "stub(ingot.ServerConfig)", "kind": "supply", "runtime": "13.795µs"}
    logger.go:146: 2026-07-02T18:54:24.381Z	INFO	before run	{"name": "stub(*zap.Logger)", "kind": "supply"}
    logger.go:146: 2026-07-02T18:54:24.381Z	INFO	run	{"name": "stub(*zap.Logger)", "kind": "supply", "runtime": "11.301µs"}
    logger.go:146: 2026-07-02T18:54:24.381Z	INFO	before run	{"name": "fx.Annotate(github.com/fil-forge/ingot/testing.StartHarness.func9(), fx.As([[blockstore.BlockReader]])", "kind": "provide"}
    logger.go:146: 2026-07-02T18:54:24.381Z	INFO	run	{"name": "fx.Annotate(github.com/fil-forge/ingot/testing.StartHarness.func9(), fx.As([[blockstore.BlockReader]])", "kind": "provide", "runtime": "96.35µs"}
    logger.go:146: 2026-07-02T18:54:24.382Z	INFO	before run	{"name": "fx.Annotate(github.com/fil-forge/ingot/testing.StartHarness.func10(), fx.As([[uploader.Uploader]])", "kind": "provide"}
    logger.go:146: 2026-07-02T18:54:24.382Z	INFO	run	{"name": "fx.Annotate(github.com/fil-forge/ingot/testing.StartHarness.func10(), fx.As([[uploader.Uploader]])", "kind": "provide", "runtime": "24.896µs"}
    logger.go:146: 2026-07-02T18:54:24.382Z	INFO	before run	{"name": "fx.Annotate(github.com/fil-forge/ingot/testing.StartHarness.func11(), fx.As([[uploader.BodyUploader]])", "kind": "provide"}
    logger.go:146: 2026-07-02T18:54:24.382Z	INFO	run	{"name": "fx.Annotate(github.com/fil-forge/ingot/testing.StartHarness.func11(), fx.As([[uploader.BodyUploader]])", "kind": "provide", "runtime": "23.223µs"}
    logger.go:146: 2026-07-02T18:54:24.382Z	INFO	before run	{"name": "fx.Annotate(github.com/fil-forge/ingot/testing.StartHarness.func12(), fx.As([[uploader.BlobRemover]])", "kind": "provide"}
    logger.go:146: 2026-07-02T18:54:24.382Z	INFO	run	{"name": "fx.Annotate(github.com/fil-forge/ingot/testing.StartHarness.func12(), fx.As([[uploader.BlobRemover]])", "kind": "provide", "runtime": "21.15µs"}
    logger.go:146: 2026-07-02T18:54:24.382Z	INFO	before run	{"name": "fx.Annotate(github.com/fil-forge/ingot/testing.StartHarness.func2(), fx.As([[registry.Registry]])", "kind": "provide"}
    logger.go:146: 2026-07-02T18:54:24.382Z	INFO	run	{"name": "fx.Annotate(github.com/fil-forge/ingot/testing.StartHarness.func2(), fx.As([[registry.Registry]])", "kind": "provide", "runtime": "34.014µs"}
    logger.go:146: 2026-07-02T18:54:24.382Z	INFO	before run	{"name": "fx.Annotate(github.com/fil-forge/ingot/testing.StartHarness.func3(), fx.As([[registry.IntentStore]])", "kind": "provide"}
    logger.go:146: 2026-07-02T18:54:24.382Z	INFO	run	{"name": "fx.Annotate(github.com/fil-forge/ingot/testing.StartHarness.func3(), fx.As([[registry.IntentStore]])", "kind": "provide", "runtime": "44.784µs"}
    logger.go:146: 2026-07-02T18:54:24.382Z	INFO	before run	{"name": "fx.Annotate(github.com/fil-forge/ingot/testing.StartHarness.func4(), fx.As([[registry.LocationStore]])", "kind": "provide"}
    logger.go:146: 2026-07-02T18:54:24.382Z	INFO	run	{"name": "fx.Annotate(github.com/fil-forge/ingot/testing.StartHarness.func4(), fx.As([[registry.LocationStore]])", "kind": "provide", "runtime": "32.019µs"}
    logger.go:146: 2026-07-02T18:54:24.382Z	INFO	before run	{"name": "fx.Annotate(github.com/fil-forge/ingot/testing.StartHarness.func5(), fx.As([[registry.BlobRefStore]])", "kind": "provide"}
    logger.go:146: 2026-07-02T18:54:24.382Z	INFO	run	{"name": "fx.Annotate(github.com/fil-forge/ingot/testing.StartHarness.func5(), fx.As([[registry.BlobRefStore]])", "kind": "provide", "runtime": "31.298µs"}
    logger.go:146: 2026-07-02T18:54:24.382Z	INFO	before run	{"name": "fx.Annotate(github.com/fil-forge/ingot/testing.StartHarness.func6(), fx.As([[registry.GCStore]])", "kind": "provide"}
    logger.go:146: 2026-07-02T18:54:24.383Z	INFO	run	{"name": "fx.Annotate(github.com/fil-forge/ingot/testing.StartHarness.func6(), fx.As([[registry.GCStore]])", "kind": "provide", "runtime": "29.114µs"}
    logger.go:146: 2026-07-02T18:54:24.383Z	INFO	before run	{"name": "fx.Annotate(github.com/fil-forge/ingot/testing.StartHarness.func7(), fx.As([[registry.MultipartStore]])", "kind": "provide"}
    logger.go:146: 2026-07-02T18:54:24.383Z	INFO	run	{"name": "fx.Annotate(github.com/fil-forge/ingot/testing.StartHarness.func7(), fx.As([[registry.MultipartStore]])", "kind": "provide", "runtime": "28.824µs"}
    logger.go:146: 2026-07-02T18:54:24.383Z	INFO	before run	{"name": "fx.Annotate(github.com/fil-forge/ingot/testing.StartHarness.func8(), fx.As([[logstore.Meta]])", "kind": "provide"}
    logger.go:146: 2026-07-02T18:54:24.383Z	INFO	run	{"name": "fx.Annotate(github.com/fil-forge/ingot/testing.StartHarness.func8(), fx.As([[logstore.Meta]])", "kind": "provide", "runtime": "27.962µs"}
    logger.go:146: 2026-07-02T18:54:24.383Z	INFO	OnStart hook executing	{"callee": "github.com/fil-forge/ingot.registerServerLifecycle.func1()", "caller": "github.com/fil-forge/ingot.registerServerLifecycle"}
    logger.go:146: 2026-07-02T18:54:24.385Z	INFO	starting ingot S3 listener	{"addr": "127.0.0.1:37433", "region": "us-east-1", "data_dir": "/tmp/ingot-harness-2486866961", "max_blob_size": 268435456}
    logger.go:146: 2026-07-02T18:54:24.385Z	INFO	OnStart hook executed	{"callee": "github.com/fil-forge/ingot.registerServerLifecycle.func1()", "caller": "github.com/fil-forge/ingot.registerServerLifecycle", "runtime": "1.806414ms"}
    logger.go:146: 2026-07-02T18:54:24.385Z	INFO	started
    logger.go:146: 2026-07-02T18:54:24.396Z	INFO	OnStop hook executing	{"callee": "github.com/fil-forge/ingot.registerServerLifecycle.func2()", "caller": "github.com/fil-forge/ingot.registerServerLifecycle"}
    logger.go:146: 2026-07-02T18:54:24.396Z	INFO	shutting down ingot S3 listener
    logger.go:146: 2026-07-02T18:54:24.396Z	ERROR	ingot listener error	{"error": "listener closed"}
    logger.go:146: 2026-07-02T18:54:24.396Z	INFO	OnStop hook executed	{"callee": "github.com/fil-forge/ingot.registerServerLifecycle.func2()", "caller": "github.com/fil-forge/ingot.registerServerLifecycle", "runtime": "154.344µs"}
--- PASS: TestMultipart_Abort (0.02s)
=== RUN   TestMultipart_FailedCompleteStaysAbortable
    logger.go:146: 2026-07-02T18:54:24.400Z	INFO	provided	{"constructor": "go.uber.org/fx.New.func1()", "stacktrace": ["go.uber.org/fx.New (/home/runner/go/pkg/mod/go.uber.org/fx@v1.24.0/app.go:481)", "github.com/fil-forge/ingot/testing.StartHarness (/home/runner/work/ingot/ingot/testing/harness.go:142)", "github.com/fil-forge/ingot/testing_test.TestMultipart_FailedCompleteStaysAbortable (/home/runner/work/ingot/ingot/testing/multipart_test.go:102)", "testing.tRunner (/opt/hostedtoolcache/go/1.25.7/x64/src/testing/testing.go:1934)"], "moduletrace": ["go.uber.org/fx.New (/home/runner/go/pkg/mod/go.uber.org/fx@v1.24.0/app.go:481)", "github.com/fil-forge/ingot/testing.StartHarness (/home/runner/work/ingot/ingot/testing/harness.go:142)"], "type": "fx.Lifecycle"}
    logger.go:146: 2026-07-02T18:54:24.400Z	INFO	provided	{"constructor": "go.uber.org/fx.(*App).shutdowner-fm()", "stacktrace": ["go.uber.org/fx.New (/home/runner/go/pkg/mod/go.uber.org/fx@v1.24.0/app.go:481)", "github.com/fil-forge/ingot/testing.StartHarness (/home/runner/work/ingot/ingot/testing/harness.go:142)", "github.com/fil-forge/ingot/testing_test.TestMultipart_FailedCompleteStaysAbortable (/home/runner/work/ingot/ingot/testing/multipart_test.go:102)", "testing.tRunner (/opt/hostedtoolcache/go/1.25.7/x64/src/testing/testing.go:1934)"], "moduletrace": ["go.uber.org/fx.New (/home/runner/go/pkg/mod/go.uber.org/fx@v1.24.0/app.go:481)", "github.com/fil-forge/ingot/testing.StartHarness (/home/runner/work/ingot/ingot/testing/harness.go:142)"], "type": "fx.Shutdowner"}
    logger.go:146: 2026-07-02T18:54:24.400Z	INFO	provided	{"constructor": "go.uber.org/fx.(*App).dotGraph-fm()", "stacktrace": ["go.uber.org/fx.New (/home/runner/go/pkg/mod/go.uber.org/fx@v1.24.0/app.go:481)", "github.com/fil-forge/ingot/testing.StartHarness (/home/runner/work/ingot/ingot/testing/harness.go:142)", "github.com/fil-forge/ingot/testing_test.TestMultipart_FailedCompleteStaysAbortable (/home/runner/work/ingot/ingot/testing/multipart_test.go:102)", "testing.tRunner (/opt/hostedtoolcache/go/1.25.7/x64/src/testing/testing.go:1934)"], "moduletrace": ["go.uber.org/fx.New (/home/runner/go/pkg/mod/go.uber.org/fx@v1.24.0/app.go:481)", "github.com/fil-forge/ingot/testing.StartHarness (/home/runner/work/ingot/ingot/testing/harness.go:142)"], "type": "fx.DotGraph"}
    logger.go:146: 2026-07-02T18:54:24.400Z	INFO	supplied	{"type": "*zap.Logger", "stacktrace": ["github.com/fil-forge/ingot/testing.StartHarness (/home/runner/work/ingot/ingot/testing/harness.go:146)", "github.com/fil-forge/ingot/testing_test.TestMultipart_FailedCompleteStaysAbortable (/home/runner/work/ingot/ingot/testing/multipart_test.go:102)", "testing.tRunner (/opt/hostedtoolcache/go/1.25.7/x64/src/testing/testing.go:1934)"], "moduletrace": ["github.com/fil-forge/ingot/testing.StartHarness (/home/runner/work/ingot/ingot/testing/harness.go:146)", "github.com/fil-forge/ingot/testing.StartHarness (/home/runner/work/ingot/ingot/testing/harness.go:142)"]}
    logger.go:146: 2026-07-02T18:54:24.400Z	INFO	supplied	{"type": "ingot.ServerConfig", "stacktrace": ["github.com/fil-forge/ingot/testing.StartHarness (/home/runner/work/ingot/ingot/testing/harness.go:147)", "github.com/fil-forge/ingot/testing_test.TestMultipart_FailedCompleteStaysAbortable (/home/runner/work/ingot/ingot/testing/multipart_test.go:102)", "testing.tRunner (/opt/hostedtoolcache/go/1.25.7/x64/src/testing/testing.go:1934)"], "moduletrace": ["github.com/fil-forge/ingot/testing.StartHarness (/home/runner/work/ingot/ingot/testing/harness.go:147)", "github.com/fil-forge/ingot/testing.StartHarness (/home/runner/work/ingot/ingot/testing/harness.go:142)"]}
    logger.go:146: 2026-07-02T18:54:24.400Z	INFO	provided	{"constructor": "fx.Annotate(github.com/fil-forge/ingot/testing.StartHarness.func2(), fx.As([[registry.Registry]])", "stacktrace": ["github.com/fil-forge/ingot/testing.StartHarness (/home/runner/work/ingot/ingot/testing/harness.go:164)", "github.com/fil-forge/ingot/testing_test.TestMultipart_FailedCompleteStaysAbortable (/home/runner/work/ingot/ingot/testing/multipart_test.go:102)", "testing.tRunner (/opt/hostedtoolcache/go/1.25.7/x64/src/testing/testing.go:1934)"], "moduletrace": ["github.com/fil-forge/ingot/testing.StartHarness (/home/runner/work/ingot/ingot/testing/harness.go:164)", "github.com/fil-forge/ingot/testing.StartHarness (/home/runner/work/ingot/ingot/testing/harness.go:142)"], "type": "registry.Registry"}
    logger.go:146: 2026-07-02T18:54:24.400Z	INFO	provided	{"constructor": "fx.Annotate(github.com/fil-forge/ingot/testing.StartHarness.func3(), fx.As([[registry.IntentStore]])", "stacktrace": ["github.com/fil-forge/ingot/testing.StartHarness (/home/runner/work/ingot/ingot/testing/harness.go:164)", "github.com/fil-forge/ingot/testing_test.TestMultipart_FailedCompleteStaysAbortable (/home/runner/work/ingot/ingot/testing/multipart_test.go:102)", "testing.tRunner (/opt/hostedtoolcache/go/1.25.7/x64/src/testing/testing.go:1934)"], "moduletrace": ["github.com/fil-forge/ingot/testing.StartHarness (/home/runner/work/ingot/ingot/testing/harness.go:164)", "github.com/fil-forge/ingot/testing.StartHarness (/home/runner/work/ingot/ingot/testing/harness.go:142)"], "type": "registry.IntentStore"}
    logger.go:146: 2026-07-02T18:54:24.400Z	INFO	provided	{"constructor": "fx.Annotate(github.com/fil-forge/ingot/testing.StartHarness.func4(), fx.As([[registry.LocationStore]])", "stacktrace": ["github.com/fil-forge/ingot/testing.StartHarness (/home/runner/work/ingot/ingot/testing/harness.go:164)", "github.com/fil-forge/ingot/testing_test.TestMultipart_FailedCompleteStaysAbortable (/home/runner/work/ingot/ingot/testing/multipart_test.go:102)", "testing.tRunner (/opt/hostedtoolcache/go/1.25.7/x64/src/testing/testing.go:1934)"], "moduletrace": ["github.com/fil-forge/ingot/testing.StartHarness (/home/runner/work/ingot/ingot/testing/harness.go:164)", "github.com/fil-forge/ingot/testing.StartHarness (/home/runner/work/ingot/ingot/testing/harness.go:142)"], "type": "registry.LocationStore"}
    logger.go:146: 2026-07-02T18:54:24.400Z	INFO	provided	{"constructor": "fx.Annotate(github.com/fil-forge/ingot/testing.StartHarness.func5(), fx.As([[registry.BlobRefStore]])", "stacktrace": ["github.com/fil-forge/ingot/testing.StartHarness (/home/runner/work/ingot/ingot/testing/harness.go:164)", "github.com/fil-forge/ingot/testing_test.TestMultipart_FailedCompleteStaysAbortable (/home/runner/work/ingot/ingot/testing/multipart_test.go:102)", "testing.tRunner (/opt/hostedtoolcache/go/1.25.7/x64/src/testing/testing.go:1934)"], "moduletrace": ["github.com/fil-forge/ingot/testing.StartHarness (/home/runner/work/ingot/ingot/testing/harness.go:164)", "github.com/fil-forge/ingot/testing.StartHarness (/home/runner/work/ingot/ingot/testing/harness.go:142)"], "type": "registry.BlobRefStore"}
    logger.go:146: 2026-07-02T18:54:24.400Z	INFO	provided	{"constructor": "fx.Annotate(github.com/fil-forge/ingot/testing.StartHarness.func6(), fx.As([[registry.GCStore]])", "stacktrace": ["github.com/fil-forge/ingot/testing.StartHarness (/home/runner/work/ingot/ingot/testing/harness.go:164)", "github.com/fil-forge/ingot/testing_test.TestMultipart_FailedCompleteStaysAbortable (/home/runner/work/ingot/ingot/testing/multipart_test.go:102)", "testing.tRunner (/opt/hostedtoolcache/go/1.25.7/x64/src/testing/testing.go:1934)"], "moduletrace": ["github.com/fil-forge/ingot/testing.StartHarness (/home/runner/work/ingot/ingot/testing/harness.go:164)", "github.com/fil-forge/ingot/testing.StartHarness (/home/runner/work/ingot/ingot/testing/harness.go:142)"], "type": "registry.GCStore"}
    logger.go:146: 2026-07-02T18:54:24.400Z	INFO	provided	{"constructor": "fx.Annotate(github.com/fil-forge/ingot/testing.StartHarness.func7(), fx.As([[registry.MultipartStore]])", "stacktrace": ["github.com/fil-forge/ingot/testing.StartHarness (/home/runner/work/ingot/ingot/testing/harness.go:164)", "github.com/fil-forge/ingot/testing_test.TestMultipart_FailedCompleteStaysAbortable (/home/runner/work/ingot/ingot/testing/multipart_test.go:102)", "testing.tRunner (/opt/hostedtoolcache/go/1.25.7/x64/src/testing/testing.go:1934)"], "moduletrace": ["github.com/fil-forge/ingot/testing.StartHarness (/home/runner/work/ingot/ingot/testing/harness.go:164)", "github.com/fil-forge/ingot/testing.StartHarness (/home/runner/work/ingot/ingot/testing/harness.go:142)"], "type": "registry.MultipartStore"}
    logger.go:146: 2026-07-02T18:54:24.400Z	INFO	provided	{"constructor": "fx.Annotate(github.com/fil-forge/ingot/testing.StartHarness.func8(), fx.As([[logstore.Meta]])", "stacktrace": ["github.com/fil-forge/ingot/testing.StartHarness (/home/runner/work/ingot/ingot/testing/harness.go:164)", "github.com/fil-forge/ingot/testing_test.TestMultipart_FailedCompleteStaysAbortable (/home/runner/work/ingot/ingot/testing/multipart_test.go:102)", "testing.tRunner (/opt/hostedtoolcache/go/1.25.7/x64/src/testing/testing.go:1934)"], "moduletrace": ["github.com/fil-forge/ingot/testing.StartHarness (/home/runner/work/ingot/ingot/testing/harness.go:164)", "github.com/fil-forge/ingot/testing.StartHarness (/home/runner/work/ingot/ingot/testing/harness.go:142)"], "type": "logstore.Meta"}
    logger.go:146: 2026-07-02T18:54:24.401Z	INFO	provided	{"constructor": "fx.Annotate(github.com/fil-forge/ingot/testing.StartHarness.func9(), fx.As([[blockstore.BlockReader]])", "stacktrace": ["github.com/fil-forge/ingot/testing.StartHarness (/home/runner/work/ingot/ingot/testing/harness.go:164)", "github.com/fil-forge/ingot/testing_test.TestMultipart_FailedCompleteStaysAbortable (/home/runner/work/ingot/ingot/testing/multipart_test.go:102)", "testing.tRunner (/opt/hostedtoolcache/go/1.25.7/x64/src/testing/testing.go:1934)"], "moduletrace": ["github.com/fil-forge/ingot/testing.StartHarness (/home/runner/work/ingot/ingot/testing/harness.go:164)", "github.com/fil-forge/ingot/testing.StartHarness (/home/runner/work/ingot/ingot/testing/harness.go:142)"], "type": "blockstore.BlockReader"}
    logger.go:146: 2026-07-02T18:54:24.401Z	INFO	provided	{"constructor": "fx.Annotate(github.com/fil-forge/ingot/testing.StartHarness.func10(), fx.As([[uploader.Uploader]])", "stacktrace": ["github.com/fil-forge/ingot/testing.StartHarness (/home/runner/work/ingot/ingot/testing/harness.go:164)", "github.com/fil-forge/ingot/testing_test.TestMultipart_FailedCompleteStaysAbortable (/home/runner/work/ingot/ingot/testing/multipart_test.go:102)", "testing.tRunner (/opt/hostedtoolcache/go/1.25.7/x64/src/testing/testing.go:1934)"], "moduletrace": ["github.com/fil-forge/ingot/testing.StartHarness (/home/runner/work/ingot/ingot/testing/harness.go:164)", "github.com/fil-forge/ingot/testing.StartHarness (/home/runner/work/ingot/ingot/testing/harness.go:142)"], "type": "uploader.Uploader"}
    logger.go:146: 2026-07-02T18:54:24.401Z	INFO	provided	{"constructor": "fx.Annotate(github.com/fil-forge/ingot/testing.StartHarness.func11(), fx.As([[uploader.BodyUploader]])", "stacktrace": ["github.com/fil-forge/ingot/testing.StartHarness (/home/runner/work/ingot/ingot/testing/harness.go:164)", "github.com/fil-forge/ingot/testing_test.TestMultipart_FailedCompleteStaysAbortable (/home/runner/work/ingot/ingot/testing/multipart_test.go:102)", "testing.tRunner (/opt/hostedtoolcache/go/1.25.7/x64/src/testing/testing.go:1934)"], "moduletrace": ["github.com/fil-forge/ingot/testing.StartHarness (/home/runner/work/ingot/ingot/testing/harness.go:164)", "github.com/fil-forge/ingot/testing.StartHarness (/home/runner/work/ingot/ingot/testing/harness.go:142)"], "type": "uploader.BodyUploader"}
    logger.go:146: 2026-07-02T18:54:24.401Z	INFO	provided	{"constructor": "fx.Annotate(github.com/fil-forge/ingot/testing.StartHarness.func12(), fx.As([[uploader.BlobRemover]])", "stacktrace": ["github.com/fil-forge/ingot/testing.StartHarness (/home/runner/work/ingot/ingot/testing/harness.go:164)", "github.com/fil-forge/ingot/testing_test.TestMultipart_FailedCompleteStaysAbortable (/home/runner/work/ingot/ingot/testing/multipart_test.go:102)", "testing.tRunner (/opt/hostedtoolcache/go/1.25.7/x64/src/testing/testing.go:1934)"], "moduletrace": ["github.com/fil-forge/ingot/testing.StartHarness (/home/runner/work/ingot/ingot/testing/harness.go:164)", "github.com/fil-forge/ingot/testing.StartHarness (/home/runner/work/ingot/ingot/testing/harness.go:142)"], "type": "uploader.BlobRemover"}
    logger.go:146: 2026-07-02T18:54:24.401Z	INFO	initialized custom fxevent.Logger	{"function": "github.com/fil-forge/ingot/testing.StartHarness.func1()"}
    logger.go:146: 2026-07-02T18:54:24.401Z	INFO	invoking	{"function": "github.com/fil-forge/ingot.registerServerLifecycle()", "module": "ingot-server"}
    logger.go:146: 2026-07-02T18:54:24.401Z	INFO	before run	{"name": "go.uber.org/fx.New.func1()", "kind": "provide"}
    logger.go:146: 2026-07-02T18:54:24.401Z	INFO	run	{"name": "go.uber.org/fx.New.func1()", "kind": "provide", "runtime": "15.389µs"}
    logger.go:146: 2026-07-02T18:54:24.401Z	INFO	before run	{"name": "stub(ingot.ServerConfig)", "kind": "supply"}
    logger.go:146: 2026-07-02T18:54:24.401Z	INFO	run	{"name": "stub(ingot.ServerConfig)", "kind": "supply", "runtime": "17.733µs"}
    logger.go:146: 2026-07-02T18:54:24.401Z	INFO	before run	{"name": "stub(*zap.Logger)", "kind": "supply"}
    logger.go:146: 2026-07-02T18:54:24.402Z	INFO	run	{"name": "stub(*zap.Logger)", "kind": "supply", "runtime": "21.99µs"}
    logger.go:146: 2026-07-02T18:54:24.402Z	INFO	before run	{"name": "fx.Annotate(github.com/fil-forge/ingot/testing.StartHarness.func9(), fx.As([[blockstore.BlockReader]])", "kind": "provide"}
    logger.go:146: 2026-07-02T18:54:24.402Z	INFO	run	{"name": "fx.Annotate(github.com/fil-forge/ingot/testing.StartHarness.func9(), fx.As([[blockstore.BlockReader]])", "kind": "provide", "runtime": "65.532µs"}
    logger.go:146: 2026-07-02T18:54:24.402Z	INFO	before run	{"name": "fx.Annotate(github.com/fil-forge/ingot/testing.StartHarness.func10(), fx.As([[uploader.Uploader]])", "kind": "provide"}
    logger.go:146: 2026-07-02T18:54:24.402Z	INFO	run	{"name": "fx.Annotate(github.com/fil-forge/ingot/testing.StartHarness.func10(), fx.As([[uploader.Uploader]])", "kind": "provide", "runtime": "51.857µs"}
    logger.go:146: 2026-07-02T18:54:24.402Z	INFO	before run	{"name": "fx.Annotate(github.com/fil-forge/ingot/testing.StartHarness.func11(), fx.As([[uploader.BodyUploader]])", "kind": "provide"}
    logger.go:146: 2026-07-02T18:54:24.403Z	INFO	run	{"name": "fx.Annotate(github.com/fil-forge/ingot/testing.StartHarness.func11(), fx.As([[uploader.BodyUploader]])", "kind": "provide", "runtime": "33.833µs"}
    logger.go:146: 2026-07-02T18:54:24.403Z	INFO	before run	{"name": "fx.Annotate(github.com/fil-forge/ingot/testing.StartHarness.func12(), fx.As([[uploader.BlobRemover]])", "kind": "provide"}
    logger.go:146: 2026-07-02T18:54:24.403Z	INFO	run	{"name": "fx.Annotate(github.com/fil-forge/ingot/testing.StartHarness.func12(), fx.As([[uploader.BlobRemover]])", "kind": "provide", "runtime": "28.312µs"}
    logger.go:146: 2026-07-02T18:54:24.403Z	INFO	before run	{"name": "fx.Annotate(github.com/fil-forge/ingot/testing.StartHarness.func2(), fx.As([[registry.Registry]])", "kind": "provide"}
    logger.go:146: 2026-07-02T18:54:24.403Z	INFO	run	{"name": "fx.Annotate(github.com/fil-forge/ingot/testing.StartHarness.func2(), fx.As([[registry.Registry]])", "kind": "provide", "runtime": "34.484µs"}
    logger.go:146: 2026-07-02T18:54:24.403Z	INFO	before run	{"name": "fx.Annotate(github.com/fil-forge/ingot/testing.StartHarness.func3(), fx.As([[registry.IntentStore]])", "kind": "provide"}
    logger.go:146: 2026-07-02T18:54:24.403Z	INFO	run	{"name": "fx.Annotate(github.com/fil-forge/ingot/testing.StartHarness.func3(), fx.As([[registry.IntentStore]])", "kind": "provide", "runtime": "34.805µs"}
    logger.go:146: 2026-07-02T18:54:24.403Z	INFO	before run	{"name": "fx.Annotate(github.com/fil-forge/ingot/testing.StartHarness.func4(), fx.As([[registry.LocationStore]])", "kind": "provide"}
    logger.go:146: 2026-07-02T18:54:24.403Z	INFO	run	{"name": "fx.Annotate(github.com/fil-forge/ingot/testing.StartHarness.func4(), fx.As([[registry.LocationStore]])", "kind": "provide", "runtime": "33.673µs"}
    logger.go:146: 2026-07-02T18:54:24.403Z	INFO	before run	{"name": "fx.Annotate(github.com/fil-forge/ingot/testing.StartHarness.func5(), fx.As([[registry.BlobRefStore]])", "kind": "provide"}
    logger.go:146: 2026-07-02T18:54:24.403Z	INFO	run	{"name": "fx.Annotate(github.com/fil-forge/ingot/testing.StartHarness.func5(), fx.As([[registry.BlobRefStore]])", "kind": "provide", "runtime": "32.931µs"}
    logger.go:146: 2026-07-02T18:54:24.404Z	INFO	before run	{"name": "fx.Annotate(github.com/fil-forge/ingot/testing.StartHarness.func6(), fx.As([[registry.GCStore]])", "kind": "provide"}
    logger.go:146: 2026-07-02T18:54:24.404Z	INFO	run	{"name": "fx.Annotate(github.com/fil-forge/ingot/testing.StartHarness.func6(), fx.As([[registry.GCStore]])", "kind": "provide", "runtime": "31.038µs"}
    logger.go:146: 2026-07-02T18:54:24.404Z	INFO	before run	{"name": "fx.Annotate(github.com/fil-forge/ingot/testing.StartHarness.func7(), fx.As([[registry.MultipartStore]])", "kind": "provide"}
    logger.go:146: 2026-07-02T18:54:24.404Z	INFO	run	{"name": "fx.Annotate(github.com/fil-forge/ingot/testing.StartHarness.func7(), fx.As([[registry.MultipartStore]])", "kind": "provide", "runtime": "33.873µs"}
    logger.go:146: 2026-07-02T18:54:24.404Z	INFO	before run	{"name": "fx.Annotate(github.com/fil-forge/ingot/testing.StartHarness.func8(), fx.As([[logstore.Meta]])", "kind": "provide"}
    logger.go:146: 2026-07-02T18:54:24.404Z	INFO	run	{"name": "fx.Annotate(github.com/fil-forge/ingot/testing.StartHarness.func8(), fx.As([[logstore.Meta]])", "kind": "provide", "runtime": "40.305µs"}
    logger.go:146: 2026-07-02T18:54:24.404Z	INFO	OnStart hook executing	{"callee": "github.com/fil-forge/ingot.registerServerLifecycle.func1()", "caller": "github.com/fil-forge/ingot.registerServerLifecycle"}
    logger.go:146: 2026-07-02T18:54:24.406Z	INFO	starting ingot S3 listener	{"addr": "127.0.0.1:45175", "region": "us-east-1", "data_dir": "/tmp/ingot-harness-1080784318", "max_blob_size": 268435456}
    logger.go:146: 2026-07-02T18:54:24.406Z	INFO	OnStart hook executed	{"callee": "github.com/fil-forge/ingot.registerServerLifecycle.func1()", "caller": "github.com/fil-forge/ingot.registerServerLifecycle", "runtime": "1.64353ms"}
    logger.go:146: 2026-07-02T18:54:24.406Z	INFO	started
SDK 2026/07/02 18:54:24 WARN Response has no supported checksum. Not validating response payload.
    logger.go:146: 2026-07-02T18:54:24.417Z	INFO	OnStop hook executing	{"callee": "github.com/fil-forge/ingot.registerServerLifecycle.func2()", "caller": "github.com/fil-forge/ingot.registerServerLifecycle"}
    logger.go:146: 2026-07-02T18:54:24.417Z	INFO	shutting down ingot S3 listener
    logger.go:146: 2026-07-02T18:54:24.418Z	ERROR	ingot listener error	{"error": "listener closed"}
    logger.go:146: 2026-07-02T18:54:24.419Z	INFO	OnStop hook executed	{"callee": "github.com/fil-forge/ingot.registerServerLifecycle.func2()", "caller": "github.com/fil-forge/ingot.registerServerLifecycle", "runtime": "1.704985ms"}
--- PASS: TestMultipart_FailedCompleteStaysAbortable (0.02s)
=== RUN   TestSmokeXFail_GetObject
    logger.go:146: 2026-07-02T18:54:24.422Z	INFO	provided	{"constructor": "go.uber.org/fx.New.func1()", "stacktrace": ["go.uber.org/fx.New (/home/runner/go/pkg/mod/go.uber.org/fx@v1.24.0/app.go:481)", "github.com/fil-forge/ingot/testing.StartHarness (/home/runner/work/ingot/ingot/testing/harness.go:142)", "github.com/fil-forge/ingot/testing.smokeHarness (/home/runner/work/ingot/ingot/testing/smoke_test.go:41)", "github.com/fil-forge/ingot/testing.TestSmokeXFail_GetObject (/home/runner/work/ingot/ingot/testing/smoke_test.go:329)", "testing.tRunner (/opt/hostedtoolcache/go/1.25.7/x64/src/testing/testing.go:1934)"], "moduletrace": ["go.uber.org/fx.New (/home/runner/go/pkg/mod/go.uber.org/fx@v1.24.0/app.go:481)", "github.com/fil-forge/ingot/testing.StartHarness (/home/runner/work/ingot/ingot/testing/harness.go:142)"], "type": "fx.Lifecycle"}
    logger.go:146: 2026-07-02T18:54:24.422Z	INFO	provided	{"constructor": "go.uber.org/fx.(*App).shutdowner-fm()", "stacktrace": ["go.uber.org/fx.New (/home/runner/go/pkg/mod/go.uber.org/fx@v1.24.0/app.go:481)", "github.com/fil-forge/ingot/testing.StartHarness (/home/runner/work/ingot/ingot/testing/harness.go:142)", "github.com/fil-forge/ingot/testing.smokeHarness (/home/runner/work/ingot/ingot/testing/smoke_test.go:41)", "github.com/fil-forge/ingot/testing.TestSmokeXFail_GetObject (/home/runner/work/ingot/ingot/testing/smoke_test.go:329)", "testing.tRunner (/opt/hostedtoolcache/go/1.25.7/x64/src/testing/testing.go:1934)"], "moduletrace": ["go.uber.org/fx.New (/home/runner/go/pkg/mod/go.uber.org/fx@v1.24.0/app.go:481)", "github.com/fil-forge/ingot/testing.StartHarness (/home/runner/work/ingot/ingot/testing/harness.go:142)"], "type": "fx.Shutdowner"}
    logger.go:146: 2026-07-02T18:54:24.422Z	INFO	provided	{"constructor": "go.uber.org/fx.(*App).dotGraph-fm()", "stacktrace": ["go.uber.org/fx.New (/home/runner/go/pkg/mod/go.uber.org/fx@v1.24.0/app.go:481)", "github.com/fil-forge/ingot/testing.StartHarness (/home/runner/work/ingot/ingot/testing/harness.go:142)", "github.com/fil-forge/ingot/testing.smokeHarness (/home/runner/work/ingot/ingot/testing/smoke_test.go:41)", "github.com/fil-forge/ingot/testing.TestSmokeXFail_GetObject (/home/runner/work/ingot/ingot/testing/smoke_test.go:329)", "testing.tRunner (/opt/hostedtoolcache/go/1.25.7/x64/src/testing/testing.go:1934)"], "moduletrace": ["go.uber.org/fx.New (/home/runner/go/pkg/mod/go.uber.org/fx@v1.24.0/app.go:481)", "github.com/fil-forge/ingot/testing.StartHarness (/home/runner/work/ingot/ingot/testing/harness.go:142)"], "type": "fx.DotGraph"}
    logger.go:146: 2026-07-02T18:54:24.422Z	INFO	supplied	{"type": "*zap.Logger", "stacktrace": ["github.com/fil-forge/ingot/testing.StartHarness (/home/runner/work/ingot/ingot/testing/harness.go:146)", "github.com/fil-forge/ingot/testing.smokeHarness (/home/runner/work/ingot/ingot/testing/smoke_test.go:41)", "github.com/fil-forge/ingot/testing.TestSmokeXFail_GetObject (/home/runner/work/ingot/ingot/testing/smoke_test.go:329)", "testing.tRunner (/opt/hostedtoolcache/go/1.25.7/x64/src/testing/testing.go:1934)"], "moduletrace": ["github.com/fil-forge/ingot/testing.StartHarness (/home/runner/work/ingot/ingot/testing/harness.go:146)", "github.com/fil-forge/ingot/testing.StartHarness (/home/runner/work/ingot/ingot/testing/harness.go:142)"]}
    logger.go:146: 2026-07-02T18:54:24.422Z	INFO	supplied	{"type": "ingot.ServerConfig", "stacktrace": ["github.com/fil-forge/ingot/testing.StartHarness (/home/runner/work/ingot/ingot/testing/harness.go:147)", "github.com/fil-forge/ingot/testing.smokeHarness (/home/runner/work/ingot/ingot/testing/smoke_test.go:41)", "github.com/fil-forge/ingot/testing.TestSmokeXFail_GetObject (/home/runner/work/ingot/ingot/testing/smoke_test.go:329)", "testing.tRunner (/opt/hostedtoolcache/go/1.25.7/x64/src/testing/testing.go:1934)"], "moduletrace": ["github.com/fil-forge/ingot/testing.StartHarness (/home/runner/work/ingot/ingot/testing/harness.go:147)", "github.com/fil-forge/ingot/testing.StartHarness (/home/runner/work/ingot/ingot/testing/harness.go:142)"]}
    logger.go:146: 2026-07-02T18:54:24.422Z	INFO	provided	{"constructor": "fx.Annotate(github.com/fil-forge/ingot/testing.StartHarness.func2(), fx.As([[registry.Registry]])", "stacktrace": ["github.com/fil-forge/ingot/testing.StartHarness (/home/runner/work/ingot/ingot/testing/harness.go:164)", "github.com/fil-forge/ingot/testing.smokeHarness (/home/runner/work/ingot/ingot/testing/smoke_test.go:41)", "github.com/fil-forge/ingot/testing.TestSmokeXFail_GetObject (/home/runner/work/ingot/ingot/testing/smoke_test.go:329)", "testing.tRunner (/opt/hostedtoolcache/go/1.25.7/x64/src/testing/testing.go:1934)"], "moduletrace": ["github.com/fil-forge/ingot/testing.StartHarness (/home/runner/work/ingot/ingot/testing/harness.go:164)", "github.com/fil-forge/ingot/testing.StartHarness (/home/runner/work/ingot/ingot/testing/harness.go:142)"], "type": "registry.Registry"}
    logger.go:146: 2026-07-02T18:54:24.422Z	INFO	provided	{"constructor": "fx.Annotate(github.com/fil-forge/ingot/testing.StartHarness.func3(), fx.As([[registry.IntentStore]])", "stacktrace": ["github.com/fil-forge/ingot/testing.StartHarness (/home/runner/work/ingot/ingot/testing/harness.go:164)", "github.com/fil-forge/ingot/testing.smokeHarness (/home/runner/work/ingot/ingot/testing/smoke_test.go:41)", "github.com/fil-forge/ingot/testing.TestSmokeXFail_GetObject (/home/runner/work/ingot/ingot/testing/smoke_test.go:329)", "testing.tRunner (/opt/hostedtoolcache/go/1.25.7/x64/src/testing/testing.go:1934)"], "moduletrace": ["github.com/fil-forge/ingot/testing.StartHarness (/home/runner/work/ingot/ingot/testing/harness.go:164)", "github.com/fil-forge/ingot/testing.StartHarness (/home/runner/work/ingot/ingot/testing/harness.go:142)"], "type": "registry.IntentStore"}
    logger.go:146: 2026-07-02T18:54:24.423Z	INFO	provided	{"constructor": "fx.Annotate(github.com/fil-forge/ingot/testing.StartHarness.func4(), fx.As([[registry.LocationStore]])", "stacktrace": ["github.com/fil-forge/ingot/testing.StartHarness (/home/runner/work/ingot/ingot/testing/harness.go:164)", "github.com/fil-forge/ingot/testing.smokeHarness (/home/runner/work/ingot/ingot/testing/smoke_test.go:41)", "github.com/fil-forge/ingot/testing.TestSmokeXFail_GetObject (/home/runner/work/ingot/ingot/testing/smoke_test.go:329)", "testing.tRunner (/opt/hostedtoolcache/go/1.25.7/x64/src/testing/testing.go:1934)"], "moduletrace": ["github.com/fil-forge/ingot/testing.StartHarness (/home/runner/work/ingot/ingot/testing/harness.go:164)", "github.com/fil-forge/ingot/testing.StartHarness (/home/runner/work/ingot/ingot/testing/harness.go:142)"], "type": "registry.LocationStore"}
    logger.go:146: 2026-07-02T18:54:24.423Z	INFO	provided	{"constructor": "fx.Annotate(github.com/fil-forge/ingot/testing.StartHarness.func5(), fx.As([[registry.BlobRefStore]])", "stacktrace": ["github.com/fil-forge/ingot/testing.StartHarness (/home/runner/work/ingot/ingot/testing/harness.go:164)", "github.com/fil-forge/ingot/testing.smokeHarness (/home/runner/work/ingot/ingot/testing/smoke_test.go:41)", "github.com/fil-forge/ingot/testing.TestSmokeXFail_GetObject (/home/runner/work/ingot/ingot/testing/smoke_test.go:329)", "testing.tRunner (/opt/hostedtoolcache/go/1.25.7/x64/src/testing/testing.go:1934)"], "moduletrace": ["github.com/fil-forge/ingot/testing.StartHarness (/home/runner/work/ingot/ingot/testing/harness.go:164)", "github.com/fil-forge/ingot/testing.StartHarness (/home/runner/work/ingot/ingot/testing/harness.go:142)"], "type": "registry.BlobRefStore"}
    logger.go:146: 2026-07-02T18:54:24.423Z	INFO	provided	{"constructor": "fx.Annotate(github.com/fil-forge/ingot/testing.StartHarness.func6(), fx.As([[registry.GCStore]])", "stacktrace": ["github.com/fil-forge/ingot/testing.StartHarness (/home/runner/work/ingot/ingot/testing/harness.go:164)", "github.com/fil-forge/ingot/testing.smokeHarness (/home/runner/work/ingot/ingot/testing/smoke_test.go:41)", "github.com/fil-forge/ingot/testing.TestSmokeXFail_GetObject (/home/runner/work/ingot/ingot/testing/smoke_test.go:329)", "testing.tRunner (/opt/hostedtoolcache/go/1.25.7/x64/src/testing/testing.go:1934)"], "moduletrace": ["github.com/fil-forge/ingot/testing.StartHarness (/home/runner/work/ingot/ingot/testing/harness.go:164)", "github.com/fil-forge/ingot/testing.StartHarness (/home/runner/work/ingot/ingot/testing/harness.go:142)"], "type": "registry.GCStore"}
    logger.go:146: 2026-07-02T18:54:24.423Z	INFO	provided	{"constructor": "fx.Annotate(github.com/fil-forge/ingot/testing.StartHarness.func7(), fx.As([[registry.MultipartStore]])", "stacktrace": ["github.com/fil-forge/ingot/testing.StartHarness (/home/runner/work/ingot/ingot/testing/harness.go:164)", "github.com/fil-forge/ingot/testing.smokeHarness (/home/runner/work/ingot/ingot/testing/smoke_test.go:41)", "github.com/fil-forge/ingot/testing.TestSmokeXFail_GetObject (/home/runner/work/ingot/ingot/testing/smoke_test.go:329)", "testing.tRunner (/opt/hostedtoolcache/go/1.25.7/x64/src/testing/testing.go:1934)"], "moduletrace": ["github.com/fil-forge/ingot/testing.StartHarness (/home/runner/work/ingot/ingot/testing/harness.go:164)", "github.com/fil-forge/ingot/testing.StartHarness (/home/runner/work/ingot/ingot/testing/harness.go:142)"], "type": "registry.MultipartStore"}
    logger.go:146: 2026-07-02T18:54:24.423Z	INFO	provided	{"constructor": "fx.Annotate(github.com/fil-forge/ingot/testing.StartHarness.func8(), fx.As([[logstore.Meta]])", "stacktrace": ["github.com/fil-forge/ingot/testing.StartHarness (/home/runner/work/ingot/ingot/testing/harness.go:164)", "github.com/fil-forge/ingot/testing.smokeHarness (/home/runner/work/ingot/ingot/testing/smoke_test.go:41)", "github.com/fil-forge/ingot/testing.TestSmokeXFail_GetObject (/home/runner/work/ingot/ingot/testing/smoke_test.go:329)", "testing.tRunner (/opt/hostedtoolcache/go/1.25.7/x64/src/testing/testing.go:1934)"], "moduletrace": ["github.com/fil-forge/ingot/testing.StartHarness (/home/runner/work/ingot/ingot/testing/harness.go:164)", "github.com/fil-forge/ingot/testing.StartHarness (/home/runner/work/ingot/ingot/testing/harness.go:142)"], "type": "logstore.Meta"}
    logger.go:146: 2026-07-02T18:54:24.423Z	INFO	provided	{"constructor": "fx.Annotate(github.com/fil-forge/ingot/testing.StartHarness.func9(), fx.As([[blockstore.BlockReader]])", "stacktrace": ["github.com/fil-forge/ingot/testing.StartHarness (/home/runner/work/ingot/ingot/testing/harness.go:164)", "github.com/fil-forge/ingot/testing.smokeHarness (/home/runner/work/ingot/ingot/testing/smoke_test.go:41)", "github.com/fil-forge/ingot/testing.TestSmokeXFail_GetObject (/home/runner/work/ingot/ingot/testing/smoke_test.go:329)", "testing.tRunner (/opt/hostedtoolcache/go/1.25.7/x64/src/testing/testing.go:1934)"], "moduletrace": ["github.com/fil-forge/ingot/testing.StartHarness (/home/runner/work/ingot/ingot/testing/harness.go:164)", "github.com/fil-forge/ingot/testing.StartHarness (/home/runner/work/ingot/ingot/testing/harness.go:142)"], "type": "blockstore.BlockReader"}
    logger.go:146: 2026-07-02T18:54:24.423Z	INFO	provided	{"constructor": "fx.Annotate(github.com/fil-forge/ingot/testing.StartHarness.func10(), fx.As([[uploader.Uploader]])", "stacktrace": ["github.com/fil-forge/ingot/testing.StartHarness (/home/runner/work/ingot/ingot/testing/harness.go:164)", "github.com/fil-forge/ingot/testing.smokeHarness (/home/runner/work/ingot/ingot/testing/smoke_test.go:41)", "github.com/fil-forge/ingot/testing.TestSmokeXFail_GetObject (/home/runner/work/ingot/ingot/testing/smoke_test.go:329)", "testing.tRunner (/opt/hostedtoolcache/go/1.25.7/x64/src/testing/testing.go:1934)"], "moduletrace": ["github.com/fil-forge/ingot/testing.StartHarness (/home/runner/work/ingot/ingot/testing/harness.go:164)", "github.com/fil-forge/ingot/testing.StartHarness (/home/runner/work/ingot/ingot/testing/harness.go:142)"], "type": "uploader.Uploader"}
    logger.go:146: 2026-07-02T18:54:24.423Z	INFO	provided	{"constructor": "fx.Annotate(github.com/fil-forge/ingot/testing.StartHarness.func11(), fx.As([[uploader.BodyUploader]])", "stacktrace": ["github.com/fil-forge/ingot/testing.StartHarness (/home/runner/work/ingot/ingot/testing/harness.go:164)", "github.com/fil-forge/ingot/testing.smokeHarness (/home/runner/work/ingot/ingot/testing/smoke_test.go:41)", "github.com/fil-forge/ingot/testing.TestSmokeXFail_GetObject (/home/runner/work/ingot/ingot/testing/smoke_test.go:329)", "testing.tRunner (/opt/hostedtoolcache/go/1.25.7/x64/src/testing/testing.go:1934)"], "moduletrace": ["github.com/fil-forge/ingot/testing.StartHarness (/home/runner/work/ingot/ingot/testing/harness.go:164)", "github.com/fil-forge/ingot/testing.StartHarness (/home/runner/work/ingot/ingot/testing/harness.go:142)"], "type": "uploader.BodyUploader"}
    logger.go:146: 2026-07-02T18:54:24.423Z	INFO	provided	{"constructor": "fx.Annotate(github.com/fil-forge/ingot/testing.StartHarness.func12(), fx.As([[uploader.BlobRemover]])", "stacktrace": ["github.com/fil-forge/ingot/testing.StartHarness (/home/runner/work/ingot/ingot/testing/harness.go:164)", "github.com/fil-forge/ingot/testing.smokeHarness (/home/runner/work/ingot/ingot/testing/smoke_test.go:41)", "github.com/fil-forge/ingot/testing.TestSmokeXFail_GetObject (/home/runner/work/ingot/ingot/testing/smoke_test.go:329)", "testing.tRunner (/opt/hostedtoolcache/go/1.25.7/x64/src/testing/testing.go:1934)"], "moduletrace": ["github.com/fil-forge/ingot/testing.StartHarness (/home/runner/work/ingot/ingot/testing/harness.go:164)", "github.com/fil-forge/ingot/testing.StartHarness (/home/runner/work/ingot/ingot/testing/harness.go:142)"], "type": "uploader.BlobRemover"}
    logger.go:146: 2026-07-02T18:54:24.423Z	INFO	initialized custom fxevent.Logger	{"function": "github.com/fil-forge/ingot/testing.StartHarness.func1()"}
    logger.go:146: 2026-07-02T18:54:24.423Z	INFO	invoking	{"function": "github.com/fil-forge/ingot.registerServerLifecycle()", "module": "ingot-server"}
    logger.go:146: 2026-07-02T18:54:24.423Z	INFO	before run	{"name": "go.uber.org/fx.New.func1()", "kind": "provide"}
    logger.go:146: 2026-07-02T18:54:24.423Z	INFO	run	{"name": "go.uber.org/fx.New.func1()", "kind": "provide", "runtime": "13.254µs"}
    logger.go:146: 2026-07-02T18:54:24.423Z	INFO	before run	{"name": "stub(ingot.ServerConfig)", "kind": "supply"}
    logger.go:146: 2026-07-02T18:54:24.424Z	INFO	run	{"name": "stub(ingot.ServerConfig)", "kind": "supply", "runtime": "24.004µs"}
    logger.go:146: 2026-07-02T18:54:24.424Z	INFO	before run	{"name": "stub(*zap.Logger)", "kind": "supply"}
    logger.go:146: 2026-07-02T18:54:24.424Z	INFO	run	{"name": "stub(*zap.Logger)", "kind": "supply", "runtime": "10.239µs"}
    logger.go:146: 2026-07-02T18:54:24.424Z	INFO	before run	{"name": "fx.Annotate(github.com/fil-forge/ingot/testing.StartHarness.func9(), fx.As([[blockstore.BlockReader]])", "kind": "provide"}
    logger.go:146: 2026-07-02T18:54:24.424Z	INFO	run	{"name": "fx.Annotate(github.com/fil-forge/ingot/testing.StartHarness.func9(), fx.As([[blockstore.BlockReader]])", "kind": "provide", "runtime": "58.489µs"}
    logger.go:146: 2026-07-02T18:54:24.424Z	INFO	before run	{"name": "fx.Annotate(github.com/fil-forge/ingot/testing.StartHarness.func10(), fx.As([[uploader.Uploader]])", "kind": "provide"}
    logger.go:146: 2026-07-02T18:54:24.424Z	INFO	run	{"name": "fx.Annotate(github.com/fil-forge/ingot/testing.StartHarness.func10(), fx.As([[uploader.Uploader]])", "kind": "provide", "runtime": "31.95µs"}
    logger.go:146: 2026-07-02T18:54:24.424Z	INFO	before run	{"name": "fx.Annotate(github.com/fil-forge/ingot/testing.StartHarness.func11(), fx.As([[uploader.BodyUploader]])", "kind": "provide"}
    logger.go:146: 2026-07-02T18:54:24.424Z	INFO	run	{"name": "fx.Annotate(github.com/fil-forge/ingot/testing.StartHarness.func11(), fx.As([[uploader.BodyUploader]])", "kind": "provide", "runtime": "25.828µs"}
    logger.go:146: 2026-07-02T18:54:24.424Z	INFO	before run	{"name": "fx.Annotate(github.com/fil-forge/ingot/testing.StartHarness.func12(), fx.As([[uploader.BlobRemover]])", "kind": "provide"}
    logger.go:146: 2026-07-02T18:54:24.424Z	INFO	run	{"name": "fx.Annotate(github.com/fil-forge/ingot/testing.StartHarness.func12(), fx.As([[uploader.BlobRemover]])", "kind": "provide", "runtime": "27.561µs"}
    logger.go:146: 2026-07-02T18:54:24.424Z	INFO	before run	{"name": "fx.Annotate(github.com/fil-forge/ingot/testing.StartHarness.func2(), fx.As([[registry.Registry]])", "kind": "provide"}
    logger.go:146: 2026-07-02T18:54:24.424Z	INFO	run	{"name": "fx.Annotate(github.com/fil-forge/ingot/testing.StartHarness.func2(), fx.As([[registry.Registry]])", "kind": "provide", "runtime": "30.396µs"}
    logger.go:146: 2026-07-02T18:54:24.424Z	INFO	before run	{"name": "fx.Annotate(github.com/fil-forge/ingot/testing.StartHarness.func3(), fx.As([[registry.IntentStore]])", "kind": "provide"}
    logger.go:146: 2026-07-02T18:54:24.425Z	INFO	run	{"name": "fx.Annotate(github.com/fil-forge/ingot/testing.StartHarness.func3(), fx.As([[registry.IntentStore]])", "kind": "provide", "runtime": "33.141µs"}
    logger.go:146: 2026-07-02T18:54:24.425Z	INFO	before run	{"name": "fx.Annotate(github.com/fil-forge/ingot/testing.StartHarness.func4(), fx.As([[registry.LocationStore]])", "kind": "provide"}
    logger.go:146: 2026-07-02T18:54:24.425Z	INFO	run	{"name": "fx.Annotate(github.com/fil-forge/ingot/testing.StartHarness.func4(), fx.As([[registry.LocationStore]])", "kind": "provide", "runtime": "34.705µs"}
    logger.go:146: 2026-07-02T18:54:24.425Z	INFO	before run	{"name": "fx.Annotate(github.com/fil-forge/ingot/testing.StartHarness.func5(), fx.As([[registry.BlobRefStore]])", "kind": "provide"}
    logger.go:146: 2026-07-02T18:54:24.425Z	INFO	run	{"name": "fx.Annotate(github.com/fil-forge/ingot/testing.StartHarness.func5(), fx.As([[registry.BlobRefStore]])", "kind": "provide", "runtime": "20.127µs"}
    logger.go:146: 2026-07-02T18:54:24.425Z	INFO	before run	{"name": "fx.Annotate(github.com/fil-forge/ingot/testing.StartHarness.func6(), fx.As([[registry.GCStore]])", "kind": "provide"}
    logger.go:146: 2026-07-02T18:54:24.425Z	INFO	run	{"name": "fx.Annotate(github.com/fil-forge/ingot/testing.StartHarness.func6(), fx.As([[registry.GCStore]])", "kind": "provide", "runtime": "29.575µs"}
    logger.go:146: 2026-07-02T18:54:24.425Z	INFO	before run	{"name": "fx.Annotate(github.com/fil-forge/ingot/testing.StartHarness.func7(), fx.As([[registry.MultipartStore]])", "kind": "provide"}
    logger.go:146: 2026-07-02T18:54:24.425Z	INFO	run	{"name": "fx.Annotate(github.com/fil-forge/ingot/testing.StartHarness.func7(), fx.As([[registry.MultipartStore]])", "kind": "provide", "runtime": "34.043µs"}
    logger.go:146: 2026-07-02T18:54:24.425Z	INFO	before run	{"name": "fx.Annotate(github.com/fil-forge/ingot/testing.StartHarness.func8(), fx.As([[logstore.Meta]])", "kind": "provide"}
    logger.go:146: 2026-07-02T18:54:24.425Z	INFO	run	{"name": "fx.Annotate(github.com/fil-forge/ingot/testing.StartHarness.func8(), fx.As([[logstore.Meta]])", "kind": "provide", "runtime": "45.294µs"}
    logger.go:146: 2026-07-02T18:54:24.426Z	INFO	OnStart hook executing	{"callee": "github.com/fil-forge/ingot.registerServerLifecycle.func1()", "caller": "github.com/fil-forge/ingot.registerServerLifecycle"}
    logger.go:146: 2026-07-02T18:54:24.427Z	INFO	starting ingot S3 listener	{"addr": "127.0.0.1:33189", "region": "us-east-1", "data_dir": "/tmp/ingot-harness-1820238032", "max_blob_size": 268435456}
    logger.go:146: 2026-07-02T18:54:24.427Z	INFO	OnStart hook executed	{"callee": "github.com/fil-forge/ingot.registerServerLifecycle.func1()", "caller": "github.com/fil-forge/ingot.registerServerLifecycle", "runtime": "1.585542ms"}
    logger.go:146: 2026-07-02T18:54:24.427Z	INFO	started
=== RUN   TestSmokeXFail_GetObject/directory_success
RUN  GetObject_directory_success
FAIL GetObject_directory_success: expected content type application/x-directory, instead got binary/octet-stream
    smoke_test.go:337: known-failing: expected content type application/x-directory, instead got binary/octet-stream
=== RUN   TestSmokeXFail_GetObject/overrides_fail_public
RUN  GetObject_overrides_fail_public
FAIL GetObject_overrides_fail_public: operation error S3: PutBucketPolicy, https response error StatusCode: 501, RequestID: , HostID: , api error NotImplemented: A header you provided implies functionality that is not implemented.
    smoke_test.go:337: known-failing: operation error S3: PutBucketPolicy, https response error StatusCode: 501, RequestID: , HostID: , api error NotImplemented: A header you provided implies functionality that is not implemented.
=== RUN   TestSmokeXFail_GetObject/success
RUN  GetObject_success
FAIL GetObject_success: expected tag count to be 2, instead got 0
    smoke_test.go:337: known-failing: expected tag count to be 2, instead got 0
=== NAME  TestSmokeXFail_GetObject
    logger.go:146: 2026-07-02T18:54:24.468Z	INFO	OnStop hook executing	{"callee": "github.com/fil-forge/ingot.registerServerLifecycle.func2()", "caller": "github.com/fil-forge/ingot.registerServerLifecycle"}
    logger.go:146: 2026-07-02T18:54:24.468Z	INFO	shutting down ingot S3 listener
    logger.go:146: 2026-07-02T18:54:24.468Z	ERROR	ingot listener error	{"error": "listener closed"}
    logger.go:146: 2026-07-02T18:54:24.469Z	INFO	OnStop hook executed	{"callee": "github.com/fil-forge/ingot.registerServerLifecycle.func2()", "caller": "github.com/fil-forge/ingot.registerServerLifecycle", "runtime": "487.942µs"}
--- PASS: TestSmokeXFail_GetObject (0.05s)
    --- SKIP: TestSmokeXFail_GetObject/directory_success (0.01s)
    --- SKIP: TestSmokeXFail_GetObject/overrides_fail_public (0.01s)
    --- SKIP: TestSmokeXFail_GetObject/success (0.02s)
=== RUN   TestSmoke_HeadObject
    logger.go:146: 2026-07-02T18:54:24.472Z	INFO	provided	{"constructor": "go.uber.org/fx.New.func1()", "stacktrace": ["go.uber.org/fx.New (/home/runner/go/pkg/mod/go.uber.org/fx@v1.24.0/app.go:481)", "github.com/fil-forge/ingot/testing.StartHarness (/home/runner/work/ingot/ingot/testing/harness.go:142)", "github.com/fil-forge/ingot/testing.smokeHarness (/home/runner/work/ingot/ingot/testing/smoke_test.go:41)", "github.com/fil-forge/ingot/testing.TestSmoke_HeadObject (/home/runner/work/ingot/ingot/testing/smoke_test.go:220)", "testing.tRunner (/opt/hostedtoolcache/go/1.25.7/x64/src/testing/testing.go:1934)"], "moduletrace": ["go.uber.org/fx.New (/home/runner/go/pkg/mod/go.uber.org/fx@v1.24.0/app.go:481)", "github.com/fil-forge/ingot/testing.StartHarness (/home/runner/work/ingot/ingot/testing/harness.go:142)"], "type": "fx.Lifecycle"}
    logger.go:146: 2026-07-02T18:54:24.472Z	INFO	provided	{"constructor": "go.uber.org/fx.(*App).shutdowner-fm()", "stacktrace": ["go.uber.org/fx.New (/home/runner/go/pkg/mod/go.uber.org/fx@v1.24.0/app.go:481)", "github.com/fil-forge/ingot/testing.StartHarness (/home/runner/work/ingot/ingot/testing/harness.go:142)", "github.com/fil-forge/ingot/testing.smokeHarness (/home/runner/work/ingot/ingot/testing/smoke_test.go:41)", "github.com/fil-forge/ingot/testing.TestSmoke_HeadObject (/home/runner/work/ingot/ingot/testing/smoke_test.go:220)", "testing.tRunner (/opt/hostedtoolcache/go/1.25.7/x64/src/testing/testing.go:1934)"], "moduletrace": ["go.uber.org/fx.New (/home/runner/go/pkg/mod/go.uber.org/fx@v1.24.0/app.go:481)", "github.com/fil-forge/ingot/testing.StartHarness (/home/runner/work/ingot/ingot/testing/harness.go:142)"], "type": "fx.Shutdowner"}
    logger.go:146: 2026-07-02T18:54:24.472Z	INFO	provided	{"constructor": "go.uber.org/fx.(*App).dotGraph-fm()", "stacktrace": ["go.uber.org/fx.New (/home/runner/go/pkg/mod/go.uber.org/fx@v1.24.0/app.go:481)", "github.com/fil-forge/ingot/testing.StartHarness (/home/runner/work/ingot/ingot/testing/harness.go:142)", "github.com/fil-forge/ingot/testing.smokeHarness (/home/runner/work/ingot/ingot/testing/smoke_test.go:41)", "github.com/fil-forge/ingot/testing.TestSmoke_HeadObject (/home/runner/work/ingot/ingot/testing/smoke_test.go:220)", "testing.tRunner (/opt/hostedtoolcache/go/1.25.7/x64/src/testing/testing.go:1934)"], "moduletrace": ["go.uber.org/fx.New (/home/runner/go/pkg/mod/go.uber.org/fx@v1.24.0/app.go:481)", "github.com/fil-forge/ingot/testing.StartHarness (/home/runner/work/ingot/ingot/testing/harness.go:142)"], "type": "fx.DotGraph"}
    logger.go:146: 2026-07-02T18:54:24.472Z	INFO	supplied	{"type": "*zap.Logger", "stacktrace": ["github.com/fil-forge/ingot/testing.StartHarness (/home/runner/work/ingot/ingot/testing/harness.go:146)", "github.com/fil-forge/ingot/testing.smokeHarness (/home/runner/work/ingot/ingot/testing/smoke_test.go:41)", "github.com/fil-forge/ingot/testing.TestSmoke_HeadObject (/home/runner/work/ingot/ingot/testing/smoke_test.go:220)", "testing.tRunner (/opt/hostedtoolcache/go/1.25.7/x64/src/testing/testing.go:1934)"], "moduletrace": ["github.com/fil-forge/ingot/testing.StartHarness (/home/runner/work/ingot/ingot/testing/harness.go:146)", "github.com/fil-forge/ingot/testing.StartHarness (/home/runner/work/ingot/ingot/testing/harness.go:142)"]}
    logger.go:146: 2026-07-02T18:54:24.472Z	INFO	supplied	{"type": "ingot.ServerConfig", "stacktrace": ["github.com/fil-forge/ingot/testing.StartHarness (/home/runner/work/ingot/ingot/testing/harness.go:147)", "github.com/fil-forge/ingot/testing.smokeHarness (/home/runner/work/ingot/ingot/testing/smoke_test.go:41)", "github.com/fil-forge/ingot/testing.TestSmoke_HeadObject (/home/runner/work/ingot/ingot/testing/smoke_test.go:220)", "testing.tRunner (/opt/hostedtoolcache/go/1.25.7/x64/src/testing/testing.go:1934)"], "moduletrace": ["github.com/fil-forge/ingot/testing.StartHarness (/home/runner/work/ingot/ingot/testing/harness.go:147)", "github.com/fil-forge/ingot/testing.StartHarness (/home/runner/work/ingot/ingot/testing/harness.go:142)"]}
    logger.go:146: 2026-07-02T18:54:24.472Z	INFO	provided	{"constructor": "fx.Annotate(github.com/fil-forge/ingot/testing.StartHarness.func2(), fx.As([[registry.Registry]])", "stacktrace": ["github.com/fil-forge/ingot/testing.StartHarness (/home/runner/work/ingot/ingot/testing/harness.go:164)", "github.com/fil-forge/ingot/testing.smokeHarness (/home/runner/work/ingot/ingot/testing/smoke_test.go:41)", "github.com/fil-forge/ingot/testing.TestSmoke_HeadObject (/home/runner/work/ingot/ingot/testing/smoke_test.go:220)", "testing.tRunner (/opt/hostedtoolcache/go/1.25.7/x64/src/testing/testing.go:1934)"], "moduletrace": ["github.com/fil-forge/ingot/testing.StartHarness (/home/runner/work/ingot/ingot/testing/harness.go:164)", "github.com/fil-forge/ingot/testing.StartHarness (/home/runner/work/ingot/ingot/testing/harness.go:142)"], "type": "registry.Registry"}
    logger.go:146: 2026-07-02T18:54:24.472Z	INFO	provided	{"constructor": "fx.Annotate(github.com/fil-forge/ingot/testing.StartHarness.func3(), fx.As([[registry.IntentStore]])", "stacktrace": ["github.com/fil-forge/ingot/testing.StartHarness (/home/runner/work/ingot/ingot/testing/harness.go:164)", "github.com/fil-forge/ingot/testing.smokeHarness (/home/runner/work/ingot/ingot/testing/smoke_test.go:41)", "github.com/fil-forge/ingot/testing.TestSmoke_HeadObject (/home/runner/work/ingot/ingot/testing/smoke_test.go:220)", "testing.tRunner (/opt/hostedtoolcache/go/1.25.7/x64/src/testing/testing.go:1934)"], "moduletrace": ["github.com/fil-forge/ingot/testing.StartHarness (/home/runner/work/ingot/ingot/testing/harness.go:164)", "github.com/fil-forge/ingot/testing.StartHarness (/home/runner/work/ingot/ingot/testing/harness.go:142)"], "type": "registry.IntentStore"}
    logger.go:146: 2026-07-02T18:54:24.472Z	INFO	provided	{"constructor": "fx.Annotate(github.com/fil-forge/ingot/testing.StartHarness.func4(), fx.As([[registry.LocationStore]])", "stacktrace": ["github.com/fil-forge/ingot/testing.StartHarness (/home/runner/work/ingot/ingot/testing/harness.go:164)", "github.com/fil-forge/ingot/testing.smokeHarness (/home/runner/work/ingot/ingot/testing/smoke_test.go:41)", "github.com/fil-forge/ingot/testing.TestSmoke_HeadObject (/home/runner/work/ingot/ingot/testing/smoke_test.go:220)", "testing.tRunner (/opt/hostedtoolcache/go/1.25.7/x64/src/testing/testing.go:1934)"], "moduletrace": ["github.com/fil-forge/ingot/testing.StartHarness (/home/runner/work/ingot/ingot/testing/harness.go:164)", "github.com/fil-forge/ingot/testing.StartHarness (/home/runner/work/ingot/ingot/testing/harness.go:142)"], "type": "registry.LocationStore"}
    logger.go:146: 2026-07-02T18:54:24.473Z	INFO	provided	{"constructor": "fx.Annotate(github.com/fil-forge/ingot/testing.StartHarness.func5(), fx.As([[registry.BlobRefStore]])", "stacktrace": ["github.com/fil-forge/ingot/testing.StartHarness (/home/runner/work/ingot/ingot/testing/harness.go:164)", "github.com/fil-forge/ingot/testing.smokeHarness (/home/runner/work/ingot/ingot/testing/smoke_test.go:41)", "github.com/fil-forge/ingot/testing.TestSmoke_HeadObject (/home/runner/work/ingot/ingot/testing/smoke_test.go:220)", "testing.tRunner (/opt/hostedtoolcache/go/1.25.7/x64/src/testing/testing.go:1934)"], "moduletrace": ["github.com/fil-forge/ingot/testing.StartHarness (/home/runner/work/ingot/ingot/testing/harness.go:164)", "github.com/fil-forge/ingot/testing.StartHarness (/home/runner/work/ingot/ingot/testing/harness.go:142)"], "type": "registry.BlobRefStore"}
    logger.go:146: 2026-07-02T18:54:24.473Z	INFO	provided	{"constructor": "fx.Annotate(github.com/fil-forge/ingot/testing.StartHarness.func6(), fx.As([[registry.GCStore]])", "stacktrace": ["github.com/fil-forge/ingot/testing.StartHarness (/home/runner/work/ingot/ingot/testing/harness.go:164)", "github.com/fil-forge/ingot/testing.smokeHarness (/home/runner/work/ingot/ingot/testing/smoke_test.go:41)", "github.com/fil-forge/ingot/testing.TestSmoke_HeadObject (/home/runner/work/ingot/ingot/testing/smoke_test.go:220)", "testing.tRunner (/opt/hostedtoolcache/go/1.25.7/x64/src/testing/testing.go:1934)"], "moduletrace": ["github.com/fil-forge/ingot/testing.StartHarness (/home/runner/work/ingot/ingot/testing/harness.go:164)", "github.com/fil-forge/ingot/testing.StartHarness (/home/runner/work/ingot/ingot/testing/harness.go:142)"], "type": "registry.GCStore"}
    logger.go:146: 2026-07-02T18:54:24.473Z	INFO	provided	{"constructor": "fx.Annotate(github.com/fil-forge/ingot/testing.StartHarness.func7(), fx.As([[registry.MultipartStore]])", "stacktrace": ["github.com/fil-forge/ingot/testing.StartHarness (/home/runner/work/ingot/ingot/testing/harness.go:164)", "github.com/fil-forge/ingot/testing.smokeHarness (/home/runner/work/ingot/ingot/testing/smoke_test.go:41)", "github.com/fil-forge/ingot/testing.TestSmoke_HeadObject (/home/runner/work/ingot/ingot/testing/smoke_test.go:220)", "testing.tRunner (/opt/hostedtoolcache/go/1.25.7/x64/src/testing/testing.go:1934)"], "moduletrace": ["github.com/fil-forge/ingot/testing.StartHarness (/home/runner/work/ingot/ingot/testing/harness.go:164)", "github.com/fil-forge/ingot/testing.StartHarness (/home/runner/work/ingot/ingot/testing/harness.go:142)"], "type": "registry.MultipartStore"}
    logger.go:146: 2026-07-02T18:54:24.473Z	INFO	provided	{"constructor": "fx.Annotate(github.com/fil-forge/ingot/testing.StartHarness.func8(), fx.As([[logstore.Meta]])", "stacktrace": ["github.com/fil-forge/ingot/testing.StartHarness (/home/runner/work/ingot/ingot/testing/harness.go:164)", "github.com/fil-forge/ingot/testing.smokeHarness (/home/runner/work/ingot/ingot/testing/smoke_test.go:41)", "github.com/fil-forge/ingot/testing.TestSmoke_HeadObject (/home/runner/work/ingot/ingot/testing/smoke_test.go:220)", "testing.tRunner (/opt/hostedtoolcache/go/1.25.7/x64/src/testing/testing.go:1934)"], "moduletrace": ["github.com/fil-forge/ingot/testing.StartHarness (/home/runner/work/ingot/ingot/testing/harness.go:164)", "github.com/fil-forge/ingot/testing.StartHarness (/home/runner/work/ingot/ingot/testing/harness.go:142)"], "type": "logstore.Meta"}
    logger.go:146: 2026-07-02T18:54:24.473Z	INFO	provided	{"constructor": "fx.Annotate(github.com/fil-forge/ingot/testing.StartHarness.func9(), fx.As([[blockstore.BlockReader]])", "stacktrace": ["github.com/fil-forge/ingot/testing.StartHarness (/home/runner/work/ingot/ingot/testing/harness.go:164)", "github.com/fil-forge/ingot/testing.smokeHarness (/home/runner/work/ingot/ingot/testing/smoke_test.go:41)", "github.com/fil-forge/ingot/testing.TestSmoke_HeadObject (/home/runner/work/ingot/ingot/testing/smoke_test.go:220)", "testing.tRunner (/opt/hostedtoolcache/go/1.25.7/x64/src/testing/testing.go:1934)"], "moduletrace": ["github.com/fil-forge/ingot/testing.StartHarness (/home/runner/work/ingot/ingot/testing/harness.go:164)", "github.com/fil-forge/ingot/testing.StartHarness (/home/runner/work/ingot/ingot/testing/harness.go:142)"], "type": "blockstore.BlockReader"}
    logger.go:146: 2026-07-02T18:54:24.473Z	INFO	provided	{"constructor": "fx.Annotate(github.com/fil-forge/ingot/testing.StartHarness.func10(), fx.As([[uploader.Uploader]])", "stacktrace": ["github.com/fil-forge/ingot/testing.StartHarness (/home/runner/work/ingot/ingot/testing/harness.go:164)", "github.com/fil-forge/ingot/testing.smokeHarness (/home/runner/work/ingot/ingot/testing/smoke_test.go:41)", "github.com/fil-forge/ingot/testing.TestSmoke_HeadObject (/home/runner/work/ingot/ingot/testing/smoke_test.go:220)", "testing.tRunner (/opt/hostedtoolcache/go/1.25.7/x64/src/testing/testing.go:1934)"], "moduletrace": ["github.com/fil-forge/ingot/testing.StartHarness (/home/runner/work/ingot/ingot/testing/harness.go:164)", "github.com/fil-forge/ingot/testing.StartHarness (/home/runner/work/ingot/ingot/testing/harness.go:142)"], "type": "uploader.Uploader"}
    logger.go:146: 2026-07-02T18:54:24.473Z	INFO	provided	{"constructor": "fx.Annotate(github.com/fil-forge/ingot/testing.StartHarness.func11(), fx.As([[uploader.BodyUploader]])", "stacktrace": ["github.com/fil-forge/ingot/testing.StartHarness (/home/runner/work/ingot/ingot/testing/harness.go:164)", "github.com/fil-forge/ingot/testing.smokeHarness (/home/runner/work/ingot/ingot/testing/smoke_test.go:41)", "github.com/fil-forge/ingot/testing.TestSmoke_HeadObject (/home/runner/work/ingot/ingot/testing/smoke_test.go:220)", "testing.tRunner (/opt/hostedtoolcache/go/1.25.7/x64/src/testing/testing.go:1934)"], "moduletrace": ["github.com/fil-forge/ingot/testing.StartHarness (/home/runner/work/ingot/ingot/testing/harness.go:164)", "github.com/fil-forge/ingot/testing.StartHarness (/home/runner/work/ingot/ingot/testing/harness.go:142)"], "type": "uploader.BodyUploader"}
    logger.go:146: 2026-07-02T18:54:24.473Z	INFO	provided	{"constructor": "fx.Annotate(github.com/fil-forge/ingot/testing.StartHarness.func12(), fx.As([[uploader.BlobRemover]])", "stacktrace": ["github.com/fil-forge/ingot/testing.StartHarness (/home/runner/work/ingot/ingot/testing/harness.go:164)", "github.com/fil-forge/ingot/testing.smokeHarness (/home/runner/work/ingot/ingot/testing/smoke_test.go:41)", "github.com/fil-forge/ingot/testing.TestSmoke_HeadObject (/home/runner/work/ingot/ingot/testing/smoke_test.go:220)", "testing.tRunner (/opt/hostedtoolcache/go/1.25.7/x64/src/testing/testing.go:1934)"], "moduletrace": ["github.com/fil-forge/ingot/testing.StartHarness (/home/runner/work/ingot/ingot/testing/harness.go:164)", "github.com/fil-forge/ingot/testing.StartHarness (/home/runner/work/ingot/ingot/testing/harness.go:142)"], "type": "uploader.BlobRemover"}
    logger.go:146: 2026-07-02T18:54:24.473Z	INFO	initialized custom fxevent.Logger	{"function": "github.com/fil-forge/ingot/testing.StartHarness.func1()"}
    logger.go:146: 2026-07-02T18:54:24.473Z	INFO	invoking	{"function": "github.com/fil-forge/ingot.registerServerLifecycle()", "module": "ingot-server"}
    logger.go:146: 2026-07-02T18:54:24.473Z	INFO	before run	{"name": "go.uber.org/fx.New.func1()", "kind": "provide"}
    logger.go:146: 2026-07-02T18:54:24.473Z	INFO	run	{"name": "go.uber.org/fx.New.func1()", "kind": "provide", "runtime": "15.188µs"}
    logger.go:146: 2026-07-02T18:54:24.474Z	INFO	before run	{"name": "stub(ingot.ServerConfig)", "kind": "supply"}
    logger.go:146: 2026-07-02T18:54:24.474Z	INFO	run	{"name": "stub(ingot.ServerConfig)", "kind": "supply", "runtime": "17.382µs"}
    logger.go:146: 2026-07-02T18:54:24.474Z	INFO	before run	{"name": "stub(*zap.Logger)", "kind": "supply"}
    logger.go:146: 2026-07-02T18:54:24.474Z	INFO	run	{"name": "stub(*zap.Logger)", "kind": "supply", "runtime": "15.709µs"}
    logger.go:146: 2026-07-02T18:54:24.474Z	INFO	before run	{"name": "fx.Annotate(github.com/fil-forge/ingot/testing.StartHarness.func9(), fx.As([[blockstore.BlockReader]])", "kind": "provide"}
    logger.go:146: 2026-07-02T18:54:24.474Z	INFO	run	{"name": "fx.Annotate(github.com/fil-forge/ingot/testing.StartHarness.func9(), fx.As([[blockstore.BlockReader]])", "kind": "provide", "runtime": "55.142µs"}
    logger.go:146: 2026-07-02T18:54:24.474Z	INFO	before run	{"name": "fx.Annotate(github.com/fil-forge/ingot/testing.StartHarness.func10(), fx.As([[uploader.Uploader]])", "kind": "provide"}
    logger.go:146: 2026-07-02T18:54:24.474Z	INFO	run	{"name": "fx.Annotate(github.com/fil-forge/ingot/testing.StartHarness.func10(), fx.As([[uploader.Uploader]])", "kind": "provide", "runtime": "26.039µs"}
    logger.go:146: 2026-07-02T18:54:24.474Z	INFO	before run	{"name": "fx.Annotate(github.com/fil-forge/ingot/testing.StartHarness.func11(), fx.As([[uploader.BodyUploader]])", "kind": "provide"}
    logger.go:146: 2026-07-02T18:54:24.474Z	INFO	run	{"name": "fx.Annotate(github.com/fil-forge/ingot/testing.StartHarness.func11(), fx.As([[uploader.BodyUploader]])", "kind": "provide", "runtime": "31.128µs"}
    logger.go:146: 2026-07-02T18:54:24.474Z	INFO	before run	{"name": "fx.Annotate(github.com/fil-forge/ingot/testing.StartHarness.func12(), fx.As([[uploader.BlobRemover]])", "kind": "provide"}
    logger.go:146: 2026-07-02T18:54:24.474Z	INFO	run	{"name": "fx.Annotate(github.com/fil-forge/ingot/testing.StartHarness.func12(), fx.As([[uploader.BlobRemover]])", "kind": "provide", "runtime": "30.627µs"}
    logger.go:146: 2026-07-02T18:54:24.474Z	INFO	before run	{"name": "fx.Annotate(github.com/fil-forge/ingot/testing.StartHarness.func2(), fx.As([[registry.Registry]])", "kind": "provide"}
    logger.go:146: 2026-07-02T18:54:24.475Z	INFO	run	{"name": "fx.Annotate(github.com/fil-forge/ingot/testing.StartHarness.func2(), fx.As([[registry.Registry]])", "kind": "provide", "runtime": "41.697µs"}
    logger.go:146: 2026-07-02T18:54:24.475Z	INFO	before run	{"name": "fx.Annotate(github.com/fil-forge/ingot/testing.StartHarness.func3(), fx.As([[registry.IntentStore]])", "kind": "provide"}
    logger.go:146: 2026-07-02T18:54:24.475Z	INFO	run	{"name": "fx.Annotate(github.com/fil-forge/ingot/testing.StartHarness.func3(), fx.As([[registry.IntentStore]])", "kind": "provide", "runtime": "40.616µs"}
    logger.go:146: 2026-07-02T18:54:24.475Z	INFO	before run	{"name": "fx.Annotate(github.com/fil-forge/ingot/testing.StartHarness.func4(), fx.As([[registry.LocationStore]])", "kind": "provide"}
    logger.go:146: 2026-07-02T18:54:24.475Z	INFO	run	{"name": "fx.Annotate(github.com/fil-forge/ingot/testing.StartHarness.func4(), fx.As([[registry.LocationStore]])", "kind": "provide", "runtime": "39.223µs"}
    logger.go:146: 2026-07-02T18:54:24.475Z	INFO	before run	{"name": "fx.Annotate(github.com/fil-forge/ingot/testing.StartHarness.func5(), fx.As([[registry.BlobRefStore]])", "kind": "provide"}
    logger.go:146: 2026-07-02T18:54:24.475Z	INFO	run	{"name": "fx.Annotate(github.com/fil-forge/ingot/testing.StartHarness.func5(), fx.As([[registry.BlobRefStore]])", "kind": "provide", "runtime": "39.273µs"}
    logger.go:146: 2026-07-02T18:54:24.475Z	INFO	before run	{"name": "fx.Annotate(github.com/fil-forge/ingot/testing.StartHarness.func6(), fx.As([[registry.GCStore]])", "kind": "provide"}
    logger.go:146: 2026-07-02T18:54:24.475Z	INFO	run	{"name": "fx.Annotate(github.com/fil-forge/ingot/testing.StartHarness.func6(), fx.As([[registry.GCStore]])", "kind": "provide", "runtime": "39.183µs"}
    logger.go:146: 2026-07-02T18:54:24.475Z	INFO	before run	{"name": "fx.Annotate(github.com/fil-forge/ingot/testing.StartHarness.func7(), fx.As([[registry.MultipartStore]])", "kind": "provide"}
    logger.go:146: 2026-07-02T18:54:24.475Z	INFO	run	{"name": "fx.Annotate(github.com/fil-forge/ingot/testing.StartHarness.func7(), fx.As([[registry.MultipartStore]])", "kind": "provide", "runtime": "37.841µs"}
    logger.go:146: 2026-07-02T18:54:24.475Z	INFO	before run	{"name": "fx.Annotate(github.com/fil-forge/ingot/testing.StartHarness.func8(), fx.As([[logstore.Meta]])", "kind": "provide"}
    logger.go:146: 2026-07-02T18:54:24.476Z	INFO	run	{"name": "fx.Annotate(github.com/fil-forge/ingot/testing.StartHarness.func8(), fx.As([[logstore.Meta]])", "kind": "provide", "runtime": "41.027µs"}
    logger.go:146: 2026-07-02T18:54:24.476Z	INFO	OnStart hook executing	{"callee": "github.com/fil-forge/ingot.registerServerLifecycle.func1()", "caller": "github.com/fil-forge/ingot.registerServerLifecycle"}
    logger.go:146: 2026-07-02T18:54:24.478Z	INFO	starting ingot S3 listener	{"addr": "127.0.0.1:35311", "region": "us-east-1", "data_dir": "/tmp/ingot-harness-4251082191", "max_blob_size": 268435456}
    logger.go:146: 2026-07-02T18:54:24.478Z	INFO	OnStart hook executed	{"callee": "github.com/fil-forge/ingot.registerServerLifecycle.func1()", "caller": "github.com/fil-forge/ingot.registerServerLifecycle", "runtime": "1.637608ms"}
    logger.go:146: 2026-07-02T18:54:24.478Z	INFO	started
=== RUN   TestSmoke_HeadObject/checksums
RUN  HeadObject_checksums
PASS HeadObject_checksums
=== RUN   TestSmoke_HeadObject/conditional_reads
RUN  HeadObject_conditional_reads
PASS HeadObject_conditional_reads
=== RUN   TestSmoke_HeadObject/directory_object_noslash
RUN  HeadObject_directory_object_noslash
PASS HeadObject_directory_object_noslash
=== RUN   TestSmoke_HeadObject/empty_object_part_number_1
RUN  HeadObject_empty_object_part_number_1
PASS HeadObject_empty_object_part_number_1
=== RUN   TestSmoke_HeadObject/invalid_parent_dir
RUN  HeadObject_invalid_parent_dir
PASS HeadObject_invalid_parent_dir
=== RUN   TestSmoke_HeadObject/invalid_part_number
RUN  HeadObject_invalid_part_number
PASS HeadObject_invalid_part_number
=== RUN   TestSmoke_HeadObject/mp_part_number_exceeds_parts_count
RUN  HeadObject_mp_part_number_exceeds_parts_count
PASS HeadObject_mp_part_number_exceeds_parts_count
=== RUN   TestSmoke_HeadObject/mp_part_number_resp_status
RUN  HeadObject_mp_part_number_resp_status
PASS HeadObject_mp_part_number_resp_status
=== RUN   TestSmoke_HeadObject/mp_part_number_success
RUN  HeadObject_mp_part_number_success
PASS HeadObject_mp_part_number_success
=== RUN   TestSmoke_HeadObject/non_mp_part_number_1_success
RUN  HeadObject_non_mp_part_number_1_success
PASS HeadObject_non_mp_part_number_1_success
=== RUN   TestSmoke_HeadObject/non_existing_dir_object
RUN  HeadObject_non_existing_dir_object
PASS HeadObject_non_existing_dir_object
=== RUN   TestSmoke_HeadObject/non_existing_object
RUN  HeadObject_non_existing_object
PASS HeadObject_non_existing_object
=== RUN   TestSmoke_HeadObject/not_enabled_checksum_mode
RUN  HeadObject_not_enabled_checksum_mode
PASS HeadObject_not_enabled_checksum_mode
=== RUN   TestSmoke_HeadObject/overrides_presign_success
RUN  HeadObject_overrides_presign_success
PASS HeadObject_overrides_presign_success
=== RUN   TestSmoke_HeadObject/overrides_success
RUN  HeadObject_overrides_success
PASS HeadObject_overrides_success
=== RUN   TestSmoke_HeadObject/range_and_part_number
RUN  HeadObject_range_and_part_number
PASS HeadObject_range_and_part_number
=== RUN   TestSmoke_HeadObject/by_range_resp_status
RUN  HeadObject_by_range_resp_status
PASS HeadObject_by_range_resp_status
=== RUN   TestSmoke_HeadObject/dir_with_range
RUN  HeadObject_dir_with_range
PASS HeadObject_dir_with_range
=== RUN   TestSmoke_HeadObject/ranged_with_checksum_mode
RUN  HeadObject_ranged_with_checksum_mode
PASS HeadObject_ranged_with_checksum_mode
=== RUN   TestSmoke_HeadObject/with_range
RUN  HeadObject_with_range
PASS HeadObject_with_range
=== RUN   TestSmoke_HeadObject/zero_len_with_range
RUN  HeadObject_zero_len_with_range
PASS HeadObject_zero_len_with_range
=== NAME  TestSmoke_HeadObject
    logger.go:146: 2026-07-02T18:54:26.634Z	INFO	OnStop hook executing	{"callee": "github.com/fil-forge/ingot.registerServerLifecycle.func2()", "caller": "github.com/fil-forge/ingot.registerServerLifecycle"}
    logger.go:146: 2026-07-02T18:54:26.634Z	INFO	shutting down ingot S3 listener
    logger.go:146: 2026-07-02T18:54:26.634Z	ERROR	ingot listener error	{"error": "listener closed"}
    logger.go:146: 2026-07-02T18:54:26.636Z	INFO	OnStop hook executed	{"callee": "github.com/fil-forge/ingot.registerServerLifecycle.func2()", "caller": "github.com/fil-forge/ingot.registerServerLifecycle", "runtime": "2.305297ms"}
--- PASS: TestSmoke_HeadObject (2.17s)
    --- PASS: TestSmoke_HeadObject/checksums (0.03s)
    --- PASS: TestSmoke_HeadObject/conditional_reads (1.16s)
    --- PASS: TestSmoke_HeadObject/directory_object_noslash (0.01s)
    --- PASS: TestSmoke_HeadObject/empty_object_part_number_1 (0.01s)
    --- PASS: TestSmoke_HeadObject/invalid_parent_dir (0.01s)
    --- PASS: TestSmoke_HeadObject/invalid_part_number (0.00s)
    --- PASS: TestSmoke_HeadObject/mp_part_number_exceeds_parts_count (0.29s)
    --- PASS: TestSmoke_HeadObject/mp_part_number_resp_status (0.12s)
    --- PASS: TestSmoke_HeadObject/mp_part_number_success (0.18s)
    --- PASS: TestSmoke_HeadObject/non_mp_part_number_1_success (0.01s)
    --- PASS: TestSmoke_HeadObject/non_existing_dir_object (0.02s)
    --- PASS: TestSmoke_HeadObject/non_existing_object (0.01s)
    --- PASS: TestSmoke_HeadObject/not_enabled_checksum_mode (0.01s)
    --- PASS: TestSmoke_HeadObject/overrides_presign_success (0.02s)
    --- PASS: TestSmoke_HeadObject/overrides_success (0.01s)
    --- PASS: TestSmoke_HeadObject/range_and_part_number (0.01s)
    --- PASS: TestSmoke_HeadObject/by_range_resp_status (0.04s)
    --- PASS: TestSmoke_HeadObject/dir_with_range (0.02s)
    --- PASS: TestSmoke_HeadObject/ranged_with_checksum_mode (0.13s)
    --- PASS: TestSmoke_HeadObject/with_range (0.04s)
    --- PASS: TestSmoke_HeadObject/zero_len_with_range (0.02s)
=== RUN   TestSmokeXFail_ListBuckets
    logger.go:146: 2026-07-02T18:54:26.647Z	INFO	provided	{"constructor": "go.uber.org/fx.New.func1()", "stacktrace": ["go.uber.org/fx.New (/home/runner/go/pkg/mod/go.uber.org/fx@v1.24.0/app.go:481)", "github.com/fil-forge/ingot/testing.StartHarness (/home/runner/work/ingot/ingot/testing/harness.go:142)", "github.com/fil-forge/ingot/testing.smokeHarness (/home/runner/work/ingot/ingot/testing/smoke_test.go:41)", "github.com/fil-forge/ingot/testing.TestSmokeXFail_ListBuckets (/home/runner/work/ingot/ingot/testing/smoke_test.go:290)", "testing.tRunner (/opt/hostedtoolcache/go/1.25.7/x64/src/testing/testing.go:1934)"], "moduletrace": ["go.uber.org/fx.New (/home/runner/go/pkg/mod/go.uber.org/fx@v1.24.0/app.go:481)", "github.com/fil-forge/ingot/testing.StartHarness (/home/runner/work/ingot/ingot/testing/harness.go:142)"], "type": "fx.Lifecycle"}
    logger.go:146: 2026-07-02T18:54:26.647Z	INFO	provided	{"constructor": "go.uber.org/fx.(*App).shutdowner-fm()", "stacktrace": ["go.uber.org/fx.New (/home/runner/go/pkg/mod/go.uber.org/fx@v1.24.0/app.go:481)", "github.com/fil-forge/ingot/testing.StartHarness (/home/runner/work/ingot/ingot/testing/harness.go:142)", "github.com/fil-forge/ingot/testing.smokeHarness (/home/runner/work/ingot/ingot/testing/smoke_test.go:41)", "github.com/fil-forge/ingot/testing.TestSmokeXFail_ListBuckets (/home/runner/work/ingot/ingot/testing/smoke_test.go:290)", "testing.tRunner (/opt/hostedtoolcache/go/1.25.7/x64/src/testing/testing.go:1934)"], "moduletrace": ["go.uber.org/fx.New (/home/runner/go/pkg/mod/go.uber.org/fx@v1.24.0/app.go:481)", "github.com/fil-forge/ingot/testing.StartHarness (/home/runner/work/ingot/ingot/testing/harness.go:142)"], "type": "fx.Shutdowner"}
    logger.go:146: 2026-07-02T18:54:26.647Z	INFO	provided	{"constructor": "go.uber.org/fx.(*App).dotGraph-fm()", "stacktrace": ["go.uber.org/fx.New (/home/runner/go/pkg/mod/go.uber.org/fx@v1.24.0/app.go:481)", "github.com/fil-forge/ingot/testing.StartHarness (/home/runner/work/ingot/ingot/testing/harness.go:142)", "github.com/fil-forge/ingot/testing.smokeHarness (/home/runner/work/ingot/ingot/testing/smoke_test.go:41)", "github.com/fil-forge/ingot/testing.TestSmokeXFail_ListBuckets (/home/runner/work/ingot/ingot/testing/smoke_test.go:290)", "testing.tRunner (/opt/hostedtoolcache/go/1.25.7/x64/src/testing/testing.go:1934)"], "moduletrace": ["go.uber.org/fx.New (/home/runner/go/pkg/mod/go.uber.org/fx@v1.24.0/app.go:481)", "github.com/fil-forge/ingot/testing.StartHarness (/home/runner/work/ingot/ingot/testing/harness.go:142)"], "type": "fx.DotGraph"}
    logger.go:146: 2026-07-02T18:54:26.647Z	INFO	supplied	{"type": "*zap.Logger", "stacktrace": ["github.com/fil-forge/ingot/testing.StartHarness (/home/runner/work/ingot/ingot/testing/harness.go:146)", "github.com/fil-forge/ingot/testing.smokeHarness (/home/runner/work/ingot/ingot/testing/smoke_test.go:41)", "github.com/fil-forge/ingot/testing.TestSmokeXFail_ListBuckets (/home/runner/work/ingot/ingot/testing/smoke_test.go:290)", "testing.tRunner (/opt/hostedtoolcache/go/1.25.7/x64/src/testing/testing.go:1934)"], "moduletrace": ["github.com/fil-forge/ingot/testing.StartHarness (/home/runner/work/ingot/ingot/testing/harness.go:146)", "github.com/fil-forge/ingot/testing.StartHarness (/home/runner/work/ingot/ingot/testing/harness.go:142)"]}
    logger.go:146: 2026-07-02T18:54:26.647Z	INFO	supplied	{"type": "ingot.ServerConfig", "stacktrace": ["github.com/fil-forge/ingot/testing.StartHarness (/home/runner/work/ingot/ingot/testing/harness.go:147)", "github.com/fil-forge/ingot/testing.smokeHarness (/home/runner/work/ingot/ingot/testing/smoke_test.go:41)", "github.com/fil-forge/ingot/testing.TestSmokeXFail_ListBuckets (/home/runner/work/ingot/ingot/testing/smoke_test.go:290)", "testing.tRunner (/opt/hostedtoolcache/go/1.25.7/x64/src/testing/testing.go:1934)"], "moduletrace": ["github.com/fil-forge/ingot/testing.StartHarness (/home/runner/work/ingot/ingot/testing/harness.go:147)", "github.com/fil-forge/ingot/testing.StartHarness (/home/runner/work/ingot/ingot/testing/harness.go:142)"]}
    logger.go:146: 2026-07-02T18:54:26.647Z	INFO	provided	{"constructor": "fx.Annotate(github.com/fil-forge/ingot/testing.StartHarness.func2(), fx.As([[registry.Registry]])", "stacktrace": ["github.com/fil-forge/ingot/testing.StartHarness (/home/runner/work/ingot/ingot/testing/harness.go:164)", "github.com/fil-forge/ingot/testing.smokeHarness (/home/runner/work/ingot/ingot/testing/smoke_test.go:41)", "github.com/fil-forge/ingot/testing.TestSmokeXFail_ListBuckets (/home/runner/work/ingot/ingot/testing/smoke_test.go:290)", "testing.tRunner (/opt/hostedtoolcache/go/1.25.7/x64/src/testing/testing.go:1934)"], "moduletrace": ["github.com/fil-forge/ingot/testing.StartHarness (/home/runner/work/ingot/ingot/testing/harness.go:164)", "github.com/fil-forge/ingot/testing.StartHarness (/home/runner/work/ingot/ingot/testing/harness.go:142)"], "type": "registry.Registry"}
    logger.go:146: 2026-07-02T18:54:26.647Z	INFO	provided	{"constructor": "fx.Annotate(github.com/fil-forge/ingot/testing.StartHarness.func3(), fx.As([[registry.IntentStore]])", "stacktrace": ["github.com/fil-forge/ingot/testing.StartHarness (/home/runner/work/ingot/ingot/testing/harness.go:164)", "github.com/fil-forge/ingot/testing.smokeHarness (/home/runner/work/ingot/ingot/testing/smoke_test.go:41)", "github.com/fil-forge/ingot/testing.TestSmokeXFail_ListBuckets (/home/runner/work/ingot/ingot/testing/smoke_test.go:290)", "testing.tRunner (/opt/hostedtoolcache/go/1.25.7/x64/src/testing/testing.go:1934)"], "moduletrace": ["github.com/fil-forge/ingot/testing.StartHarness (/home/runner/work/ingot/ingot/testing/harness.go:164)", "github.com/fil-forge/ingot/testing.StartHarness (/home/runner/work/ingot/ingot/testing/harness.go:142)"], "type": "registry.IntentStore"}
    logger.go:146: 2026-07-02T18:54:26.647Z	INFO	provided	{"constructor": "fx.Annotate(github.com/fil-forge/ingot/testing.StartHarness.func4(), fx.As([[registry.LocationStore]])", "stacktrace": ["github.com/fil-forge/ingot/testing.StartHarness (/home/runner/work/ingot/ingot/testing/harness.go:164)", "github.com/fil-forge/ingot/testing.smokeHarness (/home/runner/work/ingot/ingot/testing/smoke_test.go:41)", "github.com/fil-forge/ingot/testing.TestSmokeXFail_ListBuckets (/home/runner/work/ingot/ingot/testing/smoke_test.go:290)", "testing.tRunner (/opt/hostedtoolcache/go/1.25.7/x64/src/testing/testing.go:1934)"], "moduletrace": ["github.com/fil-forge/ingot/testing.StartHarness (/home/runner/work/ingot/ingot/testing/harness.go:164)", "github.com/fil-forge/ingot/testing.StartHarness (/home/runner/work/ingot/ingot/testing/harness.go:142)"], "type": "registry.LocationStore"}
    logger.go:146: 2026-07-02T18:54:26.647Z	INFO	provided	{"constructor": "fx.Annotate(github.com/fil-forge/ingot/testing.StartHarness.func5(), fx.As([[registry.BlobRefStore]])", "stacktrace": ["github.com/fil-forge/ingot/testing.StartHarness (/home/runner/work/ingot/ingot/testing/harness.go:164)", "github.com/fil-forge/ingot/testing.smokeHarness (/home/runner/work/ingot/ingot/testing/smoke_test.go:41)", "github.com/fil-forge/ingot/testing.TestSmokeXFail_ListBuckets (/home/runner/work/ingot/ingot/testing/smoke_test.go:290)", "testing.tRunner (/opt/hostedtoolcache/go/1.25.7/x64/src/testing/testing.go:1934)"], "moduletrace": ["github.com/fil-forge/ingot/testing.StartHarness (/home/runner/work/ingot/ingot/testing/harness.go:164)", "github.com/fil-forge/ingot/testing.StartHarness (/home/runner/work/ingot/ingot/testing/harness.go:142)"], "type": "registry.BlobRefStore"}
    logger.go:146: 2026-07-02T18:54:26.647Z	INFO	provided	{"constructor": "fx.Annotate(github.com/fil-forge/ingot/testing.StartHarness.func6(), fx.As([[registry.GCStore]])", "stacktrace": ["github.com/fil-forge/ingot/testing.StartHarness (/home/runner/work/ingot/ingot/testing/harness.go:164)", "github.com/fil-forge/ingot/testing.smokeHarness (/home/runner/work/ingot/ingot/testing/smoke_test.go:41)", "github.com/fil-forge/ingot/testing.TestSmokeXFail_ListBuckets (/home/runner/work/ingot/ingot/testing/smoke_test.go:290)", "testing.tRunner (/opt/hostedtoolcache/go/1.25.7/x64/src/testing/testing.go:1934)"], "moduletrace": ["github.com/fil-forge/ingot/testing.StartHarness (/home/runner/work/ingot/ingot/testing/harness.go:164)", "github.com/fil-forge/ingot/testing.StartHarness (/home/runner/work/ingot/ingot/testing/harness.go:142)"], "type": "registry.GCStore"}
    logger.go:146: 2026-07-02T18:54:26.648Z	INFO	provided	{"constructor": "fx.Annotate(github.com/fil-forge/ingot/testing.StartHarness.func7(), fx.As([[registry.MultipartStore]])", "stacktrace": ["github.com/fil-forge/ingot/testing.StartHarness (/home/runner/work/ingot/ingot/testing/harness.go:164)", "github.com/fil-forge/ingot/testing.smokeHarness (/home/runner/work/ingot/ingot/testing/smoke_test.go:41)", "github.com/fil-forge/ingot/testing.TestSmokeXFail_ListBuckets (/home/runner/work/ingot/ingot/testing/smoke_test.go:290)", "testing.tRunner (/opt/hostedtoolcache/go/1.25.7/x64/src/testing/testing.go:1934)"], "moduletrace": ["github.com/fil-forge/ingot/testing.StartHarness (/home/runner/work/ingot/ingot/testing/harness.go:164)", "github.com/fil-forge/ingot/testing.StartHarness (/home/runner/work/ingot/ingot/testing/harness.go:142)"], "type": "registry.MultipartStore"}
    logger.go:146: 2026-07-02T18:54:26.648Z	INFO	provided	{"constructor": "fx.Annotate(github.com/fil-forge/ingot/testing.StartHarness.func8(), fx.As([[logstore.Meta]])", "stacktrace": ["github.com/fil-forge/ingot/testing.StartHarness (/home/runner/work/ingot/ingot/testing/harness.go:164)", "github.com/fil-forge/ingot/testing.smokeHarness (/home/runner/work/ingot/ingot/testing/smoke_test.go:41)", "github.com/fil-forge/ingot/testing.TestSmokeXFail_ListBuckets (/home/runner/work/ingot/ingot/testing/smoke_test.go:290)", "testing.tRunner (/opt/hostedtoolcache/go/1.25.7/x64/src/testing/testing.go:1934)"], "moduletrace": ["github.com/fil-forge/ingot/testing.StartHarness (/home/runner/work/ingot/ingot/testing/harness.go:164)", "github.com/fil-forge/ingot/testing.StartHarness (/home/runner/work/ingot/ingot/testing/harness.go:142)"], "type": "logstore.Meta"}
    logger.go:146: 2026-07-02T18:54:26.648Z	INFO	provided	{"constructor": "fx.Annotate(github.com/fil-forge/ingot/testing.StartHarness.func9(), fx.As([[blockstore.BlockReader]])", "stacktrace": ["github.com/fil-forge/ingot/testing.StartHarness (/home/runner/work/ingot/ingot/testing/harness.go:164)", "github.com/fil-forge/ingot/testing.smokeHarness (/home/runner/work/ingot/ingot/testing/smoke_test.go:41)", "github.com/fil-forge/ingot/testing.TestSmokeXFail_ListBuckets (/home/runner/work/ingot/ingot/testing/smoke_test.go:290)", "testing.tRunner (/opt/hostedtoolcache/go/1.25.7/x64/src/testing/testing.go:1934)"], "moduletrace": ["github.com/fil-forge/ingot/testing.StartHarness (/home/runner/work/ingot/ingot/testing/harness.go:164)", "github.com/fil-forge/ingot/testing.StartHarness (/home/runner/work/ingot/ingot/testing/harness.go:142)"], "type": "blockstore.BlockReader"}
    logger.go:146: 2026-07-02T18:54:26.648Z	INFO	provided	{"constructor": "fx.Annotate(github.com/fil-forge/ingot/testing.StartHarness.func10(), fx.As([[uploader.Uploader]])", "stacktrace": ["github.com/fil-forge/ingot/testing.StartHarness (/home/runner/work/ingot/ingot/testing/harness.go:164)", "github.com/fil-forge/ingot/testing.smokeHarness (/home/runner/work/ingot/ingot/testing/smoke_test.go:41)", "github.com/fil-forge/ingot/testing.TestSmokeXFail_ListBuckets (/home/runner/work/ingot/ingot/testing/smoke_test.go:290)", "testing.tRunner (/opt/hostedtoolcache/go/1.25.7/x64/src/testing/testing.go:1934)"], "moduletrace": ["github.com/fil-forge/ingot/testing.StartHarness (/home/runner/work/ingot/ingot/testing/harness.go:164)", "github.com/fil-forge/ingot/testing.StartHarness (/home/runner/work/ingot/ingot/testing/harness.go:142)"], "type": "uploader.Uploader"}
    logger.go:146: 2026-07-02T18:54:26.648Z	INFO	provided	{"constructor": "fx.Annotate(github.com/fil-forge/ingot/testing.StartHarness.func11(), fx.As([[uploader.BodyUploader]])", "stacktrace": ["github.com/fil-forge/ingot/testing.StartHarness (/home/runner/work/ingot/ingot/testing/harness.go:164)", "github.com/fil-forge/ingot/testing.smokeHarness (/home/runner/work/ingot/ingot/testing/smoke_test.go:41)", "github.com/fil-forge/ingot/testing.TestSmokeXFail_ListBuckets (/home/runner/work/ingot/ingot/testing/smoke_test.go:290)", "testing.tRunner (/opt/hostedtoolcache/go/1.25.7/x64/src/testing/testing.go:1934)"], "moduletrace": ["github.com/fil-forge/ingot/testing.StartHarness (/home/runner/work/ingot/ingot/testing/harness.go:164)", "github.com/fil-forge/ingot/testing.StartHarness (/home/runner/work/ingot/ingot/testing/harness.go:142)"], "type": "uploader.BodyUploader"}
    logger.go:146: 2026-07-02T18:54:26.648Z	INFO	provided	{"constructor": "fx.Annotate(github.com/fil-forge/ingot/testing.StartHarness.func12(), fx.As([[uploader.BlobRemover]])", "stacktrace": ["github.com/fil-forge/ingot/testing.StartHarness (/home/runner/work/ingot/ingot/testing/harness.go:164)", "github.com/fil-forge/ingot/testing.smokeHarness (/home/runner/work/ingot/ingot/testing/smoke_test.go:41)", "github.com/fil-forge/ingot/testing.TestSmokeXFail_ListBuckets (/home/runner/work/ingot/ingot/testing/smoke_test.go:290)", "testing.tRunner (/opt/hostedtoolcache/go/1.25.7/x64/src/testing/testing.go:1934)"], "moduletrace": ["github.com/fil-forge/ingot/testing.StartHarness (/home/runner/work/ingot/ingot/testing/harness.go:164)", "github.com/fil-forge/ingot/testing.StartHarness (/home/runner/work/ingot/ingot/testing/harness.go:142)"], "type": "uploader.BlobRemover"}
    logger.go:146: 2026-07-02T18:54:26.648Z	INFO	initialized custom fxevent.Logger	{"function": "github.com/fil-forge/ingot/testing.StartHarness.func1()"}
    logger.go:146: 2026-07-02T18:54:26.648Z	INFO	invoking	{"function": "github.com/fil-forge/ingot.registerServerLifecycle()", "module": "ingot-server"}
    logger.go:146: 2026-07-02T18:54:26.648Z	INFO	before run	{"name": "go.uber.org/fx.New.func1()", "kind": "provide"}
    logger.go:146: 2026-07-02T18:54:26.648Z	INFO	run	{"name": "go.uber.org/fx.New.func1()", "kind": "provide", "runtime": "15.66µs"}
    logger.go:146: 2026-07-02T18:54:26.648Z	INFO	before run	{"name": "stub(ingot.ServerConfig)", "kind": "supply"}
    logger.go:146: 2026-07-02T18:54:26.648Z	INFO	run	{"name": "stub(ingot.ServerConfig)", "kind": "supply", "runtime": "18.204µs"}
    logger.go:146: 2026-07-02T18:54:26.649Z	INFO	before run	{"name": "stub(*zap.Logger)", "kind": "supply"}
    logger.go:146: 2026-07-02T18:54:26.649Z	INFO	run	{"name": "stub(*zap.Logger)", "kind": "supply", "runtime": "16.771µs"}
    logger.go:146: 2026-07-02T18:54:26.649Z	INFO	before run	{"name": "fx.Annotate(github.com/fil-forge/ingot/testing.StartHarness.func9(), fx.As([[blockstore.BlockReader]])", "kind": "provide"}
    logger.go:146: 2026-07-02T18:54:26.649Z	INFO	run	{"name": "fx.Annotate(github.com/fil-forge/ingot/testing.StartHarness.func9(), fx.As([[blockstore.BlockReader]])", "kind": "provide", "runtime": "61.274µs"}
    logger.go:146: 2026-07-02T18:54:26.649Z	INFO	before run	{"name": "fx.Annotate(github.com/fil-forge/ingot/testing.StartHarness.func10(), fx.As([[uploader.Uploader]])", "kind": "provide"}
    logger.go:146: 2026-07-02T18:54:26.649Z	INFO	run	{"name": "fx.Annotate(github.com/fil-forge/ingot/testing.StartHarness.func10(), fx.As([[uploader.Uploader]])", "kind": "provide", "runtime": "31.498µs"}
    logger.go:146: 2026-07-02T18:54:26.649Z	INFO	before run	{"name": "fx.Annotate(github.com/fil-forge/ingot/testing.StartHarness.func11(), fx.As([[uploader.BodyUploader]])", "kind": "provide"}
    logger.go:146: 2026-07-02T18:54:26.649Z	INFO	run	{"name": "fx.Annotate(github.com/fil-forge/ingot/testing.StartHarness.func11(), fx.As([[uploader.BodyUploader]])", "kind": "provide", "runtime": "46.737µs"}
    logger.go:146: 2026-07-02T18:54:26.649Z	INFO	before run	{"name": "fx.Annotate(github.com/fil-forge/ingot/testing.StartHarness.func12(), fx.As([[uploader.BlobRemover]])", "kind": "provide"}
    logger.go:146: 2026-07-02T18:54:26.649Z	INFO	run	{"name": "fx.Annotate(github.com/fil-forge/ingot/testing.StartHarness.func12(), fx.As([[uploader.BlobRemover]])", "kind": "provide", "runtime": "45.034µs"}
    logger.go:146: 2026-07-02T18:54:26.649Z	INFO	before run	{"name": "fx.Annotate(github.com/fil-forge/ingot/testing.StartHarness.func2(), fx.As([[registry.Registry]])", "kind": "provide"}
    logger.go:146: 2026-07-02T18:54:26.649Z	INFO	run	{"name": "fx.Annotate(github.com/fil-forge/ingot/testing.StartHarness.func2(), fx.As([[registry.Registry]])", "kind": "provide", "runtime": "27.962µs"}
    logger.go:146: 2026-07-02T18:54:26.650Z	INFO	before run	{"name": "fx.Annotate(github.com/fil-forge/ingot/testing.StartHarness.func3(), fx.As([[registry.IntentStore]])", "kind": "provide"}
    logger.go:146: 2026-07-02T18:54:26.650Z	INFO	run	{"name": "fx.Annotate(github.com/fil-forge/ingot/testing.StartHarness.func3(), fx.As([[registry.IntentStore]])", "kind": "provide", "runtime": "23.584µs"}
    logger.go:146: 2026-07-02T18:54:26.650Z	INFO	before run	{"name": "fx.Annotate(github.com/fil-forge/ingot/testing.StartHarness.func4(), fx.As([[registry.LocationStore]])", "kind": "provide"}
    logger.go:146: 2026-07-02T18:54:26.650Z	INFO	run	{"name": "fx.Annotate(github.com/fil-forge/ingot/testing.StartHarness.func4(), fx.As([[registry.LocationStore]])", "kind": "provide", "runtime": "31.869µs"}
    logger.go:146: 2026-07-02T18:54:26.650Z	INFO	before run	{"name": "fx.Annotate(github.com/fil-forge/ingot/testing.StartHarness.func5(), fx.As([[registry.BlobRefStore]])", "kind": "provide"}
    logger.go:146: 2026-07-02T18:54:26.650Z	INFO	run	{"name": "fx.Annotate(github.com/fil-forge/ingot/testing.StartHarness.func5(), fx.As([[registry.BlobRefStore]])", "kind": "provide", "runtime": "31.278µs"}
    logger.go:146: 2026-07-02T18:54:26.650Z	INFO	before run	{"name": "fx.Annotate(github.com/fil-forge/ingot/testing.StartHarness.func6(), fx.As([[registry.GCStore]])", "kind": "provide"}
    logger.go:146: 2026-07-02T18:54:26.650Z	INFO	run	{"name": "fx.Annotate(github.com/fil-forge/ingot/testing.StartHarness.func6(), fx.As([[registry.GCStore]])", "kind": "provide", "runtime": "20.218µs"}
    logger.go:146: 2026-07-02T18:54:26.650Z	INFO	before run	{"name": "fx.Annotate(github.com/fil-forge/ingot/testing.StartHarness.func7(), fx.As([[registry.MultipartStore]])", "kind": "provide"}
    logger.go:146: 2026-07-02T18:54:26.650Z	INFO	run	{"name": "fx.Annotate(github.com/fil-forge/ingot/testing.StartHarness.func7(), fx.As([[registry.MultipartStore]])", "kind": "provide", "runtime": "33.673µs"}
    logger.go:146: 2026-07-02T18:54:26.650Z	INFO	before run	{"name": "fx.Annotate(github.com/fil-forge/ingot/testing.StartHarness.func8(), fx.As([[logstore.Meta]])", "kind": "provide"}
    logger.go:146: 2026-07-02T18:54:26.650Z	INFO	run	{"name": "fx.Annotate(github.com/fil-forge/ingot/testing.StartHarness.func8(), fx.As([[logstore.Meta]])", "kind": "provide", "runtime": "42.179µs"}
    logger.go:146: 2026-07-02T18:54:26.651Z	INFO	OnStart hook executing	{"callee": "github.com/fil-forge/ingot.registerServerLifecycle.func1()", "caller": "github.com/fil-forge/ingot.registerServerLifecycle"}
    logger.go:146: 2026-07-02T18:54:26.652Z	INFO	starting ingot S3 listener	{"addr": "127.0.0.1:45695", "region": "us-east-1", "data_dir": "/tmp/ingot-harness-1902393429", "max_blob_size": 268435456}
    logger.go:146: 2026-07-02T18:54:26.652Z	INFO	OnStart hook executed	{"callee": "github.com/fil-forge/ingot.registerServerLifecycle.func1()", "caller": "github.com/fil-forge/ingot.registerServerLifecycle", "runtime": "1.512927ms"}
    logger.go:146: 2026-07-02T18:54:26.652Z	INFO	started
=== RUN   TestSmokeXFail_ListBuckets/as_admin
RUN  ListBuckets_as_admin
FAIL ListBuckets_as_admin: fork/exec ./versitygw: no such file or directory
    smoke_test.go:298: known-failing: fork/exec ./versitygw: no such file or directory
=== RUN   TestSmokeXFail_ListBuckets/as_user
RUN  ListBuckets_as_user
FAIL ListBuckets_as_user: fork/exec ./versitygw: no such file or directory
    smoke_test.go:298: known-failing: fork/exec ./versitygw: no such file or directory
=== NAME  TestSmokeXFail_ListBuckets
    logger.go:146: 2026-07-02T18:54:26.677Z	INFO	OnStop hook executing	{"callee": "github.com/fil-forge/ingot.registerServerLifecycle.func2()", "caller": "github.com/fil-forge/ingot.registerServerLifecycle"}
    logger.go:146: 2026-07-02T18:54:26.677Z	INFO	shutting down ingot S3 listener
    logger.go:146: 2026-07-02T18:54:26.677Z	ERROR	ingot listener error	{"error": "listener closed"}
    logger.go:146: 2026-07-02T18:54:26.677Z	INFO	OnStop hook executed	{"callee": "github.com/fil-forge/ingot.registerServerLifecycle.func2()", "caller": "github.com/fil-forge/ingot.registerServerLifecycle", "runtime": "129.01µs"}
--- PASS: TestSmokeXFail_ListBuckets (0.03s)
    --- SKIP: TestSmokeXFail_ListBuckets/as_admin (0.01s)
    --- SKIP: TestSmokeXFail_ListBuckets/as_user (0.01s)
=== RUN   TestBlobSplit_MultiBlobRoundTrip
    logger.go:146: 2026-07-02T18:54:26.680Z	INFO	provided	{"constructor": "go.uber.org/fx.New.func1()", "stacktrace": ["go.uber.org/fx.New (/home/runner/go/pkg/mod/go.uber.org/fx@v1.24.0/app.go:481)", "github.com/fil-forge/ingot/testing.StartHarness (/home/runner/work/ingot/ingot/testing/harness.go:142)", "github.com/fil-forge/ingot/testing_test.TestBlobSplit_MultiBlobRoundTrip (/home/runner/work/ingot/ingot/testing/blobsplit_test.go:64)", "testing.tRunner (/opt/hostedtoolcache/go/1.25.7/x64/src/testing/testing.go:1934)"], "moduletrace": ["go.uber.org/fx.New (/home/runner/go/pkg/mod/go.uber.org/fx@v1.24.0/app.go:481)", "github.com/fil-forge/ingot/testing.StartHarness (/home/runner/work/ingot/ingot/testing/harness.go:142)"], "type": "fx.Lifecycle"}
    logger.go:146: 2026-07-02T18:54:26.680Z	INFO	provided	{"constructor": "go.uber.org/fx.(*App).shutdowner-fm()", "stacktrace": ["go.uber.org/fx.New (/home/runner/go/pkg/mod/go.uber.org/fx@v1.24.0/app.go:481)", "github.com/fil-forge/ingot/testing.StartHarness (/home/runner/work/ingot/ingot/testing/harness.go:142)", "github.com/fil-forge/ingot/testing_test.TestBlobSplit_MultiBlobRoundTrip (/home/runner/work/ingot/ingot/testing/blobsplit_test.go:64)", "testing.tRunner (/opt/hostedtoolcache/go/1.25.7/x64/src/testing/testing.go:1934)"], "moduletrace": ["go.uber.org/fx.New (/home/runner/go/pkg/mod/go.uber.org/fx@v1.24.0/app.go:481)", "github.com/fil-forge/ingot/testing.StartHarness (/home/runner/work/ingot/ingot/testing/harness.go:142)"], "type": "fx.Shutdowner"}
    logger.go:146: 2026-07-02T18:54:26.680Z	INFO	provided	{"constructor": "go.uber.org/fx.(*App).dotGraph-fm()", "stacktrace": ["go.uber.org/fx.New (/home/runner/go/pkg/mod/go.uber.org/fx@v1.24.0/app.go:481)", "github.com/fil-forge/ingot/testing.StartHarness (/home/runner/work/ingot/ingot/testing/harness.go:142)", "github.com/fil-forge/ingot/testing_test.TestBlobSplit_MultiBlobRoundTrip (/home/runner/work/ingot/ingot/testing/blobsplit_test.go:64)", "testing.tRunner (/opt/hostedtoolcache/go/1.25.7/x64/src/testing/testing.go:1934)"], "moduletrace": ["go.uber.org/fx.New (/home/runner/go/pkg/mod/go.uber.org/fx@v1.24.0/app.go:481)", "github.com/fil-forge/ingot/testing.StartHarness (/home/runner/work/ingot/ingot/testing/harness.go:142)"], "type": "fx.DotGraph"}
    logger.go:146: 2026-07-02T18:54:26.680Z	INFO	supplied	{"type": "*zap.Logger", "stacktrace": ["github.com/fil-forge/ingot/testing.StartHarness (/home/runner/work/ingot/ingot/testing/harness.go:146)", "github.com/fil-forge/ingot/testing_test.TestBlobSplit_MultiBlobRoundTrip (/home/runner/work/ingot/ingot/testing/blobsplit_test.go:64)", "testing.tRunner (/opt/hostedtoolcache/go/1.25.7/x64/src/testing/testing.go:1934)"], "moduletrace": ["github.com/fil-forge/ingot/testing.StartHarness (/home/runner/work/ingot/ingot/testing/harness.go:146)", "github.com/fil-forge/ingot/testing.StartHarness (/home/runner/work/ingot/ingot/testing/harness.go:142)"]}
    logger.go:146: 2026-07-02T18:54:26.680Z	INFO	supplied	{"type": "ingot.ServerConfig", "stacktrace": ["github.com/fil-forge/ingot/testing.StartHarness (/home/runner/work/ingot/ingot/testing/harness.go:147)", "github.com/fil-forge/ingot/testing_test.TestBlobSplit_MultiBlobRoundTrip (/home/runner/work/ingot/ingot/testing/blobsplit_test.go:64)", "testing.tRunner (/opt/hostedtoolcache/go/1.25.7/x64/src/testing/testing.go:1934)"], "moduletrace": ["github.com/fil-forge/ingot/testing.StartHarness (/home/runner/work/ingot/ingot/testing/harness.go:147)", "github.com/fil-forge/ingot/testing.StartHarness (/home/runner/work/ingot/ingot/testing/harness.go:142)"]}
    logger.go:146: 2026-07-02T18:54:26.680Z	INFO	provided	{"constructor": "fx.Annotate(github.com/fil-forge/ingot/testing.StartHarness.func2(), fx.As([[registry.Registry]])", "stacktrace": ["github.com/fil-forge/ingot/testing.StartHarness (/home/runner/work/ingot/ingot/testing/harness.go:164)", "github.com/fil-forge/ingot/testing_test.TestBlobSplit_MultiBlobRoundTrip (/home/runner/work/ingot/ingot/testing/blobsplit_test.go:64)", "testing.tRunner (/opt/hostedtoolcache/go/1.25.7/x64/src/testing/testing.go:1934)"], "moduletrace": ["github.com/fil-forge/ingot/testing.StartHarness (/home/runner/work/ingot/ingot/testing/harness.go:164)", "github.com/fil-forge/ingot/testing.StartHarness (/home/runner/work/ingot/ingot/testing/harness.go:142)"], "type": "registry.Registry"}
    logger.go:146: 2026-07-02T18:54:26.680Z	INFO	provided	{"constructor": "fx.Annotate(github.com/fil-forge/ingot/testing.StartHarness.func3(), fx.As([[registry.IntentStore]])", "stacktrace": ["github.com/fil-forge/ingot/testing.StartHarness (/home/runner/work/ingot/ingot/testing/harness.go:164)", "github.com/fil-forge/ingot/testing_test.TestBlobSplit_MultiBlobRoundTrip (/home/runner/work/ingot/ingot/testing/blobsplit_test.go:64)", "testing.tRunner (/opt/hostedtoolcache/go/1.25.7/x64/src/testing/testing.go:1934)"], "moduletrace": ["github.com/fil-forge/ingot/testing.StartHarness (/home/runner/work/ingot/ingot/testing/harness.go:164)", "github.com/fil-forge/ingot/testing.StartHarness (/home/runner/work/ingot/ingot/testing/harness.go:142)"], "type": "registry.IntentStore"}
    logger.go:146: 2026-07-02T18:54:26.681Z	INFO	provided	{"constructor": "fx.Annotate(github.com/fil-forge/ingot/testing.StartHarness.func4(), fx.As([[registry.LocationStore]])", "stacktrace": ["github.com/fil-forge/ingot/testing.StartHarness (/home/runner/work/ingot/ingot/testing/harness.go:164)", "github.com/fil-forge/ingot/testing_test.TestBlobSplit_MultiBlobRoundTrip (/home/runner/work/ingot/ingot/testing/blobsplit_test.go:64)", "testing.tRunner (/opt/hostedtoolcache/go/1.25.7/x64/src/testing/testing.go:1934)"], "moduletrace": ["github.com/fil-forge/ingot/testing.StartHarness (/home/runner/work/ingot/ingot/testing/harness.go:164)", "github.com/fil-forge/ingot/testing.StartHarness (/home/runner/work/ingot/ingot/testing/harness.go:142)"], "type": "registry.LocationStore"}
    logger.go:146: 2026-07-02T18:54:26.681Z	INFO	provided	{"constructor": "fx.Annotate(github.com/fil-forge/ingot/testing.StartHarness.func5(), fx.As([[registry.BlobRefStore]])", "stacktrace": ["github.com/fil-forge/ingot/testing.StartHarness (/home/runner/work/ingot/ingot/testing/harness.go:164)", "github.com/fil-forge/ingot/testing_test.TestBlobSplit_MultiBlobRoundTrip (/home/runner/work/ingot/ingot/testing/blobsplit_test.go:64)", "testing.tRunner (/opt/hostedtoolcache/go/1.25.7/x64/src/testing/testing.go:1934)"], "moduletrace": ["github.com/fil-forge/ingot/testing.StartHarness (/home/runner/work/ingot/ingot/testing/harness.go:164)", "github.com/fil-forge/ingot/testing.StartHarness (/home/runner/work/ingot/ingot/testing/harness.go:142)"], "type": "registry.BlobRefStore"}
    logger.go:146: 2026-07-02T18:54:26.681Z	INFO	provided	{"constructor": "fx.Annotate(github.com/fil-forge/ingot/testing.StartHarness.func6(), fx.As([[registry.GCStore]])", "stacktrace": ["github.com/fil-forge/ingot/testing.StartHarness (/home/runner/work/ingot/ingot/testing/harness.go:164)", "github.com/fil-forge/ingot/testing_test.TestBlobSplit_MultiBlobRoundTrip (/home/runner/work/ingot/ingot/testing/blobsplit_test.go:64)", "testing.tRunner (/opt/hostedtoolcache/go/1.25.7/x64/src/testing/testing.go:1934)"], "moduletrace": ["github.com/fil-forge/ingot/testing.StartHarness (/home/runner/work/ingot/ingot/testing/harness.go:164)", "github.com/fil-forge/ingot/testing.StartHarness (/home/runner/work/ingot/ingot/testing/harness.go:142)"], "type": "registry.GCStore"}
    logger.go:146: 2026-07-02T18:54:26.681Z	INFO	provided	{"constructor": "fx.Annotate(github.com/fil-forge/ingot/testing.StartHarness.func7(), fx.As([[registry.MultipartStore]])", "stacktrace": ["github.com/fil-forge/ingot/testing.StartHarness (/home/runner/work/ingot/ingot/testing/harness.go:164)", "github.com/fil-forge/ingot/testing_test.TestBlobSplit_MultiBlobRoundTrip (/home/runner/work/ingot/ingot/testing/blobsplit_test.go:64)", "testing.tRunner (/opt/hostedtoolcache/go/1.25.7/x64/src/testing/testing.go:1934)"], "moduletrace": ["github.com/fil-forge/ingot/testing.StartHarness (/home/runner/work/ingot/ingot/testing/harness.go:164)", "github.com/fil-forge/ingot/testing.StartHarness (/home/runner/work/ingot/ingot/testing/harness.go:142)"], "type": "registry.MultipartStore"}
    logger.go:146: 2026-07-02T18:54:26.681Z	INFO	provided	{"constructor": "fx.Annotate(github.com/fil-forge/ingot/testing.StartHarness.func8(), fx.As([[logstore.Meta]])", "stacktrace": ["github.com/fil-forge/ingot/testing.StartHarness (/home/runner/work/ingot/ingot/testing/harness.go:164)", "github.com/fil-forge/ingot/testing_test.TestBlobSplit_MultiBlobRoundTrip (/home/runner/work/ingot/ingot/testing/blobsplit_test.go:64)", "testing.tRunner (/opt/hostedtoolcache/go/1.25.7/x64/src/testing/testing.go:1934)"], "moduletrace": ["github.com/fil-forge/ingot/testing.StartHarness (/home/runner/work/ingot/ingot/testing/harness.go:164)", "github.com/fil-forge/ingot/testing.StartHarness (/home/runner/work/ingot/ingot/testing/harness.go:142)"], "type": "logstore.Meta"}
    logger.go:146: 2026-07-02T18:54:26.681Z	INFO	provided	{"constructor": "fx.Annotate(github.com/fil-forge/ingot/testing.StartHarness.func9(), fx.As([[blockstore.BlockReader]])", "stacktrace": ["github.com/fil-forge/ingot/testing.StartHarness (/home/runner/work/ingot/ingot/testing/harness.go:164)", "github.com/fil-forge/ingot/testing_test.TestBlobSplit_MultiBlobRoundTrip (/home/runner/work/ingot/ingot/testing/blobsplit_test.go:64)", "testing.tRunner (/opt/hostedtoolcache/go/1.25.7/x64/src/testing/testing.go:1934)"], "moduletrace": ["github.com/fil-forge/ingot/testing.StartHarness (/home/runner/work/ingot/ingot/testing/harness.go:164)", "github.com/fil-forge/ingot/testing.StartHarness (/home/runner/work/ingot/ingot/testing/harness.go:142)"], "type": "blockstore.BlockReader"}
    logger.go:146: 2026-07-02T18:54:26.681Z	INFO	provided	{"constructor": "fx.Annotate(github.com/fil-forge/ingot/testing.StartHarness.func10(), fx.As([[uploader.Uploader]])", "stacktrace": ["github.com/fil-forge/ingot/testing.StartHarness (/home/runner/work/ingot/ingot/testing/harness.go:164)", "github.com/fil-forge/ingot/testing_test.TestBlobSplit_MultiBlobRoundTrip (/home/runner/work/ingot/ingot/testing/blobsplit_test.go:64)", "testing.tRunner (/opt/hostedtoolcache/go/1.25.7/x64/src/testing/testing.go:1934)"], "moduletrace": ["github.com/fil-forge/ingot/testing.StartHarness (/home/runner/work/ingot/ingot/testing/harness.go:164)", "github.com/fil-forge/ingot/testing.StartHarness (/home/runner/work/ingot/ingot/testing/harness.go:142)"], "type": "uploader.Uploader"}
    logger.go:146: 2026-07-02T18:54:26.681Z	INFO	provided	{"constructor": "fx.Annotate(github.com/fil-forge/ingot/testing.StartHarness.func11(), fx.As([[uploader.BodyUploader]])", "stacktrace": ["github.com/fil-forge/ingot/testing.StartHarness (/home/runner/work/ingot/ingot/testing/harness.go:164)", "github.com/fil-forge/ingot/testing_test.TestBlobSplit_MultiBlobRoundTrip (/home/runner/work/ingot/ingot/testing/blobsplit_test.go:64)", "testing.tRunner (/opt/hostedtoolcache/go/1.25.7/x64/src/testing/testing.go:1934)"], "moduletrace": ["github.com/fil-forge/ingot/testing.StartHarness (/home/runner/work/ingot/ingot/testing/harness.go:164)", "github.com/fil-forge/ingot/testing.StartHarness (/home/runner/work/ingot/ingot/testing/harness.go:142)"], "type": "uploader.BodyUploader"}
    logger.go:146: 2026-07-02T18:54:26.681Z	INFO	provided	{"constructor": "fx.Annotate(github.com/fil-forge/ingot/testing.StartHarness.func12(), fx.As([[uploader.BlobRemover]])", "stacktrace": ["github.com/fil-forge/ingot/testing.StartHarness (/home/runner/work/ingot/ingot/testing/harness.go:164)", "github.com/fil-forge/ingot/testing_test.TestBlobSplit_MultiBlobRoundTrip (/home/runner/work/ingot/ingot/testing/blobsplit_test.go:64)", "testing.tRunner (/opt/hostedtoolcache/go/1.25.7/x64/src/testing/testing.go:1934)"], "moduletrace": ["github.com/fil-forge/ingot/testing.StartHarness (/home/runner/work/ingot/ingot/testing/harness.go:164)", "github.com/fil-forge/ingot/testing.StartHarness (/home/runner/work/ingot/ingot/testing/harness.go:142)"], "type": "uploader.BlobRemover"}
    logger.go:146: 2026-07-02T18:54:26.681Z	INFO	initialized custom fxevent.Logger	{"function": "github.com/fil-forge/ingot/testing.StartHarness.func1()"}
    logger.go:146: 2026-07-02T18:54:26.681Z	INFO	invoking	{"function": "github.com/fil-forge/ingot.registerServerLifecycle()", "module": "ingot-server"}
    logger.go:146: 2026-07-02T18:54:26.681Z	INFO	before run	{"name": "go.uber.org/fx.New.func1()", "kind": "provide"}
    logger.go:146: 2026-07-02T18:54:26.681Z	INFO	run	{"name": "go.uber.org/fx.New.func1()", "kind": "provide", "runtime": "15.409µs"}
    logger.go:146: 2026-07-02T18:54:26.681Z	INFO	before run	{"name": "stub(ingot.ServerConfig)", "kind": "supply"}
    logger.go:146: 2026-07-02T18:54:26.682Z	INFO	run	{"name": "stub(ingot.ServerConfig)", "kind": "supply", "runtime": "17.443µs"}
    logger.go:146: 2026-07-02T18:54:26.682Z	INFO	before run	{"name": "stub(*zap.Logger)", "kind": "supply"}
    logger.go:146: 2026-07-02T18:54:26.682Z	INFO	run	{"name": "stub(*zap.Logger)", "kind": "supply", "runtime": "10.019µs"}
    logger.go:146: 2026-07-02T18:54:26.682Z	INFO	before run	{"name": "fx.Annotate(github.com/fil-forge/ingot/testing.StartHarness.func9(), fx.As([[blockstore.BlockReader]])", "kind": "provide"}
    logger.go:146: 2026-07-02T18:54:26.682Z	INFO	run	{"name": "fx.Annotate(github.com/fil-forge/ingot/testing.StartHarness.func9(), fx.As([[blockstore.BlockReader]])", "kind": "provide", "runtime": "57.848µs"}
    logger.go:146: 2026-07-02T18:54:26.682Z	INFO	before run	{"name": "fx.Annotate(github.com/fil-forge/ingot/testing.StartHarness.func10(), fx.As([[uploader.Uploader]])", "kind": "provide"}
    logger.go:146: 2026-07-02T18:54:26.682Z	INFO	run	{"name": "fx.Annotate(github.com/fil-forge/ingot/testing.StartHarness.func10(), fx.As([[uploader.Uploader]])", "kind": "provide", "runtime": "29.856µs"}
    logger.go:146: 2026-07-02T18:54:26.682Z	INFO	before run	{"name": "fx.Annotate(github.com/fil-forge/ingot/testing.StartHarness.func11(), fx.As([[uploader.BodyUploader]])", "kind": "provide"}
    logger.go:146: 2026-07-02T18:54:26.682Z	INFO	run	{"name": "fx.Annotate(github.com/fil-forge/ingot/testing.StartHarness.func11(), fx.As([[uploader.BodyUploader]])", "kind": "provide", "runtime": "46.877µs"}
    logger.go:146: 2026-07-02T18:54:26.682Z	INFO	before run	{"name": "fx.Annotate(github.com/fil-forge/ingot/testing.StartHarness.func12(), fx.As([[uploader.BlobRemover]])", "kind": "provide"}
    logger.go:146: 2026-07-02T18:54:26.682Z	INFO	run	{"name": "fx.Annotate(github.com/fil-forge/ingot/testing.StartHarness.func12(), fx.As([[uploader.BlobRemover]])", "kind": "provide", "runtime": "29.545µs"}
    logger.go:146: 2026-07-02T18:54:26.682Z	INFO	before run	{"name": "fx.Annotate(github.com/fil-forge/ingot/testing.StartHarness.func2(), fx.As([[registry.Registry]])", "kind": "provide"}
    logger.go:146: 2026-07-02T18:54:26.682Z	INFO	run	{"name": "fx.Annotate(github.com/fil-forge/ingot/testing.StartHarness.func2(), fx.As([[registry.Registry]])", "kind": "provide", "runtime": "36.537µs"}
    logger.go:146: 2026-07-02T18:54:26.682Z	INFO	before run	{"name": "fx.Annotate(github.com/fil-forge/ingot/testing.StartHarness.func3(), fx.As([[registry.IntentStore]])", "kind": "provide"}
    logger.go:146: 2026-07-02T18:54:26.683Z	INFO	run	{"name": "fx.Annotate(github.com/fil-forge/ingot/testing.StartHarness.func3(), fx.As([[registry.IntentStore]])", "kind": "provide", "runtime": "36.859µs"}
    logger.go:146: 2026-07-02T18:54:26.683Z	INFO	before run	{"name": "fx.Annotate(github.com/fil-forge/ingot/testing.StartHarness.func4(), fx.As([[registry.LocationStore]])", "kind": "provide"}
    logger.go:146: 2026-07-02T18:54:26.683Z	INFO	run	{"name": "fx.Annotate(github.com/fil-forge/ingot/testing.StartHarness.func4(), fx.As([[registry.LocationStore]])", "kind": "provide", "runtime": "21.84µs"}
    logger.go:146: 2026-07-02T18:54:26.683Z	INFO	before run	{"name": "fx.Annotate(github.com/fil-forge/ingot/testing.StartHarness.func5(), fx.As([[registry.BlobRefStore]])", "kind": "provide"}
    logger.go:146: 2026-07-02T18:54:26.683Z	INFO	run	{"name": "fx.Annotate(github.com/fil-forge/ingot/testing.StartHarness.func5(), fx.As([[registry.BlobRefStore]])", "kind": "provide", "runtime": "30.637µs"}
    logger.go:146: 2026-07-02T18:54:26.683Z	INFO	before run	{"name": "fx.Annotate(github.com/fil-forge/ingot/testing.StartHarness.func6(), fx.As([[registry.GCStore]])", "kind": "provide"}
    logger.go:146: 2026-07-02T18:54:26.683Z	INFO	run	{"name": "fx.Annotate(github.com/fil-forge/ingot/testing.StartHarness.func6(), fx.As([[registry.GCStore]])", "kind": "provide", "runtime": "30.546µs"}
    logger.go:146: 2026-07-02T18:54:26.683Z	INFO	before run	{"name": "fx.Annotate(github.com/fil-forge/ingot/testing.StartHarness.func7(), fx.As([[registry.MultipartStore]])", "kind": "provide"}
    logger.go:146: 2026-07-02T18:54:26.683Z	INFO	run	{"name": "fx.Annotate(github.com/fil-forge/ingot/testing.StartHarness.func7(), fx.As([[registry.MultipartStore]])", "kind": "provide", "runtime": "43.791µs"}
    logger.go:146: 2026-07-02T18:54:26.683Z	INFO	before run	{"name": "fx.Annotate(github.com/fil-forge/ingot/testing.StartHarness.func8(), fx.As([[logstore.Meta]])", "kind": "provide"}
    logger.go:146: 2026-07-02T18:54:26.683Z	INFO	run	{"name": "fx.Annotate(github.com/fil-forge/ingot/testing.StartHarness.func8(), fx.As([[logstore.Meta]])", "kind": "provide", "runtime": "23.233µs"}
    logger.go:146: 2026-07-02T18:54:26.683Z	INFO	OnStart hook executing	{"callee": "github.com/fil-forge/ingot.registerServerLifecycle.func1()", "caller": "github.com/fil-forge/ingot.registerServerLifecycle"}
    logger.go:146: 2026-07-02T18:54:26.686Z	INFO	starting ingot S3 listener	{"addr": "127.0.0.1:44217", "region": "us-east-1", "data_dir": "/tmp/ingot-harness-45819917", "max_blob_size": 65536}
    logger.go:146: 2026-07-02T18:54:26.686Z	INFO	OnStart hook executed	{"callee": "github.com/fil-forge/ingot.registerServerLifecycle.func1()", "caller": "github.com/fil-forge/ingot.registerServerLifecycle", "runtime": "2.410227ms"}
    logger.go:146: 2026-07-02T18:54:26.686Z	INFO	started
    logger.go:146: 2026-07-02T18:54:26.707Z	INFO	OnStop hook executing	{"callee": "github.com/fil-forge/ingot.registerServerLifecycle.func2()", "caller": "github.com/fil-forge/ingot.registerServerLifecycle"}
    logger.go:146: 2026-07-02T18:54:26.707Z	INFO	shutting down ingot S3 listener
    logger.go:146: 2026-07-02T18:54:26.707Z	ERROR	ingot listener error	{"error": "listener closed"}
    logger.go:146: 2026-07-02T18:54:26.707Z	INFO	OnStop hook executed	{"callee": "github.com/fil-forge/ingot.registerServerLifecycle.func2()", "caller": "github.com/fil-forge/ingot.registerServerLifecycle", "runtime": "600.503µs"}
--- PASS: TestBlobSplit_MultiBlobRoundTrip (0.03s)
=== RUN   TestSmoke_HeadBucket
    logger.go:146: 2026-07-02T18:54:26.710Z	INFO	provided	{"constructor": "go.uber.org/fx.New.func1()", "stacktrace": ["go.uber.org/fx.New (/home/runner/go/pkg/mod/go.uber.org/fx@v1.24.0/app.go:481)", "github.com/fil-forge/ingot/testing.StartHarness (/home/runner/work/ingot/ingot/testing/harness.go:142)", "github.com/fil-forge/ingot/testing.smokeHarness (/home/runner/work/ingot/ingot/testing/smoke_test.go:41)", "github.com/fil-forge/ingot/testing.TestSmoke_HeadBucket (/home/runner/work/ingot/ingot/testing/smoke_test.go:77)", "testing.tRunner (/opt/hostedtoolcache/go/1.25.7/x64/src/testing/testing.go:1934)"], "moduletrace": ["go.uber.org/fx.New (/home/runner/go/pkg/mod/go.uber.org/fx@v1.24.0/app.go:481)", "github.com/fil-forge/ingot/testing.StartHarness (/home/runner/work/ingot/ingot/testing/harness.go:142)"], "type": "fx.Lifecycle"}
    logger.go:146: 2026-07-02T18:54:26.710Z	INFO	provided	{"constructor": "go.uber.org/fx.(*App).shutdowner-fm()", "stacktrace": ["go.uber.org/fx.New (/home/runner/go/pkg/mod/go.uber.org/fx@v1.24.0/app.go:481)", "github.com/fil-forge/ingot/testing.StartHarness (/home/runner/work/ingot/ingot/testing/harness.go:142)", "github.com/fil-forge/ingot/testing.smokeHarness (/home/runner/work/ingot/ingot/testing/smoke_test.go:41)", "github.com/fil-forge/ingot/testing.TestSmoke_HeadBucket (/home/runner/work/ingot/ingot/testing/smoke_test.go:77)", "testing.tRunner (/opt/hostedtoolcache/go/1.25.7/x64/src/testing/testing.go:1934)"], "moduletrace": ["go.uber.org/fx.New (/home/runner/go/pkg/mod/go.uber.org/fx@v1.24.0/app.go:481)", "github.com/fil-forge/ingot/testing.StartHarness (/home/runner/work/ingot/ingot/testing/harness.go:142)"], "type": "fx.Shutdowner"}
    logger.go:146: 2026-07-02T18:54:26.710Z	INFO	provided	{"constructor": "go.uber.org/fx.(*App).dotGraph-fm()", "stacktrace": ["go.uber.org/fx.New (/home/runner/go/pkg/mod/go.uber.org/fx@v1.24.0/app.go:481)", "github.com/fil-forge/ingot/testing.StartHarness (/home/runner/work/ingot/ingot/testing/harness.go:142)", "github.com/fil-forge/ingot/testing.smokeHarness (/home/runner/work/ingot/ingot/testing/smoke_test.go:41)", "github.com/fil-forge/ingot/testing.TestSmoke_HeadBucket (/home/runner/work/ingot/ingot/testing/smoke_test.go:77)", "testing.tRunner (/opt/hostedtoolcache/go/1.25.7/x64/src/testing/testing.go:1934)"], "moduletrace": ["go.uber.org/fx.New (/home/runner/go/pkg/mod/go.uber.org/fx@v1.24.0/app.go:481)", "github.com/fil-forge/ingot/testing.StartHarness (/home/runner/work/ingot/ingot/testing/harness.go:142)"], "type": "fx.DotGraph"}
    logger.go:146: 2026-07-02T18:54:26.710Z	INFO	supplied	{"type": "*zap.Logger", "stacktrace": ["github.com/fil-forge/ingot/testing.StartHarness (/home/runner/work/ingot/ingot/testing/harness.go:146)", "github.com/fil-forge/ingot/testing.smokeHarness (/home/runner/work/ingot/ingot/testing/smoke_test.go:41)", "github.com/fil-forge/ingot/testing.TestSmoke_HeadBucket (/home/runner/work/ingot/ingot/testing/smoke_test.go:77)", "testing.tRunner (/opt/hostedtoolcache/go/1.25.7/x64/src/testing/testing.go:1934)"], "moduletrace": ["github.com/fil-forge/ingot/testing.StartHarness (/home/runner/work/ingot/ingot/testing/harness.go:146)", "github.com/fil-forge/ingot/testing.StartHarness (/home/runner/work/ingot/ingot/testing/harness.go:142)"]}
    logger.go:146: 2026-07-02T18:54:26.710Z	INFO	supplied	{"type": "ingot.ServerConfig", "stacktrace": ["github.com/fil-forge/ingot/testing.StartHarness (/home/runner/work/ingot/ingot/testing/harness.go:147)", "github.com/fil-forge/ingot/testing.smokeHarness (/home/runner/work/ingot/ingot/testing/smoke_test.go:41)", "github.com/fil-forge/ingot/testing.TestSmoke_HeadBucket (/home/runner/work/ingot/ingot/testing/smoke_test.go:77)", "testing.tRunner (/opt/hostedtoolcache/go/1.25.7/x64/src/testing/testing.go:1934)"], "moduletrace": ["github.com/fil-forge/ingot/testing.StartHarness (/home/runner/work/ingot/ingot/testing/harness.go:147)", "github.com/fil-forge/ingot/testing.StartHarness (/home/runner/work/ingot/ingot/testing/harness.go:142)"]}
    logger.go:146: 2026-07-02T18:54:26.711Z	INFO	provided	{"constructor": "fx.Annotate(github.com/fil-forge/ingot/testing.StartHarness.func2(), fx.As([[registry.Registry]])", "stacktrace": ["github.com/fil-forge/ingot/testing.StartHarness (/home/runner/work/ingot/ingot/testing/harness.go:164)", "github.com/fil-forge/ingot/testing.smokeHarness (/home/runner/work/ingot/ingot/testing/smoke_test.go:41)", "github.com/fil-forge/ingot/testing.TestSmoke_HeadBucket (/home/runner/work/ingot/ingot/testing/smoke_test.go:77)", "testing.tRunner (/opt/hostedtoolcache/go/1.25.7/x64/src/testing/testing.go:1934)"], "moduletrace": ["github.com/fil-forge/ingot/testing.StartHarness (/home/runner/work/ingot/ingot/testing/harness.go:164)", "github.com/fil-forge/ingot/testing.StartHarness (/home/runner/work/ingot/ingot/testing/harness.go:142)"], "type": "registry.Registry"}
    logger.go:146: 2026-07-02T18:54:26.711Z	INFO	provided	{"constructor": "fx.Annotate(github.com/fil-forge/ingot/testing.StartHarness.func3(), fx.As([[registry.IntentStore]])", "stacktrace": ["github.com/fil-forge/ingot/testing.StartHarness (/home/runner/work/ingot/ingot/testing/harness.go:164)", "github.com/fil-forge/ingot/testing.smokeHarness (/home/runner/work/ingot/ingot/testing/smoke_test.go:41)", "github.com/fil-forge/ingot/testing.TestSmoke_HeadBucket (/home/runner/work/ingot/ingot/testing/smoke_test.go:77)", "testing.tRunner (/opt/hostedtoolcache/go/1.25.7/x64/src/testing/testing.go:1934)"], "moduletrace": ["github.com/fil-forge/ingot/testing.StartHarness (/home/runner/work/ingot/ingot/testing/harness.go:164)", "github.com/fil-forge/ingot/testing.StartHarness (/home/runner/work/ingot/ingot/testing/harness.go:142)"], "type": "registry.IntentStore"}
    logger.go:146: 2026-07-02T18:54:26.711Z	INFO	provided	{"constructor": "fx.Annotate(github.com/fil-forge/ingot/testing.StartHarness.func4(), fx.As([[registry.LocationStore]])", "stacktrace": ["github.com/fil-forge/ingot/testing.StartHarness (/home/runner/work/ingot/ingot/testing/harness.go:164)", "github.com/fil-forge/ingot/testing.smokeHarness (/home/runner/work/ingot/ingot/testing/smoke_test.go:41)", "github.com/fil-forge/ingot/testing.TestSmoke_HeadBucket (/home/runner/work/ingot/ingot/testing/smoke_test.go:77)", "testing.tRunner (/opt/hostedtoolcache/go/1.25.7/x64/src/testing/testing.go:1934)"], "moduletrace": ["github.com/fil-forge/ingot/testing.StartHarness (/home/runner/work/ingot/ingot/testing/harness.go:164)", "github.com/fil-forge/ingot/testing.StartHarness (/home/runner/work/ingot/ingot/testing/harness.go:142)"], "type": "registry.LocationStore"}
    logger.go:146: 2026-07-02T18:54:26.711Z	INFO	provided	{"constructor": "fx.Annotate(github.com/fil-forge/ingot/testing.StartHarness.func5(), fx.As([[registry.BlobRefStore]])", "stacktrace": ["github.com/fil-forge/ingot/testing.StartHarness (/home/runner/work/ingot/ingot/testing/harness.go:164)", "github.com/fil-forge/ingot/testing.smokeHarness (/home/runner/work/ingot/ingot/testing/smoke_test.go:41)", "github.com/fil-forge/ingot/testing.TestSmoke_HeadBucket (/home/runner/work/ingot/ingot/testing/smoke_test.go:77)", "testing.tRunner (/opt/hostedtoolcache/go/1.25.7/x64/src/testing/testing.go:1934)"], "moduletrace": ["github.com/fil-forge/ingot/testing.StartHarness (/home/runner/work/ingot/ingot/testing/harness.go:164)", "github.com/fil-forge/ingot/testing.StartHarness (/home/runner/work/ingot/ingot/testing/harness.go:142)"], "type": "registry.BlobRefStore"}
    logger.go:146: 2026-07-02T18:54:26.711Z	INFO	provided	{"constructor": "fx.Annotate(github.com/fil-forge/ingot/testing.StartHarness.func6(), fx.As([[registry.GCStore]])", "stacktrace": ["github.com/fil-forge/ingot/testing.StartHarness (/home/runner/work/ingot/ingot/testing/harness.go:164)", "github.com/fil-forge/ingot/testing.smokeHarness (/home/runner/work/ingot/ingot/testing/smoke_test.go:41)", "github.com/fil-forge/ingot/testing.TestSmoke_HeadBucket (/home/runner/work/ingot/ingot/testing/smoke_test.go:77)", "testing.tRunner (/opt/hostedtoolcache/go/1.25.7/x64/src/testing/testing.go:1934)"], "moduletrace": ["github.com/fil-forge/ingot/testing.StartHarness (/home/runner/work/ingot/ingot/testing/harness.go:164)", "github.com/fil-forge/ingot/testing.StartHarness (/home/runner/work/ingot/ingot/testing/harness.go:142)"], "type": "registry.GCStore"}
    logger.go:146: 2026-07-02T18:54:26.711Z	INFO	provided	{"constructor": "fx.Annotate(github.com/fil-forge/ingot/testing.StartHarness.func7(), fx.As([[registry.MultipartStore]])", "stacktrace": ["github.com/fil-forge/ingot/testing.StartHarness (/home/runner/work/ingot/ingot/testing/harness.go:164)", "github.com/fil-forge/ingot/testing.smokeHarness (/home/runner/work/ingot/ingot/testing/smoke_test.go:41)", "github.com/fil-forge/ingot/testing.TestSmoke_HeadBucket (/home/runner/work/ingot/ingot/testing/smoke_test.go:77)", "testing.tRunner (/opt/hostedtoolcache/go/1.25.7/x64/src/testing/testing.go:1934)"], "moduletrace": ["github.com/fil-forge/ingot/testing.StartHarness (/home/runner/work/ingot/ingot/testing/harness.go:164)", "github.com/fil-forge/ingot/testing.StartHarness (/home/runner/work/ingot/ingot/testing/harness.go:142)"], "type": "registry.MultipartStore"}
    logger.go:146: 2026-07-02T18:54:26.711Z	INFO	provided	{"constructor": "fx.Annotate(github.com/fil-forge/ingot/testing.StartHarness.func8(), fx.As([[logstore.Meta]])", "stacktrace": ["github.com/fil-forge/ingot/testing.StartHarness (/home/runner/work/ingot/ingot/testing/harness.go:164)", "github.com/fil-forge/ingot/testing.smokeHarness (/home/runner/work/ingot/ingot/testing/smoke_test.go:41)", "github.com/fil-forge/ingot/testing.TestSmoke_HeadBucket (/home/runner/work/ingot/ingot/testing/smoke_test.go:77)", "testing.tRunner (/opt/hostedtoolcache/go/1.25.7/x64/src/testing/testing.go:1934)"], "moduletrace": ["github.com/fil-forge/ingot/testing.StartHarness (/home/runner/work/ingot/ingot/testing/harness.go:164)", "github.com/fil-forge/ingot/testing.StartHarness (/home/runner/work/ingot/ingot/testing/harness.go:142)"], "type": "logstore.Meta"}
    logger.go:146: 2026-07-02T18:54:26.711Z	INFO	provided	{"constructor": "fx.Annotate(github.com/fil-forge/ingot/testing.StartHarness.func9(), fx.As([[blockstore.BlockReader]])", "stacktrace": ["github.com/fil-forge/ingot/testing.StartHarness (/home/runner/work/ingot/ingot/testing/harness.go:164)", "github.com/fil-forge/ingot/testing.smokeHarness (/home/runner/work/ingot/ingot/testing/smoke_test.go:41)", "github.com/fil-forge/ingot/testing.TestSmoke_HeadBucket (/home/runner/work/ingot/ingot/testing/smoke_test.go:77)", "testing.tRunner (/opt/hostedtoolcache/go/1.25.7/x64/src/testing/testing.go:1934)"], "moduletrace": ["github.com/fil-forge/ingot/testing.StartHarness (/home/runner/work/ingot/ingot/testing/harness.go:164)", "github.com/fil-forge/ingot/testing.StartHarness (/home/runner/work/ingot/ingot/testing/harness.go:142)"], "type": "blockstore.BlockReader"}
    logger.go:146: 2026-07-02T18:54:26.711Z	INFO	provided	{"constructor": "fx.Annotate(github.com/fil-forge/ingot/testing.StartHarness.func10(), fx.As([[uploader.Uploader]])", "stacktrace": ["github.com/fil-forge/ingot/testing.StartHarness (/home/runner/work/ingot/ingot/testing/harness.go:164)", "github.com/fil-forge/ingot/testing.smokeHarness (/home/runner/work/ingot/ingot/testing/smoke_test.go:41)", "github.com/fil-forge/ingot/testing.TestSmoke_HeadBucket (/home/runner/work/ingot/ingot/testing/smoke_test.go:77)", "testing.tRunner (/opt/hostedtoolcache/go/1.25.7/x64/src/testing/testing.go:1934)"], "moduletrace": ["github.com/fil-forge/ingot/testing.StartHarness (/home/runner/work/ingot/ingot/testing/harness.go:164)", "github.com/fil-forge/ingot/testing.StartHarness (/home/runner/work/ingot/ingot/testing/harness.go:142)"], "type": "uploader.Uploader"}
    logger.go:146: 2026-07-02T18:54:26.711Z	INFO	provided	{"constructor": "fx.Annotate(github.com/fil-forge/ingot/testing.StartHarness.func11(), fx.As([[uploader.BodyUploader]])", "stacktrace": ["github.com/fil-forge/ingot/testing.StartHarness (/home/runner/work/ingot/ingot/testing/harness.go:164)", "github.com/fil-forge/ingot/testing.smokeHarness (/home/runner/work/ingot/ingot/testing/smoke_test.go:41)", "github.com/fil-forge/ingot/testing.TestSmoke_HeadBucket (/home/runner/work/ingot/ingot/testing/smoke_test.go:77)", "testing.tRunner (/opt/hostedtoolcache/go/1.25.7/x64/src/testing/testing.go:1934)"], "moduletrace": ["github.com/fil-forge/ingot/testing.StartHarness (/home/runner/work/ingot/ingot/testing/harness.go:164)", "github.com/fil-forge/ingot/testing.StartHarness (/home/runner/work/ingot/ingot/testing/harness.go:142)"], "type": "uploader.BodyUploader"}
    logger.go:146: 2026-07-02T18:54:26.711Z	INFO	provided	{"constructor": "fx.Annotate(github.com/fil-forge/ingot/testing.StartHarness.func12(), fx.As([[uploader.BlobRemover]])", "stacktrace": ["github.com/fil-forge/ingot/testing.StartHarness (/home/runner/work/ingot/ingot/testing/harness.go:164)", "github.com/fil-forge/ingot/testing.smokeHarness (/home/runner/work/ingot/ingot/testing/smoke_test.go:41)", "github.com/fil-forge/ingot/testing.TestSmoke_HeadBucket (/home/runner/work/ingot/ingot/testing/smoke_test.go:77)", "testing.tRunner (/opt/hostedtoolcache/go/1.25.7/x64/src/testing/testing.go:1934)"], "moduletrace": ["github.com/fil-forge/ingot/testing.StartHarness (/home/runner/work/ingot/ingot/testing/harness.go:164)", "github.com/fil-forge/ingot/testing.StartHarness (/home/runner/work/ingot/ingot/testing/harness.go:142)"], "type": "uploader.BlobRemover"}
    logger.go:146: 2026-07-02T18:54:26.711Z	INFO	initialized custom fxevent.Logger	{"function": "github.com/fil-forge/ingot/testing.StartHarness.func1()"}
    logger.go:146: 2026-07-02T18:54:26.711Z	INFO	invoking	{"function": "github.com/fil-forge/ingot.registerServerLifecycle()", "module": "ingot-server"}
    logger.go:146: 2026-07-02T18:54:26.712Z	INFO	before run	{"name": "go.uber.org/fx.New.func1()", "kind": "provide"}
    logger.go:146: 2026-07-02T18:54:26.712Z	INFO	run	{"name": "go.uber.org/fx.New.func1()", "kind": "provide", "runtime": "15.899µs"}
    logger.go:146: 2026-07-02T18:54:26.712Z	INFO	before run	{"name": "stub(ingot.ServerConfig)", "kind": "supply"}
    logger.go:146: 2026-07-02T18:54:26.712Z	INFO	run	{"name": "stub(ingot.ServerConfig)", "kind": "supply", "runtime": "17.933µs"}
    logger.go:146: 2026-07-02T18:54:26.712Z	INFO	before run	{"name": "stub(*zap.Logger)", "kind": "supply"}
    logger.go:146: 2026-07-02T18:54:26.712Z	INFO	run	{"name": "stub(*zap.Logger)", "kind": "supply", "runtime": "15.789µs"}
    logger.go:146: 2026-07-02T18:54:26.712Z	INFO	before run	{"name": "fx.Annotate(github.com/fil-forge/ingot/testing.StartHarness.func9(), fx.As([[blockstore.BlockReader]])", "kind": "provide"}
    logger.go:146: 2026-07-02T18:54:26.712Z	INFO	run	{"name": "fx.Annotate(github.com/fil-forge/ingot/testing.StartHarness.func9(), fx.As([[blockstore.BlockReader]])", "kind": "provide", "runtime": "57.147µs"}
    logger.go:146: 2026-07-02T18:54:26.712Z	INFO	before run	{"name": "fx.Annotate(github.com/fil-forge/ingot/testing.StartHarness.func10(), fx.As([[uploader.Uploader]])", "kind": "provide"}
    logger.go:146: 2026-07-02T18:54:26.712Z	INFO	run	{"name": "fx.Annotate(github.com/fil-forge/ingot/testing.StartHarness.func10(), fx.As([[uploader.Uploader]])", "kind": "provide", "runtime": "33.612µs"}
    logger.go:146: 2026-07-02T18:54:26.712Z	INFO	before run	{"name": "fx.Annotate(github.com/fil-forge/ingot/testing.StartHarness.func11(), fx.As([[uploader.BodyUploader]])", "kind": "provide"}
    logger.go:146: 2026-07-02T18:54:26.712Z	INFO	run	{"name": "fx.Annotate(github.com/fil-forge/ingot/testing.StartHarness.func11(), fx.As([[uploader.BodyUploader]])", "kind": "provide", "runtime": "31.038µs"}
    logger.go:146: 2026-07-02T18:54:26.712Z	INFO	before run	{"name": "fx.Annotate(github.com/fil-forge/ingot/testing.StartHarness.func12(), fx.As([[uploader.BlobRemover]])", "kind": "provide"}
    logger.go:146: 2026-07-02T18:54:26.713Z	INFO	run	{"name": "fx.Annotate(github.com/fil-forge/ingot/testing.StartHarness.func12(), fx.As([[uploader.BlobRemover]])", "kind": "provide", "runtime": "30.888µs"}
    logger.go:146: 2026-07-02T18:54:26.713Z	INFO	before run	{"name": "fx.Annotate(github.com/fil-forge/ingot/testing.StartHarness.func2(), fx.As([[registry.Registry]])", "kind": "provide"}
    logger.go:146: 2026-07-02T18:54:26.713Z	INFO	run	{"name": "fx.Annotate(github.com/fil-forge/ingot/testing.StartHarness.func2(), fx.As([[registry.Registry]])", "kind": "provide", "runtime": "39.293µs"}
    logger.go:146: 2026-07-02T18:54:26.713Z	INFO	before run	{"name": "fx.Annotate(github.com/fil-forge/ingot/testing.StartHarness.func3(), fx.As([[registry.IntentStore]])", "kind": "provide"}
    logger.go:146: 2026-07-02T18:54:26.713Z	INFO	run	{"name": "fx.Annotate(github.com/fil-forge/ingot/testing.StartHarness.func3(), fx.As([[registry.IntentStore]])", "kind": "provide", "runtime": "36.278µs"}
    logger.go:146: 2026-07-02T18:54:26.713Z	INFO	before run	{"name": "fx.Annotate(github.com/fil-forge/ingot/testing.StartHarness.func4(), fx.As([[registry.LocationStore]])", "kind": "provide"}
    logger.go:146: 2026-07-02T18:54:26.713Z	INFO	run	{"name": "fx.Annotate(github.com/fil-forge/ingot/testing.StartHarness.func4(), fx.As([[registry.LocationStore]])", "kind": "provide", "runtime": "34.945µs"}
    logger.go:146: 2026-07-02T18:54:26.713Z	INFO	before run	{"name": "fx.Annotate(github.com/fil-forge/ingot/testing.StartHarness.func5(), fx.As([[registry.BlobRefStore]])", "kind": "provide"}
    logger.go:146: 2026-07-02T18:54:26.713Z	INFO	run	{"name": "fx.Annotate(github.com/fil-forge/ingot/testing.StartHarness.func5(), fx.As([[registry.BlobRefStore]])", "kind": "provide", "runtime": "34.785µs"}
    logger.go:146: 2026-07-02T18:54:26.713Z	INFO	before run	{"name": "fx.Annotate(github.com/fil-forge/ingot/testing.StartHarness.func6(), fx.As([[registry.GCStore]])", "kind": "provide"}
    logger.go:146: 2026-07-02T18:54:26.713Z	INFO	run	{"name": "fx.Annotate(github.com/fil-forge/ingot/testing.StartHarness.func6(), fx.As([[registry.GCStore]])", "kind": "provide", "runtime": "31.509µs"}
    logger.go:146: 2026-07-02T18:54:26.713Z	INFO	before run	{"name": "fx.Annotate(github.com/fil-forge/ingot/testing.StartHarness.func7(), fx.As([[registry.MultipartStore]])", "kind": "provide"}
    logger.go:146: 2026-07-02T18:54:26.713Z	INFO	run	{"name": "fx.Annotate(github.com/fil-forge/ingot/testing.StartHarness.func7(), fx.As([[registry.MultipartStore]])", "kind": "provide", "runtime": "37.139µs"}
    logger.go:146: 2026-07-02T18:54:26.714Z	INFO	before run	{"name": "fx.Annotate(github.com/fil-forge/ingot/testing.StartHarness.func8(), fx.As([[logstore.Meta]])", "kind": "provide"}
    logger.go:146: 2026-07-02T18:54:26.714Z	INFO	run	{"name": "fx.Annotate(github.com/fil-forge/ingot/testing.StartHarness.func8(), fx.As([[logstore.Meta]])", "kind": "provide", "runtime": "37.78µs"}
    logger.go:146: 2026-07-02T18:54:26.714Z	INFO	OnStart hook executing	{"callee": "github.com/fil-forge/ingot.registerServerLifecycle.func1()", "caller": "github.com/fil-forge/ingot.registerServerLifecycle"}
    logger.go:146: 2026-07-02T18:54:26.715Z	INFO	starting ingot S3 listener	{"addr": "127.0.0.1:40379", "region": "us-east-1", "data_dir": "/tmp/ingot-harness-2351865394", "max_blob_size": 268435456}
    logger.go:146: 2026-07-02T18:54:26.715Z	INFO	OnStart hook executed	{"callee": "github.com/fil-forge/ingot.registerServerLifecycle.func1()", "caller": "github.com/fil-forge/ingot.registerServerLifecycle", "runtime": "1.476349ms"}
    logger.go:146: 2026-07-02T18:54:26.716Z	INFO	started
=== RUN   TestSmoke_HeadBucket/non_existing_bucket
RUN  HeadBucket_non_existing_bucket
PASS HeadBucket_non_existing_bucket
=== RUN   TestSmoke_HeadBucket/success
RUN  HeadBucket_success
PASS HeadBucket_success
=== NAME  TestSmoke_HeadBucket
    logger.go:146: 2026-07-02T18:54:26.727Z	INFO	OnStop hook executing	{"callee": "github.com/fil-forge/ingot.registerServerLifecycle.func2()", "caller": "github.com/fil-forge/ingot.registerServerLifecycle"}
    logger.go:146: 2026-07-02T18:54:26.727Z	INFO	shutting down ingot S3 listener
    logger.go:146: 2026-07-02T18:54:26.728Z	ERROR	ingot listener error	{"error": "listener closed"}
    logger.go:146: 2026-07-02T18:54:26.728Z	INFO	OnStop hook executed	{"callee": "github.com/fil-forge/ingot.registerServerLifecycle.func2()", "caller": "github.com/fil-forge/ingot.registerServerLifecycle", "runtime": "119.621µs"}
--- PASS: TestSmoke_HeadBucket (0.02s)
    --- PASS: TestSmoke_HeadBucket/non_existing_bucket (0.01s)
    --- PASS: TestSmoke_HeadBucket/success (0.01s)
=== RUN   TestSmoke_CreateBucket
    logger.go:146: 2026-07-02T18:54:26.731Z	INFO	provided	{"constructor": "go.uber.org/fx.New.func1()", "stacktrace": ["go.uber.org/fx.New (/home/runner/go/pkg/mod/go.uber.org/fx@v1.24.0/app.go:481)", "github.com/fil-forge/ingot/testing.StartHarness (/home/runner/work/ingot/ingot/testing/harness.go:142)", "github.com/fil-forge/ingot/testing.smokeHarness (/home/runner/work/ingot/ingot/testing/smoke_test.go:41)", "github.com/fil-forge/ingot/testing.TestSmoke_CreateBucket (/home/runner/work/ingot/ingot/testing/smoke_test.go:62)", "testing.tRunner (/opt/hostedtoolcache/go/1.25.7/x64/src/testing/testing.go:1934)"], "moduletrace": ["go.uber.org/fx.New (/home/runner/go/pkg/mod/go.uber.org/fx@v1.24.0/app.go:481)", "github.com/fil-forge/ingot/testing.StartHarness (/home/runner/work/ingot/ingot/testing/harness.go:142)"], "type": "fx.Lifecycle"}
    logger.go:146: 2026-07-02T18:54:26.731Z	INFO	provided	{"constructor": "go.uber.org/fx.(*App).shutdowner-fm()", "stacktrace": ["go.uber.org/fx.New (/home/runner/go/pkg/mod/go.uber.org/fx@v1.24.0/app.go:481)", "github.com/fil-forge/ingot/testing.StartHarness (/home/runner/work/ingot/ingot/testing/harness.go:142)", "github.com/fil-forge/ingot/testing.smokeHarness (/home/runner/work/ingot/ingot/testing/smoke_test.go:41)", "github.com/fil-forge/ingot/testing.TestSmoke_CreateBucket (/home/runner/work/ingot/ingot/testing/smoke_test.go:62)", "testing.tRunner (/opt/hostedtoolcache/go/1.25.7/x64/src/testing/testing.go:1934)"], "moduletrace": ["go.uber.org/fx.New (/home/runner/go/pkg/mod/go.uber.org/fx@v1.24.0/app.go:481)", "github.com/fil-forge/ingot/testing.StartHarness (/home/runner/work/ingot/ingot/testing/harness.go:142)"], "type": "fx.Shutdowner"}
    logger.go:146: 2026-07-02T18:54:26.731Z	INFO	provided	{"constructor": "go.uber.org/fx.(*App).dotGraph-fm()", "stacktrace": ["go.uber.org/fx.New (/home/runner/go/pkg/mod/go.uber.org/fx@v1.24.0/app.go:481)", "github.com/fil-forge/ingot/testing.StartHarness (/home/runner/work/ingot/ingot/testing/harness.go:142)", "github.com/fil-forge/ingot/testing.smokeHarness (/home/runner/work/ingot/ingot/testing/smoke_test.go:41)", "github.com/fil-forge/ingot/testing.TestSmoke_CreateBucket (/home/runner/work/ingot/ingot/testing/smoke_test.go:62)", "testing.tRunner (/opt/hostedtoolcache/go/1.25.7/x64/src/testing/testing.go:1934)"], "moduletrace": ["go.uber.org/fx.New (/home/runner/go/pkg/mod/go.uber.org/fx@v1.24.0/app.go:481)", "github.com/fil-forge/ingot/testing.StartHarness (/home/runner/work/ingot/ingot/testing/harness.go:142)"], "type": "fx.DotGraph"}
    logger.go:146: 2026-07-02T18:54:26.731Z	INFO	supplied	{"type": "*zap.Logger", "stacktrace": ["github.com/fil-forge/ingot/testing.StartHarness (/home/runner/work/ingot/ingot/testing/harness.go:146)", "github.com/fil-forge/ingot/testing.smokeHarness (/home/runner/work/ingot/ingot/testing/smoke_test.go:41)", "github.com/fil-forge/ingot/testing.TestSmoke_CreateBucket (/home/runner/work/ingot/ingot/testing/smoke_test.go:62)", "testing.tRunner (/opt/hostedtoolcache/go/1.25.7/x64/src/testing/testing.go:1934)"], "moduletrace": ["github.com/fil-forge/ingot/testing.StartHarness (/home/runner/work/ingot/ingot/testing/harness.go:146)", "github.com/fil-forge/ingot/testing.StartHarness (/home/runner/work/ingot/ingot/testing/harness.go:142)"]}
    logger.go:146: 2026-07-02T18:54:26.731Z	INFO	supplied	{"type": "ingot.ServerConfig", "stacktrace": ["github.com/fil-forge/ingot/testing.StartHarness (/home/runner/work/ingot/ingot/testing/harness.go:147)", "github.com/fil-forge/ingot/testing.smokeHarness (/home/runner/work/ingot/ingot/testing/smoke_test.go:41)", "github.com/fil-forge/ingot/testing.TestSmoke_CreateBucket (/home/runner/work/ingot/ingot/testing/smoke_test.go:62)", "testing.tRunner (/opt/hostedtoolcache/go/1.25.7/x64/src/testing/testing.go:1934)"], "moduletrace": ["github.com/fil-forge/ingot/testing.StartHarness (/home/runner/work/ingot/ingot/testing/harness.go:147)", "github.com/fil-forge/ingot/testing.StartHarness (/home/runner/work/ingot/ingot/testing/harness.go:142)"]}
    logger.go:146: 2026-07-02T18:54:26.731Z	INFO	provided	{"constructor": "fx.Annotate(github.com/fil-forge/ingot/testing.StartHarness.func2(), fx.As([[registry.Registry]])", "stacktrace": ["github.com/fil-forge/ingot/testing.StartHarness (/home/runner/work/ingot/ingot/testing/harness.go:164)", "github.com/fil-forge/ingot/testing.smokeHarness (/home/runner/work/ingot/ingot/testing/smoke_test.go:41)", "github.com/fil-forge/ingot/testing.TestSmoke_CreateBucket (/home/runner/work/ingot/ingot/testing/smoke_test.go:62)", "testing.tRunner (/opt/hostedtoolcache/go/1.25.7/x64/src/testing/testing.go:1934)"], "moduletrace": ["github.com/fil-forge/ingot/testing.StartHarness (/home/runner/work/ingot/ingot/testing/harness.go:164)", "github.com/fil-forge/ingot/testing.StartHarness (/home/runner/work/ingot/ingot/testing/harness.go:142)"], "type": "registry.Registry"}
    logger.go:146: 2026-07-02T18:54:26.731Z	INFO	provided	{"constructor": "fx.Annotate(github.com/fil-forge/ingot/testing.StartHarness.func3(), fx.As([[registry.IntentStore]])", "stacktrace": ["github.com/fil-forge/ingot/testing.StartHarness (/home/runner/work/ingot/ingot/testing/harness.go:164)", "github.com/fil-forge/ingot/testing.smokeHarness (/home/runner/work/ingot/ingot/testing/smoke_test.go:41)", "github.com/fil-forge/ingot/testing.TestSmoke_CreateBucket (/home/runner/work/ingot/ingot/testing/smoke_test.go:62)", "testing.tRunner (/opt/hostedtoolcache/go/1.25.7/x64/src/testing/testing.go:1934)"], "moduletrace": ["github.com/fil-forge/ingot/testing.StartHarness (/home/runner/work/ingot/ingot/testing/harness.go:164)", "github.com/fil-forge/ingot/testing.StartHarness (/home/runner/work/ingot/ingot/testing/harness.go:142)"], "type": "registry.IntentStore"}
    logger.go:146: 2026-07-02T18:54:26.731Z	INFO	provided	{"constructor": "fx.Annotate(github.com/fil-forge/ingot/testing.StartHarness.func4(), fx.As([[registry.LocationStore]])", "stacktrace": ["github.com/fil-forge/ingot/testing.StartHarness (/home/runner/work/ingot/ingot/testing/harness.go:164)", "github.com/fil-forge/ingot/testing.smokeHarness (/home/runner/work/ingot/ingot/testing/smoke_test.go:41)", "github.com/fil-forge/ingot/testing.TestSmoke_CreateBucket (/home/runner/work/ingot/ingot/testing/smoke_test.go:62)", "testing.tRunner (/opt/hostedtoolcache/go/1.25.7/x64/src/testing/testing.go:1934)"], "moduletrace": ["github.com/fil-forge/ingot/testing.StartHarness (/home/runner/work/ingot/ingot/testing/harness.go:164)", "github.com/fil-forge/ingot/testing.StartHarness (/home/runner/work/ingot/ingot/testing/harness.go:142)"], "type": "registry.LocationStore"}
    logger.go:146: 2026-07-02T18:54:26.731Z	INFO	provided	{"constructor": "fx.Annotate(github.com/fil-forge/ingot/testing.StartHarness.func5(), fx.As([[registry.BlobRefStore]])", "stacktrace": ["github.com/fil-forge/ingot/testing.StartHarness (/home/runner/work/ingot/ingot/testing/harness.go:164)", "github.com/fil-forge/ingot/testing.smokeHarness (/home/runner/work/ingot/ingot/testing/smoke_test.go:41)", "github.com/fil-forge/ingot/testing.TestSmoke_CreateBucket (/home/runner/work/ingot/ingot/testing/smoke_test.go:62)", "testing.tRunner (/opt/hostedtoolcache/go/1.25.7/x64/src/testing/testing.go:1934)"], "moduletrace": ["github.com/fil-forge/ingot/testing.StartHarness (/home/runner/work/ingot/ingot/testing/harness.go:164)", "github.com/fil-forge/ingot/testing.StartHarness (/home/runner/work/ingot/ingot/testing/harness.go:142)"], "type": "registry.BlobRefStore"}
    logger.go:146: 2026-07-02T18:54:26.731Z	INFO	provided	{"constructor": "fx.Annotate(github.com/fil-forge/ingot/testing.StartHarness.func6(), fx.As([[registry.GCStore]])", "stacktrace": ["github.com/fil-forge/ingot/testing.StartHarness (/home/runner/work/ingot/ingot/testing/harness.go:164)", "github.com/fil-forge/ingot/testing.smokeHarness (/home/runner/work/ingot/ingot/testing/smoke_test.go:41)", "github.com/fil-forge/ingot/testing.TestSmoke_CreateBucket (/home/runner/work/ingot/ingot/testing/smoke_test.go:62)", "testing.tRunner (/opt/hostedtoolcache/go/1.25.7/x64/src/testing/testing.go:1934)"], "moduletrace": ["github.com/fil-forge/ingot/testing.StartHarness (/home/runner/work/ingot/ingot/testing/harness.go:164)", "github.com/fil-forge/ingot/testing.StartHarness (/home/runner/work/ingot/ingot/testing/harness.go:142)"], "type": "registry.GCStore"}
    logger.go:146: 2026-07-02T18:54:26.731Z	INFO	provided	{"constructor": "fx.Annotate(github.com/fil-forge/ingot/testing.StartHarness.func7(), fx.As([[registry.MultipartStore]])", "stacktrace": ["github.com/fil-forge/ingot/testing.StartHarness (/home/runner/work/ingot/ingot/testing/harness.go:164)", "github.com/fil-forge/ingot/testing.smokeHarness (/home/runner/work/ingot/ingot/testing/smoke_test.go:41)", "github.com/fil-forge/ingot/testing.TestSmoke_CreateBucket (/home/runner/work/ingot/ingot/testing/smoke_test.go:62)", "testing.tRunner (/opt/hostedtoolcache/go/1.25.7/x64/src/testing/testing.go:1934)"], "moduletrace": ["github.com/fil-forge/ingot/testing.StartHarness (/home/runner/work/ingot/ingot/testing/harness.go:164)", "github.com/fil-forge/ingot/testing.StartHarness (/home/runner/work/ingot/ingot/testing/harness.go:142)"], "type": "registry.MultipartStore"}
    logger.go:146: 2026-07-02T18:54:26.731Z	INFO	provided	{"constructor": "fx.Annotate(github.com/fil-forge/ingot/testing.StartHarness.func8(), fx.As([[logstore.Meta]])", "stacktrace": ["github.com/fil-forge/ingot/testing.StartHarness (/home/runner/work/ingot/ingot/testing/harness.go:164)", "github.com/fil-forge/ingot/testing.smokeHarness (/home/runner/work/ingot/ingot/testing/smoke_test.go:41)", "github.com/fil-forge/ingot/testing.TestSmoke_CreateBucket (/home/runner/work/ingot/ingot/testing/smoke_test.go:62)", "testing.tRunner (/opt/hostedtoolcache/go/1.25.7/x64/src/testing/testing.go:1934)"], "moduletrace": ["github.com/fil-forge/ingot/testing.StartHarness (/home/runner/work/ingot/ingot/testing/harness.go:164)", "github.com/fil-forge/ingot/testing.StartHarness (/home/runner/work/ingot/ingot/testing/harness.go:142)"], "type": "logstore.Meta"}
    logger.go:146: 2026-07-02T18:54:26.731Z	INFO	provided	{"constructor": "fx.Annotate(github.com/fil-forge/ingot/testing.StartHarness.func9(), fx.As([[blockstore.BlockReader]])", "stacktrace": ["github.com/fil-forge/ingot/testing.StartHarness (/home/runner/work/ingot/ingot/testing/harness.go:164)", "github.com/fil-forge/ingot/testing.smokeHarness (/home/runner/work/ingot/ingot/testing/smoke_test.go:41)", "github.com/fil-forge/ingot/testing.TestSmoke_CreateBucket (/home/runner/work/ingot/ingot/testing/smoke_test.go:62)", "testing.tRunner (/opt/hostedtoolcache/go/1.25.7/x64/src/testing/testing.go:1934)"], "moduletrace": ["github.com/fil-forge/ingot/testing.StartHarness (/home/runner/work/ingot/ingot/testing/harness.go:164)", "github.com/fil-forge/ingot/testing.StartHarness (/home/runner/work/ingot/ingot/testing/harness.go:142)"], "type": "blockstore.BlockReader"}
    logger.go:146: 2026-07-02T18:54:26.731Z	INFO	provided	{"constructor": "fx.Annotate(github.com/fil-forge/ingot/testing.StartHarness.func10(), fx.As([[uploader.Uploader]])", "stacktrace": ["github.com/fil-forge/ingot/testing.StartHarness (/home/runner/work/ingot/ingot/testing/harness.go:164)", "github.com/fil-forge/ingot/testing.smokeHarness (/home/runner/work/ingot/ingot/testing/smoke_test.go:41)", "github.com/fil-forge/ingot/testing.TestSmoke_CreateBucket (/home/runner/work/ingot/ingot/testing/smoke_test.go:62)", "testing.tRunner (/opt/hostedtoolcache/go/1.25.7/x64/src/testing/testing.go:1934)"], "moduletrace": ["github.com/fil-forge/ingot/testing.StartHarness (/home/runner/work/ingot/ingot/testing/harness.go:164)", "github.com/fil-forge/ingot/testing.StartHarness (/home/runner/work/ingot/ingot/testing/harness.go:142)"], "type": "uploader.Uploader"}
    logger.go:146: 2026-07-02T18:54:26.731Z	INFO	provided	{"constructor": "fx.Annotate(github.com/fil-forge/ingot/testing.StartHarness.func11(), fx.As([[uploader.BodyUploader]])", "stacktrace": ["github.com/fil-forge/ingot/testing.StartHarness (/home/runner/work/ingot/ingot/testing/harness.go:164)", "github.com/fil-forge/ingot/testing.smokeHarness (/home/runner/work/ingot/ingot/testing/smoke_test.go:41)", "github.com/fil-forge/ingot/testing.TestSmoke_CreateBucket (/home/runner/work/ingot/ingot/testing/smoke_test.go:62)", "testing.tRunner (/opt/hostedtoolcache/go/1.25.7/x64/src/testing/testing.go:1934)"], "moduletrace": ["github.com/fil-forge/ingot/testing.StartHarness (/home/runner/work/ingot/ingot/testing/harness.go:164)", "github.com/fil-forge/ingot/testing.StartHarness (/home/runner/work/ingot/ingot/testing/harness.go:142)"], "type": "uploader.BodyUploader"}
    logger.go:146: 2026-07-02T18:54:26.731Z	INFO	provided	{"constructor": "fx.Annotate(github.com/fil-forge/ingot/testing.StartHarness.func12(), fx.As([[uploader.BlobRemover]])", "stacktrace": ["github.com/fil-forge/ingot/testing.StartHarness (/home/runner/work/ingot/ingot/testing/harness.go:164)", "github.com/fil-forge/ingot/testing.smokeHarness (/home/runner/work/ingot/ingot/testing/smoke_test.go:41)", "github.com/fil-forge/ingot/testing.TestSmoke_CreateBucket (/home/runner/work/ingot/ingot/testing/smoke_test.go:62)", "testing.tRunner (/opt/hostedtoolcache/go/1.25.7/x64/src/testing/testing.go:1934)"], "moduletrace": ["github.com/fil-forge/ingot/testing.StartHarness (/home/runner/work/ingot/ingot/testing/harness.go:164)", "github.com/fil-forge/ingot/testing.StartHarness (/home/runner/work/ingot/ingot/testing/harness.go:142)"], "type": "uploader.BlobRemover"}
    logger.go:146: 2026-07-02T18:54:26.731Z	INFO	initialized custom fxevent.Logger	{"function": "github.com/fil-forge/ingot/testing.StartHarness.func1()"}
    logger.go:146: 2026-07-02T18:54:26.732Z	INFO	invoking	{"function": "github.com/fil-forge/ingot.registerServerLifecycle()", "module": "ingot-server"}
    logger.go:146: 2026-07-02T18:54:26.732Z	INFO	before run	{"name": "go.uber.org/fx.New.func1()", "kind": "provide"}
    logger.go:146: 2026-07-02T18:54:26.732Z	INFO	run	{"name": "go.uber.org/fx.New.func1()", "kind": "provide", "runtime": "17.903µs"}
    logger.go:146: 2026-07-02T18:54:26.732Z	INFO	before run	{"name": "stub(ingot.ServerConfig)", "kind": "supply"}
    logger.go:146: 2026-07-02T18:54:26.732Z	INFO	run	{"name": "stub(ingot.ServerConfig)", "kind": "supply", "runtime": "16.912µs"}
    logger.go:146: 2026-07-02T18:54:26.732Z	INFO	before run	{"name": "stub(*zap.Logger)", "kind": "supply"}
    logger.go:146: 2026-07-02T18:54:26.732Z	INFO	run	{"name": "stub(*zap.Logger)", "kind": "supply", "runtime": "17.001µs"}
    logger.go:146: 2026-07-02T18:54:26.732Z	INFO	before run	{"name": "fx.Annotate(github.com/fil-forge/ingot/testing.StartHarness.func9(), fx.As([[blockstore.BlockReader]])", "kind": "provide"}
    logger.go:146: 2026-07-02T18:54:26.732Z	INFO	run	{"name": "fx.Annotate(github.com/fil-forge/ingot/testing.StartHarness.func9(), fx.As([[blockstore.BlockReader]])", "kind": "provide", "runtime": "58.148µs"}
    logger.go:146: 2026-07-02T18:54:26.732Z	INFO	before run	{"name": "fx.Annotate(github.com/fil-forge/ingot/testing.StartHarness.func10(), fx.As([[uploader.Uploader]])", "kind": "provide"}
    logger.go:146: 2026-07-02T18:54:26.732Z	INFO	run	{"name": "fx.Annotate(github.com/fil-forge/ingot/testing.StartHarness.func10(), fx.As([[uploader.Uploader]])", "kind": "provide", "runtime": "28.503µs"}
    logger.go:146: 2026-07-02T18:54:26.732Z	INFO	before run	{"name": "fx.Annotate(github.com/fil-forge/ingot/testing.StartHarness.func11(), fx.As([[uploader.BodyUploader]])", "kind": "provide"}
    logger.go:146: 2026-07-02T18:54:26.733Z	INFO	run	{"name": "fx.Annotate(github.com/fil-forge/ingot/testing.StartHarness.func11(), fx.As([[uploader.BodyUploader]])", "kind": "provide", "runtime": "28.513µs"}
    logger.go:146: 2026-07-02T18:54:26.733Z	INFO	before run	{"name": "fx.Annotate(github.com/fil-forge/ingot/testing.StartHarness.func12(), fx.As([[uploader.BlobRemover]])", "kind": "provide"}
    logger.go:146: 2026-07-02T18:54:26.733Z	INFO	run	{"name": "fx.Annotate(github.com/fil-forge/ingot/testing.StartHarness.func12(), fx.As([[uploader.BlobRemover]])", "kind": "provide", "runtime": "29.505µs"}
    logger.go:146: 2026-07-02T18:54:26.733Z	INFO	before run	{"name": "fx.Annotate(github.com/fil-forge/ingot/testing.StartHarness.func2(), fx.As([[registry.Registry]])", "kind": "provide"}
    logger.go:146: 2026-07-02T18:54:26.733Z	INFO	run	{"name": "fx.Annotate(github.com/fil-forge/ingot/testing.StartHarness.func2(), fx.As([[registry.Registry]])", "kind": "provide", "runtime": "35.857µs"}
    logger.go:146: 2026-07-02T18:54:26.733Z	INFO	before run	{"name": "fx.Annotate(github.com/fil-forge/ingot/testing.StartHarness.func3(), fx.As([[registry.IntentStore]])", "kind": "provide"}
    logger.go:146: 2026-07-02T18:54:26.733Z	INFO	run	{"name": "fx.Annotate(github.com/fil-forge/ingot/testing.StartHarness.func3(), fx.As([[registry.IntentStore]])", "kind": "provide", "runtime": "30.657µs"}
    logger.go:146: 2026-07-02T18:54:26.733Z	INFO	before run	{"name": "fx.Annotate(github.com/fil-forge/ingot/testing.StartHarness.func4(), fx.As([[registry.LocationStore]])", "kind": "provide"}
    logger.go:146: 2026-07-02T18:54:26.733Z	INFO	run	{"name": "fx.Annotate(github.com/fil-forge/ingot/testing.StartHarness.func4(), fx.As([[registry.LocationStore]])", "kind": "provide", "runtime": "35.085µs"}
    logger.go:146: 2026-07-02T18:54:26.733Z	INFO	before run	{"name": "fx.Annotate(github.com/fil-forge/ingot/testing.StartHarness.func5(), fx.As([[registry.BlobRefStore]])", "kind": "provide"}
    logger.go:146: 2026-07-02T18:54:26.733Z	INFO	run	{"name": "fx.Annotate(github.com/fil-forge/ingot/testing.StartHarness.func5(), fx.As([[registry.BlobRefStore]])", "kind": "provide", "runtime": "29.855µs"}
    logger.go:146: 2026-07-02T18:54:26.733Z	INFO	before run	{"name": "fx.Annotate(github.com/fil-forge/ingot/testing.StartHarness.func6(), fx.As([[registry.GCStore]])", "kind": "provide"}
    logger.go:146: 2026-07-02T18:54:26.733Z	INFO	run	{"name": "fx.Annotate(github.com/fil-forge/ingot/testing.StartHarness.func6(), fx.As([[registry.GCStore]])", "kind": "provide", "runtime": "28.714µs"}
    logger.go:146: 2026-07-02T18:54:26.733Z	INFO	before run	{"name": "fx.Annotate(github.com/fil-forge/ingot/testing.StartHarness.func7(), fx.As([[registry.MultipartStore]])", "kind": "provide"}
    logger.go:146: 2026-07-02T18:54:26.734Z	INFO	run	{"name": "fx.Annotate(github.com/fil-forge/ingot/testing.StartHarness.func7(), fx.As([[registry.MultipartStore]])", "kind": "provide", "runtime": "32.801µs"}
    logger.go:146: 2026-07-02T18:54:26.734Z	INFO	before run	{"name": "fx.Annotate(github.com/fil-forge/ingot/testing.StartHarness.func8(), fx.As([[logstore.Meta]])", "kind": "provide"}
    logger.go:146: 2026-07-02T18:54:26.734Z	INFO	run	{"name": "fx.Annotate(github.com/fil-forge/ingot/testing.StartHarness.func8(), fx.As([[logstore.Meta]])", "kind": "provide", "runtime": "32.04µs"}
    logger.go:146: 2026-07-02T18:54:26.734Z	INFO	OnStart hook executing	{"callee": "github.com/fil-forge/ingot.registerServerLifecycle.func1()", "caller": "github.com/fil-forge/ingot.registerServerLifecycle"}
    logger.go:146: 2026-07-02T18:54:26.735Z	INFO	starting ingot S3 listener	{"addr": "127.0.0.1:42191", "region": "us-east-1", "data_dir": "/tmp/ingot-harness-2652428260", "max_blob_size": 268435456}
    logger.go:146: 2026-07-02T18:54:26.735Z	INFO	OnStart hook executed	{"callee": "github.com/fil-forge/ingot.registerServerLifecycle.func1()", "caller": "github.com/fil-forge/ingot.registerServerLifecycle", "runtime": "1.478883ms"}
    logger.go:146: 2026-07-02T18:54:26.736Z	INFO	started
=== RUN   TestSmoke_CreateBucket/invalid_bucket_name
RUN  CreateBucket_invalid_bucket_name
PASS CreateBucket_invalid_bucket_name
=== RUN   TestSmoke_CreateBucket/invalid_canned_acl
RUN  CreateBucket_invalid_canned_acl
PASS CreateBucket_invalid_canned_acl
=== RUN   TestSmoke_CreateBucket/invalid_location_constraint
RUN  CreateBucket_invalid_location_constraint
PASS CreateBucket_invalid_location_constraint
=== RUN   TestSmoke_CreateBucket/invalid_ownership
RUN  CreateBucket_invalid_ownership
PASS CreateBucket_invalid_ownership
=== RUN   TestSmoke_CreateBucket/ownership_with_acl
RUN  CreateBucket_ownership_with_acl
PASS CreateBucket_ownership_with_acl
=== RUN   TestSmoke_CreateBucket/success
RUN  CreateBucket_success
PASS CreateBucket_success
=== NAME  TestSmoke_CreateBucket
    logger.go:146: 2026-07-02T18:54:26.754Z	INFO	OnStop hook executing	{"callee": "github.com/fil-forge/ingot.registerServerLifecycle.func2()", "caller": "github.com/fil-forge/ingot.registerServerLifecycle"}
    logger.go:146: 2026-07-02T18:54:26.754Z	INFO	shutting down ingot S3 listener
    logger.go:146: 2026-07-02T18:54:26.754Z	ERROR	ingot listener error	{"error": "listener closed"}
    logger.go:146: 2026-07-02T18:54:26.754Z	INFO	OnStop hook executed	{"callee": "github.com/fil-forge/ingot.registerServerLifecycle.func2()", "caller": "github.com/fil-forge/ingot.registerServerLifecycle", "runtime": "118.31µs"}
--- PASS: TestSmoke_CreateBucket (0.03s)
    --- PASS: TestSmoke_CreateBucket/invalid_bucket_name (0.00s)
    --- PASS: TestSmoke_CreateBucket/invalid_canned_acl (0.00s)
    --- PASS: TestSmoke_CreateBucket/invalid_location_constraint (0.00s)
    --- PASS: TestSmoke_CreateBucket/invalid_ownership (0.00s)
    --- PASS: TestSmoke_CreateBucket/ownership_with_acl (0.00s)
    --- PASS: TestSmoke_CreateBucket/success (0.00s)
=== RUN   TestMultipart_RoundTrip
    logger.go:146: 2026-07-02T18:54:26.757Z	INFO	provided	{"constructor": "go.uber.org/fx.New.func1()", "stacktrace": ["go.uber.org/fx.New (/home/runner/go/pkg/mod/go.uber.org/fx@v1.24.0/app.go:481)", "github.com/fil-forge/ingot/testing.StartHarness (/home/runner/work/ingot/ingot/testing/harness.go:142)", "github.com/fil-forge/ingot/testing_test.TestMultipart_RoundTrip (/home/runner/work/ingot/ingot/testing/multipart_test.go:26)", "testing.tRunner (/opt/hostedtoolcache/go/1.25.7/x64/src/testing/testing.go:1934)"], "moduletrace": ["go.uber.org/fx.New (/home/runner/go/pkg/mod/go.uber.org/fx@v1.24.0/app.go:481)", "github.com/fil-forge/ingot/testing.StartHarness (/home/runner/work/ingot/ingot/testing/harness.go:142)"], "type": "fx.Lifecycle"}
    logger.go:146: 2026-07-02T18:54:26.757Z	INFO	provided	{"constructor": "go.uber.org/fx.(*App).shutdowner-fm()", "stacktrace": ["go.uber.org/fx.New (/home/runner/go/pkg/mod/go.uber.org/fx@v1.24.0/app.go:481)", "github.com/fil-forge/ingot/testing.StartHarness (/home/runner/work/ingot/ingot/testing/harness.go:142)", "github.com/fil-forge/ingot/testing_test.TestMultipart_RoundTrip (/home/runner/work/ingot/ingot/testing/multipart_test.go:26)", "testing.tRunner (/opt/hostedtoolcache/go/1.25.7/x64/src/testing/testing.go:1934)"], "moduletrace": ["go.uber.org/fx.New (/home/runner/go/pkg/mod/go.uber.org/fx@v1.24.0/app.go:481)", "github.com/fil-forge/ingot/testing.StartHarness (/home/runner/work/ingot/ingot/testing/harness.go:142)"], "type": "fx.Shutdowner"}
    logger.go:146: 2026-07-02T18:54:26.757Z	INFO	provided	{"constructor": "go.uber.org/fx.(*App).dotGraph-fm()", "stacktrace": ["go.uber.org/fx.New (/home/runner/go/pkg/mod/go.uber.org/fx@v1.24.0/app.go:481)", "github.com/fil-forge/ingot/testing.StartHarness (/home/runner/work/ingot/ingot/testing/harness.go:142)", "github.com/fil-forge/ingot/testing_test.TestMultipart_RoundTrip (/home/runner/work/ingot/ingot/testing/multipart_test.go:26)", "testing.tRunner (/opt/hostedtoolcache/go/1.25.7/x64/src/testing/testing.go:1934)"], "moduletrace": ["go.uber.org/fx.New (/home/runner/go/pkg/mod/go.uber.org/fx@v1.24.0/app.go:481)", "github.com/fil-forge/ingot/testing.StartHarness (/home/runner/work/ingot/ingot/testing/harness.go:142)"], "type": "fx.DotGraph"}
    logger.go:146: 2026-07-02T18:54:26.757Z	INFO	supplied	{"type": "*zap.Logger", "stacktrace": ["github.com/fil-forge/ingot/testing.StartHarness (/home/runner/work/ingot/ingot/testing/harness.go:146)", "github.com/fil-forge/ingot/testing_test.TestMultipart_RoundTrip (/home/runner/work/ingot/ingot/testing/multipart_test.go:26)", "testing.tRunner (/opt/hostedtoolcache/go/1.25.7/x64/src/testing/testing.go:1934)"], "moduletrace": ["github.com/fil-forge/ingot/testing.StartHarness (/home/runner/work/ingot/ingot/testing/harness.go:146)", "github.com/fil-forge/ingot/testing.StartHarness (/home/runner/work/ingot/ingot/testing/harness.go:142)"]}
    logger.go:146: 2026-07-02T18:54:26.757Z	INFO	supplied	{"type": "ingot.ServerConfig", "stacktrace": ["github.com/fil-forge/ingot/testing.StartHarness (/home/runner/work/ingot/ingot/testing/harness.go:147)", "github.com/fil-forge/ingot/testing_test.TestMultipart_RoundTrip (/home/runner/work/ingot/ingot/testing/multipart_test.go:26)", "testing.tRunner (/opt/hostedtoolcache/go/1.25.7/x64/src/testing/testing.go:1934)"], "moduletrace": ["github.com/fil-forge/ingot/testing.StartHarness (/home/runner/work/ingot/ingot/testing/harness.go:147)", "github.com/fil-forge/ingot/testing.StartHarness (/home/runner/work/ingot/ingot/testing/harness.go:142)"]}
    logger.go:146: 2026-07-02T18:54:26.757Z	INFO	provided	{"constructor": "fx.Annotate(github.com/fil-forge/ingot/testing.StartHarness.func2(), fx.As([[registry.Registry]])", "stacktrace": ["github.com/fil-forge/ingot/testing.StartHarness (/home/runner/work/ingot/ingot/testing/harness.go:164)", "github.com/fil-forge/ingot/testing_test.TestMultipart_RoundTrip (/home/runner/work/ingot/ingot/testing/multipart_test.go:26)", "testing.tRunner (/opt/hostedtoolcache/go/1.25.7/x64/src/testing/testing.go:1934)"], "moduletrace": ["github.com/fil-forge/ingot/testing.StartHarness (/home/runner/work/ingot/ingot/testing/harness.go:164)", "github.com/fil-forge/ingot/testing.StartHarness (/home/runner/work/ingot/ingot/testing/harness.go:142)"], "type": "registry.Registry"}
    logger.go:146: 2026-07-02T18:54:26.757Z	INFO	provided	{"constructor": "fx.Annotate(github.com/fil-forge/ingot/testing.StartHarness.func3(), fx.As([[registry.IntentStore]])", "stacktrace": ["github.com/fil-forge/ingot/testing.StartHarness (/home/runner/work/ingot/ingot/testing/harness.go:164)", "github.com/fil-forge/ingot/testing_test.TestMultipart_RoundTrip (/home/runner/work/ingot/ingot/testing/multipart_test.go:26)", "testing.tRunner (/opt/hostedtoolcache/go/1.25.7/x64/src/testing/testing.go:1934)"], "moduletrace": ["github.com/fil-forge/ingot/testing.StartHarness (/home/runner/work/ingot/ingot/testing/harness.go:164)", "github.com/fil-forge/ingot/testing.StartHarness (/home/runner/work/ingot/ingot/testing/harness.go:142)"], "type": "registry.IntentStore"}
    logger.go:146: 2026-07-02T18:54:26.757Z	INFO	provided	{"constructor": "fx.Annotate(github.com/fil-forge/ingot/testing.StartHarness.func4(), fx.As([[registry.LocationStore]])", "stacktrace": ["github.com/fil-forge/ingot/testing.StartHarness (/home/runner/work/ingot/ingot/testing/harness.go:164)", "github.com/fil-forge/ingot/testing_test.TestMultipart_RoundTrip (/home/runner/work/ingot/ingot/testing/multipart_test.go:26)", "testing.tRunner (/opt/hostedtoolcache/go/1.25.7/x64/src/testing/testing.go:1934)"], "moduletrace": ["github.com/fil-forge/ingot/testing.StartHarness (/home/runner/work/ingot/ingot/testing/harness.go:164)", "github.com/fil-forge/ingot/testing.StartHarness (/home/runner/work/ingot/ingot/testing/harness.go:142)"], "type": "registry.LocationStore"}
    logger.go:146: 2026-07-02T18:54:26.757Z	INFO	provided	{"constructor": "fx.Annotate(github.com/fil-forge/ingot/testing.StartHarness.func5(), fx.As([[registry.BlobRefStore]])", "stacktrace": ["github.com/fil-forge/ingot/testing.StartHarness (/home/runner/work/ingot/ingot/testing/harness.go:164)", "github.com/fil-forge/ingot/testing_test.TestMultipart_RoundTrip (/home/runner/work/ingot/ingot/testing/multipart_test.go:26)", "testing.tRunner (/opt/hostedtoolcache/go/1.25.7/x64/src/testing/testing.go:1934)"], "moduletrace": ["github.com/fil-forge/ingot/testing.StartHarness (/home/runner/work/ingot/ingot/testing/harness.go:164)", "github.com/fil-forge/ingot/testing.StartHarness (/home/runner/work/ingot/ingot/testing/harness.go:142)"], "type": "registry.BlobRefStore"}
    logger.go:146: 2026-07-02T18:54:26.757Z	INFO	provided	{"constructor": "fx.Annotate(github.com/fil-forge/ingot/testing.StartHarness.func6(), fx.As([[registry.GCStore]])", "stacktrace": ["github.com/fil-forge/ingot/testing.StartHarness (/home/runner/work/ingot/ingot/testing/harness.go:164)", "github.com/fil-forge/ingot/testing_test.TestMultipart_RoundTrip (/home/runner/work/ingot/ingot/testing/multipart_test.go:26)", "testing.tRunner (/opt/hostedtoolcache/go/1.25.7/x64/src/testing/testing.go:1934)"], "moduletrace": ["github.com/fil-forge/ingot/testing.StartHarness (/home/runner/work/ingot/ingot/testing/harness.go:164)", "github.com/fil-forge/ingot/testing.StartHarness (/home/runner/work/ingot/ingot/testing/harness.go:142)"], "type": "registry.GCStore"}
    logger.go:146: 2026-07-02T18:54:26.757Z	INFO	provided	{"constructor": "fx.Annotate(github.com/fil-forge/ingot/testing.StartHarness.func7(), fx.As([[registry.MultipartStore]])", "stacktrace": ["github.com/fil-forge/ingot/testing.StartHarness (/home/runner/work/ingot/ingot/testing/harness.go:164)", "github.com/fil-forge/ingot/testing_test.TestMultipart_RoundTrip (/home/runner/work/ingot/ingot/testing/multipart_test.go:26)", "testing.tRunner (/opt/hostedtoolcache/go/1.25.7/x64/src/testing/testing.go:1934)"], "moduletrace": ["github.com/fil-forge/ingot/testing.StartHarness (/home/runner/work/ingot/ingot/testing/harness.go:164)", "github.com/fil-forge/ingot/testing.StartHarness (/home/runner/work/ingot/ingot/testing/harness.go:142)"], "type": "registry.MultipartStore"}
    logger.go:146: 2026-07-02T18:54:26.757Z	INFO	provided	{"constructor": "fx.Annotate(github.com/fil-forge/ingot/testing.StartHarness.func8(), fx.As([[logstore.Meta]])", "stacktrace": ["github.com/fil-forge/ingot/testing.StartHarness (/home/runner/work/ingot/ingot/testing/harness.go:164)", "github.com/fil-forge/ingot/testing_test.TestMultipart_RoundTrip (/home/runner/work/ingot/ingot/testing/multipart_test.go:26)", "testing.tRunner (/opt/hostedtoolcache/go/1.25.7/x64/src/testing/testing.go:1934)"], "moduletrace": ["github.com/fil-forge/ingot/testing.StartHarness (/home/runner/work/ingot/ingot/testing/harness.go:164)", "github.com/fil-forge/ingot/testing.StartHarness (/home/runner/work/ingot/ingot/testing/harness.go:142)"], "type": "logstore.Meta"}
    logger.go:146: 2026-07-02T18:54:26.757Z	INFO	provided	{"constructor": "fx.Annotate(github.com/fil-forge/ingot/testing.StartHarness.func9(), fx.As([[blockstore.BlockReader]])", "stacktrace": ["github.com/fil-forge/ingot/testing.StartHarness (/home/runner/work/ingot/ingot/testing/harness.go:164)", "github.com/fil-forge/ingot/testing_test.TestMultipart_RoundTrip (/home/runner/work/ingot/ingot/testing/multipart_test.go:26)", "testing.tRunner (/opt/hostedtoolcache/go/1.25.7/x64/src/testing/testing.go:1934)"], "moduletrace": ["github.com/fil-forge/ingot/testing.StartHarness (/home/runner/work/ingot/ingot/testing/harness.go:164)", "github.com/fil-forge/ingot/testing.StartHarness (/home/runner/work/ingot/ingot/testing/harness.go:142)"], "type": "blockstore.BlockReader"}
    logger.go:146: 2026-07-02T18:54:26.757Z	INFO	provided	{"constructor": "fx.Annotate(github.com/fil-forge/ingot/testing.StartHarness.func10(), fx.As([[uploader.Uploader]])", "stacktrace": ["github.com/fil-forge/ingot/testing.StartHarness (/home/runner/work/ingot/ingot/testing/harness.go:164)", "github.com/fil-forge/ingot/testing_test.TestMultipart_RoundTrip (/home/runner/work/ingot/ingot/testing/multipart_test.go:26)", "testing.tRunner (/opt/hostedtoolcache/go/1.25.7/x64/src/testing/testing.go:1934)"], "moduletrace": ["github.com/fil-forge/ingot/testing.StartHarness (/home/runner/work/ingot/ingot/testing/harness.go:164)", "github.com/fil-forge/ingot/testing.StartHarness (/home/runner/work/ingot/ingot/testing/harness.go:142)"], "type": "uploader.Uploader"}
    logger.go:146: 2026-07-02T18:54:26.757Z	INFO	provided	{"constructor": "fx.Annotate(github.com/fil-forge/ingot/testing.StartHarness.func11(), fx.As([[uploader.BodyUploader]])", "stacktrace": ["github.com/fil-forge/ingot/testing.StartHarness (/home/runner/work/ingot/ingot/testing/harness.go:164)", "github.com/fil-forge/ingot/testing_test.TestMultipart_RoundTrip (/home/runner/work/ingot/ingot/testing/multipart_test.go:26)", "testing.tRunner (/opt/hostedtoolcache/go/1.25.7/x64/src/testing/testing.go:1934)"], "moduletrace": ["github.com/fil-forge/ingot/testing.StartHarness (/home/runner/work/ingot/ingot/testing/harness.go:164)", "github.com/fil-forge/ingot/testing.StartHarness (/home/runner/work/ingot/ingot/testing/harness.go:142)"], "type": "uploader.BodyUploader"}
    logger.go:146: 2026-07-02T18:54:26.758Z	INFO	provided	{"constructor": "fx.Annotate(github.com/fil-forge/ingot/testing.StartHarness.func12(), fx.As([[uploader.BlobRemover]])", "stacktrace": ["github.com/fil-forge/ingot/testing.StartHarness (/home/runner/work/ingot/ingot/testing/harness.go:164)", "github.com/fil-forge/ingot/testing_test.TestMultipart_RoundTrip (/home/runner/work/ingot/ingot/testing/multipart_test.go:26)", "testing.tRunner (/opt/hostedtoolcache/go/1.25.7/x64/src/testing/testing.go:1934)"], "moduletrace": ["github.com/fil-forge/ingot/testing.StartHarness (/home/runner/work/ingot/ingot/testing/harness.go:164)", "github.com/fil-forge/ingot/testing.StartHarness (/home/runner/work/ingot/ingot/testing/harness.go:142)"], "type": "uploader.BlobRemover"}
    logger.go:146: 2026-07-02T18:54:26.758Z	INFO	initialized custom fxevent.Logger	{"function": "github.com/fil-forge/ingot/testing.StartHarness.func1()"}
    logger.go:146: 2026-07-02T18:54:26.758Z	INFO	invoking	{"function": "github.com/fil-forge/ingot.registerServerLifecycle()", "module": "ingot-server"}
    logger.go:146: 2026-07-02T18:54:26.758Z	INFO	before run	{"name": "go.uber.org/fx.New.func1()", "kind": "provide"}
    logger.go:146: 2026-07-02T18:54:26.758Z	INFO	run	{"name": "go.uber.org/fx.New.func1()", "kind": "provide", "runtime": "16.34µs"}
    logger.go:146: 2026-07-02T18:54:26.758Z	INFO	before run	{"name": "stub(ingot.ServerConfig)", "kind": "supply"}
    logger.go:146: 2026-07-02T18:54:26.758Z	INFO	run	{"name": "stub(ingot.ServerConfig)", "kind": "supply", "runtime": "18.053µs"}
    logger.go:146: 2026-07-02T18:54:26.758Z	INFO	before run	{"name": "stub(*zap.Logger)", "kind": "supply"}
    logger.go:146: 2026-07-02T18:54:26.758Z	INFO	run	{"name": "stub(*zap.Logger)", "kind": "supply", "runtime": "16.982µs"}
    logger.go:146: 2026-07-02T18:54:26.758Z	INFO	before run	{"name": "fx.Annotate(github.com/fil-forge/ingot/testing.StartHarness.func9(), fx.As([[blockstore.BlockReader]])", "kind": "provide"}
    logger.go:146: 2026-07-02T18:54:26.758Z	INFO	run	{"name": "fx.Annotate(github.com/fil-forge/ingot/testing.StartHarness.func9(), fx.As([[blockstore.BlockReader]])", "kind": "provide", "runtime": "60.994µs"}
    logger.go:146: 2026-07-02T18:54:26.758Z	INFO	before run	{"name": "fx.Annotate(github.com/fil-forge/ingot/testing.StartHarness.func10(), fx.As([[uploader.Uploader]])", "kind": "provide"}
    logger.go:146: 2026-07-02T18:54:26.759Z	INFO	run	{"name": "fx.Annotate(github.com/fil-forge/ingot/testing.StartHarness.func10(), fx.As([[uploader.Uploader]])", "kind": "provide", "runtime": "32.831µs"}
    logger.go:146: 2026-07-02T18:54:26.759Z	INFO	before run	{"name": "fx.Annotate(github.com/fil-forge/ingot/testing.StartHarness.func11(), fx.As([[uploader.BodyUploader]])", "kind": "provide"}
    logger.go:146: 2026-07-02T18:54:26.759Z	INFO	run	{"name": "fx.Annotate(github.com/fil-forge/ingot/testing.StartHarness.func11(), fx.As([[uploader.BodyUploader]])", "kind": "provide", "runtime": "31.248µs"}
    logger.go:146: 2026-07-02T18:54:26.759Z	INFO	before run	{"name": "fx.Annotate(github.com/fil-forge/ingot/testing.StartHarness.func12(), fx.As([[uploader.BlobRemover]])", "kind": "provide"}
    logger.go:146: 2026-07-02T18:54:26.759Z	INFO	run	{"name": "fx.Annotate(github.com/fil-forge/ingot/testing.StartHarness.func12(), fx.As([[uploader.BlobRemover]])", "kind": "provide", "runtime": "31.478µs"}
    logger.go:146: 2026-07-02T18:54:26.759Z	INFO	before run	{"name": "fx.Annotate(github.com/fil-forge/ingot/testing.StartHarness.func2(), fx.As([[registry.Registry]])", "kind": "provide"}
    logger.go:146: 2026-07-02T18:54:26.759Z	INFO	run	{"name": "fx.Annotate(github.com/fil-forge/ingot/testing.StartHarness.func2(), fx.As([[registry.Registry]])", "kind": "provide", "runtime": "42.068µs"}
    logger.go:146: 2026-07-02T18:54:26.759Z	INFO	before run	{"name": "fx.Annotate(github.com/fil-forge/ingot/testing.StartHarness.func3(), fx.As([[registry.IntentStore]])", "kind": "provide"}
    logger.go:146: 2026-07-02T18:54:26.759Z	INFO	run	{"name": "fx.Annotate(github.com/fil-forge/ingot/testing.StartHarness.func3(), fx.As([[registry.IntentStore]])", "kind": "provide", "runtime": "38.973µs"}
    logger.go:146: 2026-07-02T18:54:26.759Z	INFO	before run	{"name": "fx.Annotate(github.com/fil-forge/ingot/testing.StartHarness.func4(), fx.As([[registry.LocationStore]])", "kind": "provide"}
    logger.go:146: 2026-07-02T18:54:26.759Z	INFO	run	{"name": "fx.Annotate(github.com/fil-forge/ingot/testing.StartHarness.func4(), fx.As([[registry.LocationStore]])", "kind": "provide", "runtime": "35.676µs"}
    logger.go:146: 2026-07-02T18:54:26.759Z	INFO	before run	{"name": "fx.Annotate(github.com/fil-forge/ingot/testing.StartHarness.func5(), fx.As([[registry.BlobRefStore]])", "kind": "provide"}
    logger.go:146: 2026-07-02T18:54:26.759Z	INFO	run	{"name": "fx.Annotate(github.com/fil-forge/ingot/testing.StartHarness.func5(), fx.As([[registry.BlobRefStore]])", "kind": "provide", "runtime": "35.756µs"}
    logger.go:146: 2026-07-02T18:54:26.760Z	INFO	before run	{"name": "fx.Annotate(github.com/fil-forge/ingot/testing.StartHarness.func6(), fx.As([[registry.GCStore]])", "kind": "provide"}
    logger.go:146: 2026-07-02T18:54:26.760Z	INFO	run	{"name": "fx.Annotate(github.com/fil-forge/ingot/testing.StartHarness.func6(), fx.As([[registry.GCStore]])", "kind": "provide", "runtime": "33.192µs"}
    logger.go:146: 2026-07-02T18:54:26.760Z	INFO	before run	{"name": "fx.Annotate(github.com/fil-forge/ingot/testing.StartHarness.func7(), fx.As([[registry.MultipartStore]])", "kind": "provide"}
    logger.go:146: 2026-07-02T18:54:26.760Z	INFO	run	{"name": "fx.Annotate(github.com/fil-forge/ingot/testing.StartHarness.func7(), fx.As([[registry.MultipartStore]])", "kind": "provide", "runtime": "37.49µs"}
    logger.go:146: 2026-07-02T18:54:26.760Z	INFO	before run	{"name": "fx.Annotate(github.com/fil-forge/ingot/testing.StartHarness.func8(), fx.As([[logstore.Meta]])", "kind": "provide"}
    logger.go:146: 2026-07-02T18:54:26.760Z	INFO	run	{"name": "fx.Annotate(github.com/fil-forge/ingot/testing.StartHarness.func8(), fx.As([[logstore.Meta]])", "kind": "provide", "runtime": "39.704µs"}
    logger.go:146: 2026-07-02T18:54:26.760Z	INFO	OnStart hook executing	{"callee": "github.com/fil-forge/ingot.registerServerLifecycle.func1()", "caller": "github.com/fil-forge/ingot.registerServerLifecycle"}
    logger.go:146: 2026-07-02T18:54:26.762Z	INFO	starting ingot S3 listener	{"addr": "127.0.0.1:43371", "region": "us-east-1", "data_dir": "/tmp/ingot-harness-1927865392", "max_blob_size": 32768}
    logger.go:146: 2026-07-02T18:54:26.762Z	INFO	OnStart hook executed	{"callee": "github.com/fil-forge/ingot.registerServerLifecycle.func1()", "caller": "github.com/fil-forge/ingot.registerServerLifecycle", "runtime": "1.486687ms"}
    logger.go:146: 2026-07-02T18:54:26.762Z	INFO	started
SDK 2026/07/02 18:54:26 WARN Response has no supported checksum. Not validating response payload.
    logger.go:146: 2026-07-02T18:54:26.782Z	INFO	OnStop hook executing	{"callee": "github.com/fil-forge/ingot.registerServerLifecycle.func2()", "caller": "github.com/fil-forge/ingot.registerServerLifecycle"}
    logger.go:146: 2026-07-02T18:54:26.782Z	INFO	shutting down ingot S3 listener
    logger.go:146: 2026-07-02T18:54:26.782Z	ERROR	ingot listener error	{"error": "listener closed"}
    logger.go:146: 2026-07-02T18:54:26.783Z	INFO	OnStop hook executed	{"callee": "github.com/fil-forge/ingot.registerServerLifecycle.func2()", "caller": "github.com/fil-forge/ingot.registerServerLifecycle", "runtime": "588.132µs"}
--- PASS: TestMultipart_RoundTrip (0.03s)
=== RUN   TestSmoke_PutObject
    logger.go:146: 2026-07-02T18:54:26.786Z	INFO	provided	{"constructor": "go.uber.org/fx.New.func1()", "stacktrace": ["go.uber.org/fx.New (/home/runner/go/pkg/mod/go.uber.org/fx@v1.24.0/app.go:481)", "github.com/fil-forge/ingot/testing.StartHarness (/home/runner/work/ingot/ingot/testing/harness.go:142)", "github.com/fil-forge/ingot/testing.smokeHarness (/home/runner/work/ingot/ingot/testing/smoke_test.go:41)", "github.com/fil-forge/ingot/testing.TestSmoke_PutObject (/home/runner/work/ingot/ingot/testing/smoke_test.go:150)", "testing.tRunner (/opt/hostedtoolcache/go/1.25.7/x64/src/testing/testing.go:1934)"], "moduletrace": ["go.uber.org/fx.New (/home/runner/go/pkg/mod/go.uber.org/fx@v1.24.0/app.go:481)", "github.com/fil-forge/ingot/testing.StartHarness (/home/runner/work/ingot/ingot/testing/harness.go:142)"], "type": "fx.Lifecycle"}
    logger.go:146: 2026-07-02T18:54:26.786Z	INFO	provided	{"constructor": "go.uber.org/fx.(*App).shutdowner-fm()", "stacktrace": ["go.uber.org/fx.New (/home/runner/go/pkg/mod/go.uber.org/fx@v1.24.0/app.go:481)", "github.com/fil-forge/ingot/testing.StartHarness (/home/runner/work/ingot/ingot/testing/harness.go:142)", "github.com/fil-forge/ingot/testing.smokeHarness (/home/runner/work/ingot/ingot/testing/smoke_test.go:41)", "github.com/fil-forge/ingot/testing.TestSmoke_PutObject (/home/runner/work/ingot/ingot/testing/smoke_test.go:150)", "testing.tRunner (/opt/hostedtoolcache/go/1.25.7/x64/src/testing/testing.go:1934)"], "moduletrace": ["go.uber.org/fx.New (/home/runner/go/pkg/mod/go.uber.org/fx@v1.24.0/app.go:481)", "github.com/fil-forge/ingot/testing.StartHarness (/home/runner/work/ingot/ingot/testing/harness.go:142)"], "type": "fx.Shutdowner"}
    logger.go:146: 2026-07-02T18:54:26.786Z	INFO	provided	{"constructor": "go.uber.org/fx.(*App).dotGraph-fm()", "stacktrace": ["go.uber.org/fx.New (/home/runner/go/pkg/mod/go.uber.org/fx@v1.24.0/app.go:481)", "github.com/fil-forge/ingot/testing.StartHarness (/home/runner/work/ingot/ingot/testing/harness.go:142)", "github.com/fil-forge/ingot/testing.smokeHarness (/home/runner/work/ingot/ingot/testing/smoke_test.go:41)", "github.com/fil-forge/ingot/testing.TestSmoke_PutObject (/home/runner/work/ingot/ingot/testing/smoke_test.go:150)", "testing.tRunner (/opt/hostedtoolcache/go/1.25.7/x64/src/testing/testing.go:1934)"], "moduletrace": ["go.uber.org/fx.New (/home/runner/go/pkg/mod/go.uber.org/fx@v1.24.0/app.go:481)", "github.com/fil-forge/ingot/testing.StartHarness (/home/runner/work/ingot/ingot/testing/harness.go:142)"], "type": "fx.DotGraph"}
    logger.go:146: 2026-07-02T18:54:26.786Z	INFO	supplied	{"type": "*zap.Logger", "stacktrace": ["github.com/fil-forge/ingot/testing.StartHarness (/home/runner/work/ingot/ingot/testing/harness.go:146)", "github.com/fil-forge/ingot/testing.smokeHarness (/home/runner/work/ingot/ingot/testing/smoke_test.go:41)", "github.com/fil-forge/ingot/testing.TestSmoke_PutObject (/home/runner/work/ingot/ingot/testing/smoke_test.go:150)", "testing.tRunner (/opt/hostedtoolcache/go/1.25.7/x64/src/testing/testing.go:1934)"], "moduletrace": ["github.com/fil-forge/ingot/testing.StartHarness (/home/runner/work/ingot/ingot/testing/harness.go:146)", "github.com/fil-forge/ingot/testing.StartHarness (/home/runner/work/ingot/ingot/testing/harness.go:142)"]}
    logger.go:146: 2026-07-02T18:54:26.786Z	INFO	supplied	{"type": "ingot.ServerConfig", "stacktrace": ["github.com/fil-forge/ingot/testing.StartHarness (/home/runner/work/ingot/ingot/testing/harness.go:147)", "github.com/fil-forge/ingot/testing.smokeHarness (/home/runner/work/ingot/ingot/testing/smoke_test.go:41)", "github.com/fil-forge/ingot/testing.TestSmoke_PutObject (/home/runner/work/ingot/ingot/testing/smoke_test.go:150)", "testing.tRunner (/opt/hostedtoolcache/go/1.25.7/x64/src/testing/testing.go:1934)"], "moduletrace": ["github.com/fil-forge/ingot/testing.StartHarness (/home/runner/work/ingot/ingot/testing/harness.go:147)", "github.com/fil-forge/ingot/testing.StartHarness (/home/runner/work/ingot/ingot/testing/harness.go:142)"]}
    logger.go:146: 2026-07-02T18:54:26.786Z	INFO	provided	{"constructor": "fx.Annotate(github.com/fil-forge/ingot/testing.StartHarness.func2(), fx.As([[registry.Registry]])", "stacktrace": ["github.com/fil-forge/ingot/testing.StartHarness (/home/runner/work/ingot/ingot/testing/harness.go:164)", "github.com/fil-forge/ingot/testing.smokeHarness (/home/runner/work/ingot/ingot/testing/smoke_test.go:41)", "github.com/fil-forge/ingot/testing.TestSmoke_PutObject (/home/runner/work/ingot/ingot/testing/smoke_test.go:150)", "testing.tRunner (/opt/hostedtoolcache/go/1.25.7/x64/src/testing/testing.go:1934)"], "moduletrace": ["github.com/fil-forge/ingot/testing.StartHarness (/home/runner/work/ingot/ingot/testing/harness.go:164)", "github.com/fil-forge/ingot/testing.StartHarness (/home/runner/work/ingot/ingot/testing/harness.go:142)"], "type": "registry.Registry"}
    logger.go:146: 2026-07-02T18:54:26.786Z	INFO	provided	{"constructor": "fx.Annotate(github.com/fil-forge/ingot/testing.StartHarness.func3(), fx.As([[registry.IntentStore]])", "stacktrace": ["github.com/fil-forge/ingot/testing.StartHarness (/home/runner/work/ingot/ingot/testing/harness.go:164)", "github.com/fil-forge/ingot/testing.smokeHarness (/home/runner/work/ingot/ingot/testing/smoke_test.go:41)", "github.com/fil-forge/ingot/testing.TestSmoke_PutObject (/home/runner/work/ingot/ingot/testing/smoke_test.go:150)", "testing.tRunner (/opt/hostedtoolcache/go/1.25.7/x64/src/testing/testing.go:1934)"], "moduletrace": ["github.com/fil-forge/ingot/testing.StartHarness (/home/runner/work/ingot/ingot/testing/harness.go:164)", "github.com/fil-forge/ingot/testing.StartHarness (/home/runner/work/ingot/ingot/testing/harness.go:142)"], "type": "registry.IntentStore"}
    logger.go:146: 2026-07-02T18:54:26.786Z	INFO	provided	{"constructor": "fx.Annotate(github.com/fil-forge/ingot/testing.StartHarness.func4(), fx.As([[registry.LocationStore]])", "stacktrace": ["github.com/fil-forge/ingot/testing.StartHarness (/home/runner/work/ingot/ingot/testing/harness.go:164)", "github.com/fil-forge/ingot/testing.smokeHarness (/home/runner/work/ingot/ingot/testing/smoke_test.go:41)", "github.com/fil-forge/ingot/testing.TestSmoke_PutObject (/home/runner/work/ingot/ingot/testing/smoke_test.go:150)", "testing.tRunner (/opt/hostedtoolcache/go/1.25.7/x64/src/testing/testing.go:1934)"], "moduletrace": ["github.com/fil-forge/ingot/testing.StartHarness (/home/runner/work/ingot/ingot/testing/harness.go:164)", "github.com/fil-forge/ingot/testing.StartHarness (/home/runner/work/ingot/ingot/testing/harness.go:142)"], "type": "registry.LocationStore"}
    logger.go:146: 2026-07-02T18:54:26.786Z	INFO	provided	{"constructor": "fx.Annotate(github.com/fil-forge/ingot/testing.StartHarness.func5(), fx.As([[registry.BlobRefStore]])", "stacktrace": ["github.com/fil-forge/ingot/testing.StartHarness (/home/runner/work/ingot/ingot/testing/harness.go:164)", "github.com/fil-forge/ingot/testing.smokeHarness (/home/runner/work/ingot/ingot/testing/smoke_test.go:41)", "github.com/fil-forge/ingot/testing.TestSmoke_PutObject (/home/runner/work/ingot/ingot/testing/smoke_test.go:150)", "testing.tRunner (/opt/hostedtoolcache/go/1.25.7/x64/src/testing/testing.go:1934)"], "moduletrace": ["github.com/fil-forge/ingot/testing.StartHarness (/home/runner/work/ingot/ingot/testing/harness.go:164)", "github.com/fil-forge/ingot/testing.StartHarness (/home/runner/work/ingot/ingot/testing/harness.go:142)"], "type": "registry.BlobRefStore"}
    logger.go:146: 2026-07-02T18:54:26.786Z	INFO	provided	{"constructor": "fx.Annotate(github.com/fil-forge/ingot/testing.StartHarness.func6(), fx.As([[registry.GCStore]])", "stacktrace": ["github.com/fil-forge/ingot/testing.StartHarness (/home/runner/work/ingot/ingot/testing/harness.go:164)", "github.com/fil-forge/ingot/testing.smokeHarness (/home/runner/work/ingot/ingot/testing/smoke_test.go:41)", "github.com/fil-forge/ingot/testing.TestSmoke_PutObject (/home/runner/work/ingot/ingot/testing/smoke_test.go:150)", "testing.tRunner (/opt/hostedtoolcache/go/1.25.7/x64/src/testing/testing.go:1934)"], "moduletrace": ["github.com/fil-forge/ingot/testing.StartHarness (/home/runner/work/ingot/ingot/testing/harness.go:164)", "github.com/fil-forge/ingot/testing.StartHarness (/home/runner/work/ingot/ingot/testing/harness.go:142)"], "type": "registry.GCStore"}
    logger.go:146: 2026-07-02T18:54:26.786Z	INFO	provided	{"constructor": "fx.Annotate(github.com/fil-forge/ingot/testing.StartHarness.func7(), fx.As([[registry.MultipartStore]])", "stacktrace": ["github.com/fil-forge/ingot/testing.StartHarness (/home/runner/work/ingot/ingot/testing/harness.go:164)", "github.com/fil-forge/ingot/testing.smokeHarness (/home/runner/work/ingot/ingot/testing/smoke_test.go:41)", "github.com/fil-forge/ingot/testing.TestSmoke_PutObject (/home/runner/work/ingot/ingot/testing/smoke_test.go:150)", "testing.tRunner (/opt/hostedtoolcache/go/1.25.7/x64/src/testing/testing.go:1934)"], "moduletrace": ["github.com/fil-forge/ingot/testing.StartHarness (/home/runner/work/ingot/ingot/testing/harness.go:164)", "github.com/fil-forge/ingot/testing.StartHarness (/home/runner/work/ingot/ingot/testing/harness.go:142)"], "type": "registry.MultipartStore"}
    logger.go:146: 2026-07-02T18:54:26.786Z	INFO	provided	{"constructor": "fx.Annotate(github.com/fil-forge/ingot/testing.StartHarness.func8(), fx.As([[logstore.Meta]])", "stacktrace": ["github.com/fil-forge/ingot/testing.StartHarness (/home/runner/work/ingot/ingot/testing/harness.go:164)", "github.com/fil-forge/ingot/testing.smokeHarness (/home/runner/work/ingot/ingot/testing/smoke_test.go:41)", "github.com/fil-forge/ingot/testing.TestSmoke_PutObject (/home/runner/work/ingot/ingot/testing/smoke_test.go:150)", "testing.tRunner (/opt/hostedtoolcache/go/1.25.7/x64/src/testing/testing.go:1934)"], "moduletrace": ["github.com/fil-forge/ingot/testing.StartHarness (/home/runner/work/ingot/ingot/testing/harness.go:164)", "github.com/fil-forge/ingot/testing.StartHarness (/home/runner/work/ingot/ingot/testing/harness.go:142)"], "type": "logstore.Meta"}
    logger.go:146: 2026-07-02T18:54:26.786Z	INFO	provided	{"constructor": "fx.Annotate(github.com/fil-forge/ingot/testing.StartHarness.func9(), fx.As([[blockstore.BlockReader]])", "stacktrace": ["github.com/fil-forge/ingot/testing.StartHarness (/home/runner/work/ingot/ingot/testing/harness.go:164)", "github.com/fil-forge/ingot/testing.smokeHarness (/home/runner/work/ingot/ingot/testing/smoke_test.go:41)", "github.com/fil-forge/ingot/testing.TestSmoke_PutObject (/home/runner/work/ingot/ingot/testing/smoke_test.go:150)", "testing.tRunner (/opt/hostedtoolcache/go/1.25.7/x64/src/testing/testing.go:1934)"], "moduletrace": ["github.com/fil-forge/ingot/testing.StartHarness (/home/runner/work/ingot/ingot/testing/harness.go:164)", "github.com/fil-forge/ingot/testing.StartHarness (/home/runner/work/ingot/ingot/testing/harness.go:142)"], "type": "blockstore.BlockReader"}
    logger.go:146: 2026-07-02T18:54:26.786Z	INFO	provided	{"constructor": "fx.Annotate(github.com/fil-forge/ingot/testing.StartHarness.func10(), fx.As([[uploader.Uploader]])", "stacktrace": ["github.com/fil-forge/ingot/testing.StartHarness (/home/runner/work/ingot/ingot/testing/harness.go:164)", "github.com/fil-forge/ingot/testing.smokeHarness (/home/runner/work/ingot/ingot/testing/smoke_test.go:41)", "github.com/fil-forge/ingot/testing.TestSmoke_PutObject (/home/runner/work/ingot/ingot/testing/smoke_test.go:150)", "testing.tRunner (/opt/hostedtoolcache/go/1.25.7/x64/src/testing/testing.go:1934)"], "moduletrace": ["github.com/fil-forge/ingot/testing.StartHarness (/home/runner/work/ingot/ingot/testing/harness.go:164)", "github.com/fil-forge/ingot/testing.StartHarness (/home/runner/work/ingot/ingot/testing/harness.go:142)"], "type": "uploader.Uploader"}
    logger.go:146: 2026-07-02T18:54:26.787Z	INFO	provided	{"constructor": "fx.Annotate(github.com/fil-forge/ingot/testing.StartHarness.func11(), fx.As([[uploader.BodyUploader]])", "stacktrace": ["github.com/fil-forge/ingot/testing.StartHarness (/home/runner/work/ingot/ingot/testing/harness.go:164)", "github.com/fil-forge/ingot/testing.smokeHarness (/home/runner/work/ingot/ingot/testing/smoke_test.go:41)", "github.com/fil-forge/ingot/testing.TestSmoke_PutObject (/home/runner/work/ingot/ingot/testing/smoke_test.go:150)", "testing.tRunner (/opt/hostedtoolcache/go/1.25.7/x64/src/testing/testing.go:1934)"], "moduletrace": ["github.com/fil-forge/ingot/testing.StartHarness (/home/runner/work/ingot/ingot/testing/harness.go:164)", "github.com/fil-forge/ingot/testing.StartHarness (/home/runner/work/ingot/ingot/testing/harness.go:142)"], "type": "uploader.BodyUploader"}
    logger.go:146: 2026-07-02T18:54:26.787Z	INFO	provided	{"constructor": "fx.Annotate(github.com/fil-forge/ingot/testing.StartHarness.func12(), fx.As([[uploader.BlobRemover]])", "stacktrace": ["github.com/fil-forge/ingot/testing.StartHarness (/home/runner/work/ingot/ingot/testing/harness.go:164)", "github.com/fil-forge/ingot/testing.smokeHarness (/home/runner/work/ingot/ingot/testing/smoke_test.go:41)", "github.com/fil-forge/ingot/testing.TestSmoke_PutObject (/home/runner/work/ingot/ingot/testing/smoke_test.go:150)", "testing.tRunner (/opt/hostedtoolcache/go/1.25.7/x64/src/testing/testing.go:1934)"], "moduletrace": ["github.com/fil-forge/ingot/testing.StartHarness (/home/runner/work/ingot/ingot/testing/harness.go:164)", "github.com/fil-forge/ingot/testing.StartHarness (/home/runner/work/ingot/ingot/testing/harness.go:142)"], "type": "uploader.BlobRemover"}
    logger.go:146: 2026-07-02T18:54:26.787Z	INFO	initialized custom fxevent.Logger	{"function": "github.com/fil-forge/ingot/testing.StartHarness.func1()"}
    logger.go:146: 2026-07-02T18:54:26.787Z	INFO	invoking	{"function": "github.com/fil-forge/ingot.registerServerLifecycle()", "module": "ingot-server"}
    logger.go:146: 2026-07-02T18:54:26.787Z	INFO	before run	{"name": "go.uber.org/fx.New.func1()", "kind": "provide"}
    logger.go:146: 2026-07-02T18:54:26.787Z	INFO	run	{"name": "go.uber.org/fx.New.func1()", "kind": "provide", "runtime": "14.968µs"}
    logger.go:146: 2026-07-02T18:54:26.787Z	INFO	before run	{"name": "stub(ingot.ServerConfig)", "kind": "supply"}
    logger.go:146: 2026-07-02T18:54:26.787Z	INFO	run	{"name": "stub(ingot.ServerConfig)", "kind": "supply", "runtime": "40.977µs"}
    logger.go:146: 2026-07-02T18:54:26.787Z	INFO	before run	{"name": "stub(*zap.Logger)", "kind": "supply"}
    logger.go:146: 2026-07-02T18:54:26.787Z	INFO	run	{"name": "stub(*zap.Logger)", "kind": "supply", "runtime": "16.2µs"}
    logger.go:146: 2026-07-02T18:54:26.787Z	INFO	before run	{"name": "fx.Annotate(github.com/fil-forge/ingot/testing.StartHarness.func9(), fx.As([[blockstore.BlockReader]])", "kind": "provide"}
    logger.go:146: 2026-07-02T18:54:26.787Z	INFO	run	{"name": "fx.Annotate(github.com/fil-forge/ingot/testing.StartHarness.func9(), fx.As([[blockstore.BlockReader]])", "kind": "provide", "runtime": "70.03µs"}
    logger.go:146: 2026-07-02T18:54:26.788Z	INFO	before run	{"name": "fx.Annotate(github.com/fil-forge/ingot/testing.StartHarness.func10(), fx.As([[uploader.Uploader]])", "kind": "provide"}
    logger.go:146: 2026-07-02T18:54:26.788Z	INFO	run	{"name": "fx.Annotate(github.com/fil-forge/ingot/testing.StartHarness.func10(), fx.As([[uploader.Uploader]])", "kind": "provide", "runtime": "28.804µs"}
    logger.go:146: 2026-07-02T18:54:26.788Z	INFO	before run	{"name": "fx.Annotate(github.com/fil-forge/ingot/testing.StartHarness.func11(), fx.As([[uploader.BodyUploader]])", "kind": "provide"}
    logger.go:146: 2026-07-02T18:54:26.788Z	INFO	run	{"name": "fx.Annotate(github.com/fil-forge/ingot/testing.StartHarness.func11(), fx.As([[uploader.BodyUploader]])", "kind": "provide", "runtime": "26.8µs"}
    logger.go:146: 2026-07-02T18:54:26.788Z	INFO	before run	{"name": "fx.Annotate(github.com/fil-forge/ingot/testing.StartHarness.func12(), fx.As([[uploader.BlobRemover]])", "kind": "provide"}
    logger.go:146: 2026-07-02T18:54:26.788Z	INFO	run	{"name": "fx.Annotate(github.com/fil-forge/ingot/testing.StartHarness.func12(), fx.As([[uploader.BlobRemover]])", "kind": "provide", "runtime": "25.447µs"}
    logger.go:146: 2026-07-02T18:54:26.788Z	INFO	before run	{"name": "fx.Annotate(github.com/fil-forge/ingot/testing.StartHarness.func2(), fx.As([[registry.Registry]])", "kind": "provide"}
    logger.go:146: 2026-07-02T18:54:26.788Z	INFO	run	{"name": "fx.Annotate(github.com/fil-forge/ingot/testing.StartHarness.func2(), fx.As([[registry.Registry]])", "kind": "provide", "runtime": "34.825µs"}
    logger.go:146: 2026-07-02T18:54:26.788Z	INFO	before run	{"name": "fx.Annotate(github.com/fil-forge/ingot/testing.StartHarness.func3(), fx.As([[registry.IntentStore]])", "kind": "provide"}
    logger.go:146: 2026-07-02T18:54:26.788Z	INFO	run	{"name": "fx.Annotate(github.com/fil-forge/ingot/testing.StartHarness.func3(), fx.As([[registry.IntentStore]])", "kind": "provide", "runtime": "30.777µs"}
    logger.go:146: 2026-07-02T18:54:26.788Z	INFO	before run	{"name": "fx.Annotate(github.com/fil-forge/ingot/testing.StartHarness.func4(), fx.As([[registry.LocationStore]])", "kind": "provide"}
    logger.go:146: 2026-07-02T18:54:26.789Z	INFO	run	{"name": "fx.Annotate(github.com/fil-forge/ingot/testing.StartHarness.func4(), fx.As([[registry.LocationStore]])", "kind": "provide", "runtime": "39.663µs"}
    logger.go:146: 2026-07-02T18:54:26.789Z	INFO	before run	{"name": "fx.Annotate(github.com/fil-forge/ingot/testing.StartHarness.func5(), fx.As([[registry.BlobRefStore]])", "kind": "provide"}
    logger.go:146: 2026-07-02T18:54:26.789Z	INFO	run	{"name": "fx.Annotate(github.com/fil-forge/ingot/testing.StartHarness.func5(), fx.As([[registry.BlobRefStore]])", "kind": "provide", "runtime": "31.529µs"}
    logger.go:146: 2026-07-02T18:54:26.789Z	INFO	before run	{"name": "fx.Annotate(github.com/fil-forge/ingot/testing.StartHarness.func6(), fx.As([[registry.GCStore]])", "kind": "provide"}
    logger.go:146: 2026-07-02T18:54:26.789Z	INFO	run	{"name": "fx.Annotate(github.com/fil-forge/ingot/testing.StartHarness.func6(), fx.As([[registry.GCStore]])", "kind": "provide", "runtime": "27.702µs"}
    logger.go:146: 2026-07-02T18:54:26.789Z	INFO	before run	{"name": "fx.Annotate(github.com/fil-forge/ingot/testing.StartHarness.func7(), fx.As([[registry.MultipartStore]])", "kind": "provide"}
    logger.go:146: 2026-07-02T18:54:26.790Z	INFO	run	{"name": "fx.Annotate(github.com/fil-forge/ingot/testing.StartHarness.func7(), fx.As([[registry.MultipartStore]])", "kind": "provide", "runtime": "31.749µs"}
    logger.go:146: 2026-07-02T18:54:26.790Z	INFO	before run	{"name": "fx.Annotate(github.com/fil-forge/ingot/testing.StartHarness.func8(), fx.As([[logstore.Meta]])", "kind": "provide"}
    logger.go:146: 2026-07-02T18:54:26.790Z	INFO	run	{"name": "fx.Annotate(github.com/fil-forge/ingot/testing.StartHarness.func8(), fx.As([[logstore.Meta]])", "kind": "provide", "runtime": "33.262µs"}
    logger.go:146: 2026-07-02T18:54:26.790Z	INFO	OnStart hook executing	{"callee": "github.com/fil-forge/ingot.registerServerLifecycle.func1()", "caller": "github.com/fil-forge/ingot.registerServerLifecycle"}
    logger.go:146: 2026-07-02T18:54:26.791Z	INFO	starting ingot S3 listener	{"addr": "127.0.0.1:41745", "region": "us-east-1", "data_dir": "/tmp/ingot-harness-967706686", "max_blob_size": 268435456}
    logger.go:146: 2026-07-02T18:54:26.792Z	INFO	OnStart hook executed	{"callee": "github.com/fil-forge/ingot.registerServerLifecycle.func1()", "caller": "github.com/fil-forge/ingot.registerServerLifecycle", "runtime": "1.441474ms"}
    logger.go:146: 2026-07-02T18:54:26.792Z	INFO	started
=== RUN   TestSmoke_PutObject/checksum_algorithm_and_header_mismatch
RUN  PutObject_checksum_algorithm_and_header_mismatch
PASS PutObject_checksum_algorithm_and_header_mismatch
=== RUN   TestSmoke_PutObject/checksums_success
RUN  PutObject_checksums_success
PASS PutObject_checksums_success
=== RUN   TestSmoke_PutObject/conditional_writes
RUN  PutObject_conditional_writes
PASS PutObject_conditional_writes
=== RUN   TestSmoke_PutObject/default_checksum
RUN  PutObject_default_checksum
PASS PutObject_default_checksum
=== RUN   TestSmoke_PutObject/default_content_type
RUN  PutObject_default_content_type
PASS PutObject_default_content_type
=== RUN   TestSmoke_PutObject/dir_object_default_checksum
RUN  PutObject_dir_object_default_checksum
PASS PutObject_dir_object_default_checksum
=== RUN   TestSmoke_PutObject/dir_object_checksums_success
RUN  PutObject_dir_object_checksums_success
PASS PutObject_dir_object_checksums_success
=== RUN   TestSmoke_PutObject/incorrect_checksums
RUN  PutObject_incorrect_checksums
PASS PutObject_incorrect_checksums
=== RUN   TestSmoke_PutObject/invalid_credentials
RUN  PutObject_invalid_credentials
PASS PutObject_invalid_credentials
=== RUN   TestSmoke_PutObject/false_negative_object_names
RUN  PutObject_false_negative_object_names
PASS PutObject_false_negative_object_names
=== RUN   TestSmoke_PutObject/invalid_checksum_header
RUN  PutObject_invalid_checksum_header
PASS PutObject_invalid_checksum_header
=== RUN   TestSmoke_PutObject/invalid_legal_hold
RUN  PutObject_invalid_legal_hold
PASS PutObject_invalid_legal_hold
=== RUN   TestSmoke_PutObject/invalid_object_lock_mode
RUN  PutObject_invalid_object_lock_mode
PASS PutObject_invalid_object_lock_mode
=== RUN   TestSmoke_PutObject/invalid_object_names
RUN  PutObject_invalid_object_names
PASS PutObject_invalid_object_names
=== RUN   TestSmoke_PutObject/invalid_retain_until_date
RUN  PutObject_invalid_retain_until_date
PASS PutObject_invalid_retain_until_date
=== RUN   TestSmoke_PutObject/long_metadata
RUN  PutObject_long_metadata
PASS PutObject_long_metadata
=== RUN   TestSmoke_PutObject/missing_object_lock_retention_config
RUN  PutObject_missing_object_lock_retention_config
PASS PutObject_missing_object_lock_retention_config
=== RUN   TestSmoke_PutObject/multiple_checksum_headers
RUN  PutObject_multiple_checksum_headers
PASS PutObject_multiple_checksum_headers
=== RUN   TestSmoke_PutObject/non_existing_bucket
RUN  PutObject_non_existing_bucket
PASS PutObject_non_existing_bucket
=== RUN   TestSmoke_PutObject/past_retain_until_date
RUN  PutObject_past_retain_until_date
PASS PutObject_past_retain_until_date
=== RUN   TestSmoke_PutObject/racey_success
RUN  PutObject_racey_success
PASS PutObject_racey_success
=== RUN   TestSmoke_PutObject/special_chars
RUN  PutObject_special_chars
PASS PutObject_special_chars
=== RUN   TestSmoke_PutObject/success
RUN  PutObject_success
PASS PutObject_success
=== RUN   TestSmoke_PutObject/should_combine_metadata
RUN  PutObject_should_combine_metadata
PASS PutObject_should_combine_metadata
=== RUN   TestSmoke_PutObject/with_metadata
RUN  PutObject_with_metadata
PASS PutObject_with_metadata
=== NAME  TestSmoke_PutObject
    logger.go:146: 2026-07-02T18:54:27.259Z	INFO	OnStop hook executing	{"callee": "github.com/fil-forge/ingot.registerServerLifecycle.func2()", "caller": "github.com/fil-forge/ingot.registerServerLifecycle"}
    logger.go:146: 2026-07-02T18:54:27.259Z	INFO	shutting down ingot S3 listener
    logger.go:146: 2026-07-02T18:54:27.259Z	ERROR	ingot listener error	{"error": "listener closed"}
    logger.go:146: 2026-07-02T18:54:27.263Z	INFO	OnStop hook executed	{"callee": "github.com/fil-forge/ingot.registerServerLifecycle.func2()", "caller": "github.com/fil-forge/ingot.registerServerLifecycle", "runtime": "4.15206ms"}
--- PASS: TestSmoke_PutObject (0.48s)
    --- PASS: TestSmoke_PutObject/checksum_algorithm_and_header_mismatch (0.01s)
    --- PASS: TestSmoke_PutObject/checksums_success (0.02s)
    --- PASS: TestSmoke_PutObject/conditional_writes (0.05s)
    --- PASS: TestSmoke_PutObject/default_checksum (0.01s)
    --- PASS: TestSmoke_PutObject/default_content_type (0.01s)
    --- PASS: TestSmoke_PutObject/dir_object_default_checksum (0.01s)
    --- PASS: TestSmoke_PutObject/dir_object_checksums_success (0.02s)
    --- PASS: TestSmoke_PutObject/incorrect_checksums (0.02s)
    --- PASS: TestSmoke_PutObject/invalid_credentials (0.01s)
    --- PASS: TestSmoke_PutObject/false_negative_object_names (0.05s)
    --- PASS: TestSmoke_PutObject/invalid_checksum_header (0.02s)
    --- PASS: TestSmoke_PutObject/invalid_legal_hold (0.00s)
    --- PASS: TestSmoke_PutObject/invalid_object_lock_mode (0.01s)
    --- PASS: TestSmoke_PutObject/invalid_object_names (0.02s)
    --- PASS: TestSmoke_PutObject/invalid_retain_until_date (0.00s)
    --- PASS: TestSmoke_PutObject/long_metadata (0.01s)
    --- PASS: TestSmoke_PutObject/missing_object_lock_retention_config (0.01s)
    --- PASS: TestSmoke_PutObject/multiple_checksum_headers (0.01s)
    --- PASS: TestSmoke_PutObject/non_existing_bucket (0.01s)
    --- PASS: TestSmoke_PutObject/past_retain_until_date (0.01s)
    --- PASS: TestSmoke_PutObject/racey_success (0.02s)
    --- PASS: TestSmoke_PutObject/special_chars (0.12s)
    --- PASS: TestSmoke_PutObject/success (0.01s)
    --- PASS: TestSmoke_PutObject/should_combine_metadata (0.01s)
    --- PASS: TestSmoke_PutObject/with_metadata (0.03s)
=== RUN   TestSmoke_CopyObject
    logger.go:146: 2026-07-02T18:54:27.267Z	INFO	provided	{"constructor": "go.uber.org/fx.New.func1()", "stacktrace": ["go.uber.org/fx.New (/home/runner/go/pkg/mod/go.uber.org/fx@v1.24.0/app.go:481)", "github.com/fil-forge/ingot/testing.StartHarness (/home/runner/work/ingot/ingot/testing/harness.go:142)", "github.com/fil-forge/ingot/testing.smokeHarness (/home/runner/work/ingot/ingot/testing/smoke_test.go:41)", "github.com/fil-forge/ingot/testing.TestSmoke_CopyObject (/home/runner/work/ingot/ingot/testing/smoke_test.go:393)", "testing.tRunner (/opt/hostedtoolcache/go/1.25.7/x64/src/testing/testing.go:1934)"], "moduletrace": ["go.uber.org/fx.New (/home/runner/go/pkg/mod/go.uber.org/fx@v1.24.0/app.go:481)", "github.com/fil-forge/ingot/testing.StartHarness (/home/runner/work/ingot/ingot/testing/harness.go:142)"], "type": "fx.Lifecycle"}
    logger.go:146: 2026-07-02T18:54:27.267Z	INFO	provided	{"constructor": "go.uber.org/fx.(*App).shutdowner-fm()", "stacktrace": ["go.uber.org/fx.New (/home/runner/go/pkg/mod/go.uber.org/fx@v1.24.0/app.go:481)", "github.com/fil-forge/ingot/testing.StartHarness (/home/runner/work/ingot/ingot/testing/harness.go:142)", "github.com/fil-forge/ingot/testing.smokeHarness (/home/runner/work/ingot/ingot/testing/smoke_test.go:41)", "github.com/fil-forge/ingot/testing.TestSmoke_CopyObject (/home/runner/work/ingot/ingot/testing/smoke_test.go:393)", "testing.tRunner (/opt/hostedtoolcache/go/1.25.7/x64/src/testing/testing.go:1934)"], "moduletrace": ["go.uber.org/fx.New (/home/runner/go/pkg/mod/go.uber.org/fx@v1.24.0/app.go:481)", "github.com/fil-forge/ingot/testing.StartHarness (/home/runner/work/ingot/ingot/testing/harness.go:142)"], "type": "fx.Shutdowner"}
    logger.go:146: 2026-07-02T18:54:27.267Z	INFO	provided	{"constructor": "go.uber.org/fx.(*App).dotGraph-fm()", "stacktrace": ["go.uber.org/fx.New (/home/runner/go/pkg/mod/go.uber.org/fx@v1.24.0/app.go:481)", "github.com/fil-forge/ingot/testing.StartHarness (/home/runner/work/ingot/ingot/testing/harness.go:142)", "github.com/fil-forge/ingot/testing.smokeHarness (/home/runner/work/ingot/ingot/testing/smoke_test.go:41)", "github.com/fil-forge/ingot/testing.TestSmoke_CopyObject (/home/runner/work/ingot/ingot/testing/smoke_test.go:393)", "testing.tRunner (/opt/hostedtoolcache/go/1.25.7/x64/src/testing/testing.go:1934)"], "moduletrace": ["go.uber.org/fx.New (/home/runner/go/pkg/mod/go.uber.org/fx@v1.24.0/app.go:481)", "github.com/fil-forge/ingot/testing.StartHarness (/home/runner/work/ingot/ingot/testing/harness.go:142)"], "type": "fx.DotGraph"}
    logger.go:146: 2026-07-02T18:54:27.268Z	INFO	supplied	{"type": "*zap.Logger", "stacktrace": ["github.com/fil-forge/ingot/testing.StartHarness (/home/runner/work/ingot/ingot/testing/harness.go:146)", "github.com/fil-forge/ingot/testing.smokeHarness (/home/runner/work/ingot/ingot/testing/smoke_test.go:41)", "github.com/fil-forge/ingot/testing.TestSmoke_CopyObject (/home/runner/work/ingot/ingot/testing/smoke_test.go:393)", "testing.tRunner (/opt/hostedtoolcache/go/1.25.7/x64/src/testing/testing.go:1934)"], "moduletrace": ["github.com/fil-forge/ingot/testing.StartHarness (/home/runner/work/ingot/ingot/testing/harness.go:146)", "github.com/fil-forge/ingot/testing.StartHarness (/home/runner/work/ingot/ingot/testing/harness.go:142)"]}
    logger.go:146: 2026-07-02T18:54:27.268Z	INFO	supplied	{"type": "ingot.ServerConfig", "stacktrace": ["github.com/fil-forge/ingot/testing.StartHarness (/home/runner/work/ingot/ingot/testing/harness.go:147)", "github.com/fil-forge/ingot/testing.smokeHarness (/home/runner/work/ingot/ingot/testing/smoke_test.go:41)", "github.com/fil-forge/ingot/testing.TestSmoke_CopyObject (/home/runner/work/ingot/ingot/testing/smoke_test.go:393)", "testing.tRunner (/opt/hostedtoolcache/go/1.25.7/x64/src/testing/testing.go:1934)"], "moduletrace": ["github.com/fil-forge/ingot/testing.StartHarness (/home/runner/work/ingot/ingot/testing/harness.go:147)", "github.com/fil-forge/ingot/testing.StartHarness (/home/runner/work/ingot/ingot/testing/harness.go:142)"]}
    logger.go:146: 2026-07-02T18:54:27.268Z	INFO	provided	{"constructor": "fx.Annotate(github.com/fil-forge/ingot/testing.StartHarness.func2(), fx.As([[registry.Registry]])", "stacktrace": ["github.com/fil-forge/ingot/testing.StartHarness (/home/runner/work/ingot/ingot/testing/harness.go:164)", "github.com/fil-forge/ingot/testing.smokeHarness (/home/runner/work/ingot/ingot/testing/smoke_test.go:41)", "github.com/fil-forge/ingot/testing.TestSmoke_CopyObject (/home/runner/work/ingot/ingot/testing/smoke_test.go:393)", "testing.tRunner (/opt/hostedtoolcache/go/1.25.7/x64/src/testing/testing.go:1934)"], "moduletrace": ["github.com/fil-forge/ingot/testing.StartHarness (/home/runner/work/ingot/ingot/testing/harness.go:164)", "github.com/fil-forge/ingot/testing.StartHarness (/home/runner/work/ingot/ingot/testing/harness.go:142)"], "type": "registry.Registry"}
    logger.go:146: 2026-07-02T18:54:27.268Z	INFO	provided	{"constructor": "fx.Annotate(github.com/fil-forge/ingot/testing.StartHarness.func3(), fx.As([[registry.IntentStore]])", "stacktrace": ["github.com/fil-forge/ingot/testing.StartHarness (/home/runner/work/ingot/ingot/testing/harness.go:164)", "github.com/fil-forge/ingot/testing.smokeHarness (/home/runner/work/ingot/ingot/testing/smoke_test.go:41)", "github.com/fil-forge/ingot/testing.TestSmoke_CopyObject (/home/runner/work/ingot/ingot/testing/smoke_test.go:393)", "testing.tRunner (/opt/hostedtoolcache/go/1.25.7/x64/src/testing/testing.go:1934)"], "moduletrace": ["github.com/fil-forge/ingot/testing.StartHarness (/home/runner/work/ingot/ingot/testing/harness.go:164)", "github.com/fil-forge/ingot/testing.StartHarness (/home/runner/work/ingot/ingot/testing/harness.go:142)"], "type": "registry.IntentStore"}
    logger.go:146: 2026-07-02T18:54:27.268Z	INFO	provided	{"constructor": "fx.Annotate(github.com/fil-forge/ingot/testing.StartHarness.func4(), fx.As([[registry.LocationStore]])", "stacktrace": ["github.com/fil-forge/ingot/testing.StartHarness (/home/runner/work/ingot/ingot/testing/harness.go:164)", "github.com/fil-forge/ingot/testing.smokeHarness (/home/runner/work/ingot/ingot/testing/smoke_test.go:41)", "github.com/fil-forge/ingot/testing.TestSmoke_CopyObject (/home/runner/work/ingot/ingot/testing/smoke_test.go:393)", "testing.tRunner (/opt/hostedtoolcache/go/1.25.7/x64/src/testing/testing.go:1934)"], "moduletrace": ["github.com/fil-forge/ingot/testing.StartHarness (/home/runner/work/ingot/ingot/testing/harness.go:164)", "github.com/fil-forge/ingot/testing.StartHarness (/home/runner/work/ingot/ingot/testing/harness.go:142)"], "type": "registry.LocationStore"}
    logger.go:146: 2026-07-02T18:54:27.268Z	INFO	provided	{"constructor": "fx.Annotate(github.com/fil-forge/ingot/testing.StartHarness.func5(), fx.As([[registry.BlobRefStore]])", "stacktrace": ["github.com/fil-forge/ingot/testing.StartHarness (/home/runner/work/ingot/ingot/testing/harness.go:164)", "github.com/fil-forge/ingot/testing.smokeHarness (/home/runner/work/ingot/ingot/testing/smoke_test.go:41)", "github.com/fil-forge/ingot/testing.TestSmoke_CopyObject (/home/runner/work/ingot/ingot/testing/smoke_test.go:393)", "testing.tRunner (/opt/hostedtoolcache/go/1.25.7/x64/src/testing/testing.go:1934)"], "moduletrace": ["github.com/fil-forge/ingot/testing.StartHarness (/home/runner/work/ingot/ingot/testing/harness.go:164)", "github.com/fil-forge/ingot/testing.StartHarness (/home/runner/work/ingot/ingot/testing/harness.go:142)"], "type": "registry.BlobRefStore"}
    logger.go:146: 2026-07-02T18:54:27.268Z	INFO	provided	{"constructor": "fx.Annotate(github.com/fil-forge/ingot/testing.StartHarness.func6(), fx.As([[registry.GCStore]])", "stacktrace": ["github.com/fil-forge/ingot/testing.StartHarness (/home/runner/work/ingot/ingot/testing/harness.go:164)", "github.com/fil-forge/ingot/testing.smokeHarness (/home/runner/work/ingot/ingot/testing/smoke_test.go:41)", "github.com/fil-forge/ingot/testing.TestSmoke_CopyObject (/home/runner/work/ingot/ingot/testing/smoke_test.go:393)", "testing.tRunner (/opt/hostedtoolcache/go/1.25.7/x64/src/testing/testing.go:1934)"], "moduletrace": ["github.com/fil-forge/ingot/testing.StartHarness (/home/runner/work/ingot/ingot/testing/harness.go:164)", "github.com/fil-forge/ingot/testing.StartHarness (/home/runner/work/ingot/ingot/testing/harness.go:142)"], "type": "registry.GCStore"}
    logger.go:146: 2026-07-02T18:54:27.268Z	INFO	provided	{"constructor": "fx.Annotate(github.com/fil-forge/ingot/testing.StartHarness.func7(), fx.As([[registry.MultipartStore]])", "stacktrace": ["github.com/fil-forge/ingot/testing.StartHarness (/home/runner/work/ingot/ingot/testing/harness.go:164)", "github.com/fil-forge/ingot/testing.smokeHarness (/home/runner/work/ingot/ingot/testing/smoke_test.go:41)", "github.com/fil-forge/ingot/testing.TestSmoke_CopyObject (/home/runner/work/ingot/ingot/testing/smoke_test.go:393)", "testing.tRunner (/opt/hostedtoolcache/go/1.25.7/x64/src/testing/testing.go:1934)"], "moduletrace": ["github.com/fil-forge/ingot/testing.StartHarness (/home/runner/work/ingot/ingot/testing/harness.go:164)", "github.com/fil-forge/ingot/testing.StartHarness (/home/runner/work/ingot/ingot/testing/harness.go:142)"], "type": "registry.MultipartStore"}
    logger.go:146: 2026-07-02T18:54:27.268Z	INFO	provided	{"constructor": "fx.Annotate(github.com/fil-forge/ingot/testing.StartHarness.func8(), fx.As([[logstore.Meta]])", "stacktrace": ["github.com/fil-forge/ingot/testing.StartHarness (/home/runner/work/ingot/ingot/testing/harness.go:164)", "github.com/fil-forge/ingot/testing.smokeHarness (/home/runner/work/ingot/ingot/testing/smoke_test.go:41)", "github.com/fil-forge/ingot/testing.TestSmoke_CopyObject (/home/runner/work/ingot/ingot/testing/smoke_test.go:393)", "testing.tRunner (/opt/hostedtoolcache/go/1.25.7/x64/src/testing/testing.go:1934)"], "moduletrace": ["github.com/fil-forge/ingot/testing.StartHarness (/home/runner/work/ingot/ingot/testing/harness.go:164)", "github.com/fil-forge/ingot/testing.StartHarness (/home/runner/work/ingot/ingot/testing/harness.go:142)"], "type": "logstore.Meta"}
    logger.go:146: 2026-07-02T18:54:27.268Z	INFO	provided	{"constructor": "fx.Annotate(github.com/fil-forge/ingot/testing.StartHarness.func9(), fx.As([[blockstore.BlockReader]])", "stacktrace": ["github.com/fil-forge/ingot/testing.StartHarness (/home/runner/work/ingot/ingot/testing/harness.go:164)", "github.com/fil-forge/ingot/testing.smokeHarness (/home/runner/work/ingot/ingot/testing/smoke_test.go:41)", "github.com/fil-forge/ingot/testing.TestSmoke_CopyObject (/home/runner/work/ingot/ingot/testing/smoke_test.go:393)", "testing.tRunner (/opt/hostedtoolcache/go/1.25.7/x64/src/testing/testing.go:1934)"], "moduletrace": ["github.com/fil-forge/ingot/testing.StartHarness (/home/runner/work/ingot/ingot/testing/harness.go:164)", "github.com/fil-forge/ingot/testing.StartHarness (/home/runner/work/ingot/ingot/testing/harness.go:142)"], "type": "blockstore.BlockReader"}
    logger.go:146: 2026-07-02T18:54:27.268Z	INFO	provided	{"constructor": "fx.Annotate(github.com/fil-forge/ingot/testing.StartHarness.func10(), fx.As([[uploader.Uploader]])", "stacktrace": ["github.com/fil-forge/ingot/testing.StartHarness (/home/runner/work/ingot/ingot/testing/harness.go:164)", "github.com/fil-forge/ingot/testing.smokeHarness (/home/runner/work/ingot/ingot/testing/smoke_test.go:41)", "github.com/fil-forge/ingot/testing.TestSmoke_CopyObject (/home/runner/work/ingot/ingot/testing/smoke_test.go:393)", "testing.tRunner (/opt/hostedtoolcache/go/1.25.7/x64/src/testing/testing.go:1934)"], "moduletrace": ["github.com/fil-forge/ingot/testing.StartHarness (/home/runner/work/ingot/ingot/testing/harness.go:164)", "github.com/fil-forge/ingot/testing.StartHarness (/home/runner/work/ingot/ingot/testing/harness.go:142)"], "type": "uploader.Uploader"}
    logger.go:146: 2026-07-02T18:54:27.268Z	INFO	provided	{"constructor": "fx.Annotate(github.com/fil-forge/ingot/testing.StartHarness.func11(), fx.As([[uploader.BodyUploader]])", "stacktrace": ["github.com/fil-forge/ingot/testing.StartHarness (/home/runner/work/ingot/ingot/testing/harness.go:164)", "github.com/fil-forge/ingot/testing.smokeHarness (/home/runner/work/ingot/ingot/testing/smoke_test.go:41)", "github.com/fil-forge/ingot/testing.TestSmoke_CopyObject (/home/runner/work/ingot/ingot/testing/smoke_test.go:393)", "testing.tRunner (/opt/hostedtoolcache/go/1.25.7/x64/src/testing/testing.go:1934)"], "moduletrace": ["github.com/fil-forge/ingot/testing.StartHarness (/home/runner/work/ingot/ingot/testing/harness.go:164)", "github.com/fil-forge/ingot/testing.StartHarness (/home/runner/work/ingot/ingot/testing/harness.go:142)"], "type": "uploader.BodyUploader"}
    logger.go:146: 2026-07-02T18:54:27.268Z	INFO	provided	{"constructor": "fx.Annotate(github.com/fil-forge/ingot/testing.StartHarness.func12(), fx.As([[uploader.BlobRemover]])", "stacktrace": ["github.com/fil-forge/ingot/testing.StartHarness (/home/runner/work/ingot/ingot/testing/harness.go:164)", "github.com/fil-forge/ingot/testing.smokeHarness (/home/runner/work/ingot/ingot/testing/smoke_test.go:41)", "github.com/fil-forge/ingot/testing.TestSmoke_CopyObject (/home/runner/work/ingot/ingot/testing/smoke_test.go:393)", "testing.tRunner (/opt/hostedtoolcache/go/1.25.7/x64/src/testing/testing.go:1934)"], "moduletrace": ["github.com/fil-forge/ingot/testing.StartHarness (/home/runner/work/ingot/ingot/testing/harness.go:164)", "github.com/fil-forge/ingot/testing.StartHarness (/home/runner/work/ingot/ingot/testing/harness.go:142)"], "type": "uploader.BlobRemover"}
    logger.go:146: 2026-07-02T18:54:27.268Z	INFO	initialized custom fxevent.Logger	{"function": "github.com/fil-forge/ingot/testing.StartHarness.func1()"}
    logger.go:146: 2026-07-02T18:54:27.268Z	INFO	invoking	{"function": "github.com/fil-forge/ingot.registerServerLifecycle()", "module": "ingot-server"}
    logger.go:146: 2026-07-02T18:54:27.268Z	INFO	before run	{"name": "go.uber.org/fx.New.func1()", "kind": "provide"}
    logger.go:146: 2026-07-02T18:54:27.268Z	INFO	run	{"name": "go.uber.org/fx.New.func1()", "kind": "provide", "runtime": "10.299µs"}
    logger.go:146: 2026-07-02T18:54:27.268Z	INFO	before run	{"name": "stub(ingot.ServerConfig)", "kind": "supply"}
    logger.go:146: 2026-07-02T18:54:27.269Z	INFO	run	{"name": "stub(ingot.ServerConfig)", "kind": "supply", "runtime": "10.69µs"}
    logger.go:146: 2026-07-02T18:54:27.269Z	INFO	before run	{"name": "stub(*zap.Logger)", "kind": "supply"}
    logger.go:146: 2026-07-02T18:54:27.269Z	INFO	run	{"name": "stub(*zap.Logger)", "kind": "supply", "runtime": "9.407µs"}
    logger.go:146: 2026-07-02T18:54:27.269Z	INFO	before run	{"name": "fx.Annotate(github.com/fil-forge/ingot/testing.StartHarness.func9(), fx.As([[blockstore.BlockReader]])", "kind": "provide"}
    logger.go:146: 2026-07-02T18:54:27.269Z	INFO	run	{"name": "fx.Annotate(github.com/fil-forge/ingot/testing.StartHarness.func9(), fx.As([[blockstore.BlockReader]])", "kind": "provide", "runtime": "50.064µs"}
    logger.go:146: 2026-07-02T18:54:27.269Z	INFO	before run	{"name": "fx.Annotate(github.com/fil-forge/ingot/testing.StartHarness.func10(), fx.As([[uploader.Uploader]])", "kind": "provide"}
    logger.go:146: 2026-07-02T18:54:27.269Z	INFO	run	{"name": "fx.Annotate(github.com/fil-forge/ingot/testing.StartHarness.func10(), fx.As([[uploader.Uploader]])", "kind": "provide", "runtime": "18.595µs"}
    logger.go:146: 2026-07-02T18:54:27.269Z	INFO	before run	{"name": "fx.Annotate(github.com/fil-forge/ingot/testing.StartHarness.func11(), fx.As([[uploader.BodyUploader]])", "kind": "provide"}
    logger.go:146: 2026-07-02T18:54:27.269Z	INFO	run	{"name": "fx.Annotate(github.com/fil-forge/ingot/testing.StartHarness.func11(), fx.As([[uploader.BodyUploader]])", "kind": "provide", "runtime": "17.934µs"}
    logger.go:146: 2026-07-02T18:54:27.269Z	INFO	before run	{"name": "fx.Annotate(github.com/fil-forge/ingot/testing.StartHarness.func12(), fx.As([[uploader.BlobRemover]])", "kind": "provide"}
    logger.go:146: 2026-07-02T18:54:27.269Z	INFO	run	{"name": "fx.Annotate(github.com/fil-forge/ingot/testing.StartHarness.func12(), fx.As([[uploader.BlobRemover]])", "kind": "provide", "runtime": "17.052µs"}
    logger.go:146: 2026-07-02T18:54:27.269Z	INFO	before run	{"name": "fx.Annotate(github.com/fil-forge/ingot/testing.StartHarness.func2(), fx.As([[registry.Registry]])", "kind": "provide"}
    logger.go:146: 2026-07-02T18:54:27.269Z	INFO	run	{"name": "fx.Annotate(github.com/fil-forge/ingot/testing.StartHarness.func2(), fx.As([[registry.Registry]])", "kind": "provide", "runtime": "27.331µs"}
    logger.go:146: 2026-07-02T18:54:27.269Z	INFO	before run	{"name": "fx.Annotate(github.com/fil-forge/ingot/testing.StartHarness.func3(), fx.As([[registry.IntentStore]])", "kind": "provide"}
    logger.go:146: 2026-07-02T18:54:27.269Z	INFO	run	{"name": "fx.Annotate(github.com/fil-forge/ingot/testing.StartHarness.func3(), fx.As([[registry.IntentStore]])", "kind": "provide", "runtime": "20.728µs"}
    logger.go:146: 2026-07-02T18:54:27.269Z	INFO	before run	{"name": "fx.Annotate(github.com/fil-forge/ingot/testing.StartHarness.func4(), fx.As([[registry.LocationStore]])", "kind": "provide"}
    logger.go:146: 2026-07-02T18:54:27.269Z	INFO	run	{"name": "fx.Annotate(github.com/fil-forge/ingot/testing.StartHarness.func4(), fx.As([[registry.LocationStore]])", "kind": "provide", "runtime": "21.42µs"}
    logger.go:146: 2026-07-02T18:54:27.270Z	INFO	before run	{"name": "fx.Annotate(github.com/fil-forge/ingot/testing.StartHarness.func5(), fx.As([[registry.BlobRefStore]])", "kind": "provide"}
    logger.go:146: 2026-07-02T18:54:27.270Z	INFO	run	{"name": "fx.Annotate(github.com/fil-forge/ingot/testing.StartHarness.func5(), fx.As([[registry.BlobRefStore]])", "kind": "provide", "runtime": "19.667µs"}
    logger.go:146: 2026-07-02T18:54:27.270Z	INFO	before run	{"name": "fx.Annotate(github.com/fil-forge/ingot/testing.StartHarness.func6(), fx.As([[registry.GCStore]])", "kind": "provide"}
    logger.go:146: 2026-07-02T18:54:27.270Z	INFO	run	{"name": "fx.Annotate(github.com/fil-forge/ingot/testing.StartHarness.func6(), fx.As([[registry.GCStore]])", "kind": "provide", "runtime": "19.175µs"}
    logger.go:146: 2026-07-02T18:54:27.270Z	INFO	before run	{"name": "fx.Annotate(github.com/fil-forge/ingot/testing.StartHarness.func7(), fx.As([[registry.MultipartStore]])", "kind": "provide"}
    logger.go:146: 2026-07-02T18:54:27.270Z	INFO	run	{"name": "fx.Annotate(github.com/fil-forge/ingot/testing.StartHarness.func7(), fx.As([[registry.MultipartStore]])", "kind": "provide", "runtime": "20.659µs"}
    logger.go:146: 2026-07-02T18:54:27.270Z	INFO	before run	{"name": "fx.Annotate(github.com/fil-forge/ingot/testing.StartHarness.func8(), fx.As([[logstore.Meta]])", "kind": "provide"}
    logger.go:146: 2026-07-02T18:54:27.270Z	INFO	run	{"name": "fx.Annotate(github.com/fil-forge/ingot/testing.StartHarness.func8(), fx.As([[logstore.Meta]])", "kind": "provide", "runtime": "22.361µs"}
    logger.go:146: 2026-07-02T18:54:27.270Z	INFO	OnStart hook executing	{"callee": "github.com/fil-forge/ingot.registerServerLifecycle.func1()", "caller": "github.com/fil-forge/ingot.registerServerLifecycle"}
    logger.go:146: 2026-07-02T18:54:27.272Z	INFO	starting ingot S3 listener	{"addr": "127.0.0.1:45113", "region": "us-east-1", "data_dir": "/tmp/ingot-harness-1606300004", "max_blob_size": 268435456}
    logger.go:146: 2026-07-02T18:54:27.272Z	INFO	OnStart hook executed	{"callee": "github.com/fil-forge/ingot.registerServerLifecycle.func1()", "caller": "github.com/fil-forge/ingot.registerServerLifecycle", "runtime": "1.496636ms"}
    logger.go:146: 2026-07-02T18:54:27.272Z	INFO	started
=== RUN   TestSmoke_CopyObject/success
RUN  CopyObject_success
PASS CopyObject_success
=== RUN   TestSmoke_CopyObject/copy_to_itself
RUN  CopyObject_copy_to_itself
PASS CopyObject_copy_to_itself
=== RUN   TestSmoke_CopyObject/copy_to_itself_invalid_directive
RUN  CopyObject_copy_to_itself_invalid_directive
PASS CopyObject_copy_to_itself_invalid_directive
=== RUN   TestSmoke_CopyObject/copy_source_starting_with_slash
RUN  CopyObject_CopySource_starting_with_slash
PASS CopyObject_CopySource_starting_with_slash
=== RUN   TestSmoke_CopyObject/default_content_type_with_replace_metadata
RUN  CopyObject_default_content_type_with_replace_metadata
PASS CopyObject_default_content_type_with_replace_metadata
=== RUN   TestSmoke_CopyObject/invalid_copy_source
RUN  CopyObject_invalid_copy_source
PASS CopyObject_invalid_copy_source
=== RUN   TestSmoke_CopyObject/non_existing_dst_bucket
RUN  CopyObject_non_existing_dst_bucket
PASS CopyObject_non_existing_dst_bucket
=== RUN   TestSmoke_CopyObject/non_existing_dir_object
RUN  CopyObject_non_existing_dir_object
PASS CopyObject_non_existing_dir_object
=== RUN   TestSmoke_CopyObject/with_metadata
RUN  CopyObject_with_metadata
PASS CopyObject_with_metadata
=== RUN   TestSmoke_CopyObject/to_itself_with_new_metadata
RUN  CopyObject_to_itself_with_new_metadata
PASS CopyObject_to_itself_with_new_metadata
=== RUN   TestSmoke_CopyObject/conditional_reads
RUN  CopyObject_conditional_reads
PASS CopyObject_conditional_reads
=== RUN   TestSmoke_CopyObject/with_special_characters
RUN  CopyObject_with_special_characters
PASS CopyObject_with_special_characters
=== RUN   TestSmoke_CopyObject/long_metadata
RUN  CopyObject_long_metadata
PASS CopyObject_long_metadata
=== RUN   TestSmoke_CopyObject/should_copy_meta_props
RUN  CopyObject_should_copy_meta_props
PASS CopyObject_should_copy_meta_props
=== RUN   TestSmoke_CopyObject/should_replace_meta_props
RUN  CopyObject_should_replace_meta_props
PASS CopyObject_should_replace_meta_props
=== NAME  TestSmoke_CopyObject
    logger.go:146: 2026-07-02T18:54:28.834Z	INFO	OnStop hook executing	{"callee": "github.com/fil-forge/ingot.registerServerLifecycle.func2()", "caller": "github.com/fil-forge/ingot.registerServerLifecycle"}
    logger.go:146: 2026-07-02T18:54:28.834Z	INFO	shutting down ingot S3 listener
    logger.go:146: 2026-07-02T18:54:28.834Z	ERROR	ingot listener error	{"error": "listener closed"}
    logger.go:146: 2026-07-02T18:54:28.836Z	INFO	OnStop hook executed	{"callee": "github.com/fil-forge/ingot.registerServerLifecycle.func2()", "caller": "github.com/fil-forge/ingot.registerServerLifecycle", "runtime": "2.180769ms"}
--- PASS: TestSmoke_CopyObject (1.57s)
    --- PASS: TestSmoke_CopyObject/success (0.05s)
    --- PASS: TestSmoke_CopyObject/copy_to_itself (0.01s)
    --- PASS: TestSmoke_CopyObject/copy_to_itself_invalid_directive (0.01s)
    --- PASS: TestSmoke_CopyObject/copy_source_starting_with_slash (0.05s)
    --- PASS: TestSmoke_CopyObject/default_content_type_with_replace_metadata (0.01s)
    --- PASS: TestSmoke_CopyObject/invalid_copy_source (0.03s)
    --- PASS: TestSmoke_CopyObject/non_existing_dst_bucket (0.01s)
    --- PASS: TestSmoke_CopyObject/non_existing_dir_object (0.03s)
    --- PASS: TestSmoke_CopyObject/with_metadata (0.01s)
    --- PASS: TestSmoke_CopyObject/to_itself_with_new_metadata (0.01s)
    --- PASS: TestSmoke_CopyObject/conditional_reads (1.24s)
    --- PASS: TestSmoke_CopyObject/with_special_characters (0.05s)
    --- PASS: TestSmoke_CopyObject/long_metadata (0.01s)
    --- PASS: TestSmoke_CopyObject/should_copy_meta_props (0.02s)
    --- PASS: TestSmoke_CopyObject/should_replace_meta_props (0.01s)
=== RUN   TestSmoke_ListBuckets
    logger.go:146: 2026-07-02T18:54:28.840Z	INFO	provided	{"constructor": "go.uber.org/fx.New.func1()", "stacktrace": ["go.uber.org/fx.New (/home/runner/go/pkg/mod/go.uber.org/fx@v1.24.0/app.go:481)", "github.com/fil-forge/ingot/testing.StartHarness (/home/runner/work/ingot/ingot/testing/harness.go:142)", "github.com/fil-forge/ingot/testing.smokeHarness (/home/runner/work/ingot/ingot/testing/smoke_test.go:41)", "github.com/fil-forge/ingot/testing.TestSmoke_ListBuckets (/home/runner/work/ingot/ingot/testing/smoke_test.go:95)", "testing.tRunner (/opt/hostedtoolcache/go/1.25.7/x64/src/testing/testing.go:1934)"], "moduletrace": ["go.uber.org/fx.New (/home/runner/go/pkg/mod/go.uber.org/fx@v1.24.0/app.go:481)", "github.com/fil-forge/ingot/testing.StartHarness (/home/runner/work/ingot/ingot/testing/harness.go:142)"], "type": "fx.Lifecycle"}
    logger.go:146: 2026-07-02T18:54:28.840Z	INFO	provided	{"constructor": "go.uber.org/fx.(*App).shutdowner-fm()", "stacktrace": ["go.uber.org/fx.New (/home/runner/go/pkg/mod/go.uber.org/fx@v1.24.0/app.go:481)", "github.com/fil-forge/ingot/testing.StartHarness (/home/runner/work/ingot/ingot/testing/harness.go:142)", "github.com/fil-forge/ingot/testing.smokeHarness (/home/runner/work/ingot/ingot/testing/smoke_test.go:41)", "github.com/fil-forge/ingot/testing.TestSmoke_ListBuckets (/home/runner/work/ingot/ingot/testing/smoke_test.go:95)", "testing.tRunner (/opt/hostedtoolcache/go/1.25.7/x64/src/testing/testing.go:1934)"], "moduletrace": ["go.uber.org/fx.New (/home/runner/go/pkg/mod/go.uber.org/fx@v1.24.0/app.go:481)", "github.com/fil-forge/ingot/testing.StartHarness (/home/runner/work/ingot/ingot/testing/harness.go:142)"], "type": "fx.Shutdowner"}
    logger.go:146: 2026-07-02T18:54:28.840Z	INFO	provided	{"constructor": "go.uber.org/fx.(*App).dotGraph-fm()", "stacktrace": ["go.uber.org/fx.New (/home/runner/go/pkg/mod/go.uber.org/fx@v1.24.0/app.go:481)", "github.com/fil-forge/ingot/testing.StartHarness (/home/runner/work/ingot/ingot/testing/harness.go:142)", "github.com/fil-forge/ingot/testing.smokeHarness (/home/runner/work/ingot/ingot/testing/smoke_test.go:41)", "github.com/fil-forge/ingot/testing.TestSmoke_ListBuckets (/home/runner/work/ingot/ingot/testing/smoke_test.go:95)", "testing.tRunner (/opt/hostedtoolcache/go/1.25.7/x64/src/testing/testing.go:1934)"], "moduletrace": ["go.uber.org/fx.New (/home/runner/go/pkg/mod/go.uber.org/fx@v1.24.0/app.go:481)", "github.com/fil-forge/ingot/testing.StartHarness (/home/runner/work/ingot/ingot/testing/harness.go:142)"], "type": "fx.DotGraph"}
    logger.go:146: 2026-07-02T18:54:28.840Z	INFO	supplied	{"type": "*zap.Logger", "stacktrace": ["github.com/fil-forge/ingot/testing.StartHarness (/home/runner/work/ingot/ingot/testing/harness.go:146)", "github.com/fil-forge/ingot/testing.smokeHarness (/home/runner/work/ingot/ingot/testing/smoke_test.go:41)", "github.com/fil-forge/ingot/testing.TestSmoke_ListBuckets (/home/runner/work/ingot/ingot/testing/smoke_test.go:95)", "testing.tRunner (/opt/hostedtoolcache/go/1.25.7/x64/src/testing/testing.go:1934)"], "moduletrace": ["github.com/fil-forge/ingot/testing.StartHarness (/home/runner/work/ingot/ingot/testing/harness.go:146)", "github.com/fil-forge/ingot/testing.StartHarness (/home/runner/work/ingot/ingot/testing/harness.go:142)"]}
    logger.go:146: 2026-07-02T18:54:28.840Z	INFO	supplied	{"type": "ingot.ServerConfig", "stacktrace": ["github.com/fil-forge/ingot/testing.StartHarness (/home/runner/work/ingot/ingot/testing/harness.go:147)", "github.com/fil-forge/ingot/testing.smokeHarness (/home/runner/work/ingot/ingot/testing/smoke_test.go:41)", "github.com/fil-forge/ingot/testing.TestSmoke_ListBuckets (/home/runner/work/ingot/ingot/testing/smoke_test.go:95)", "testing.tRunner (/opt/hostedtoolcache/go/1.25.7/x64/src/testing/testing.go:1934)"], "moduletrace": ["github.com/fil-forge/ingot/testing.StartHarness (/home/runner/work/ingot/ingot/testing/harness.go:147)", "github.com/fil-forge/ingot/testing.StartHarness (/home/runner/work/ingot/ingot/testing/harness.go:142)"]}
    logger.go:146: 2026-07-02T18:54:28.840Z	INFO	provided	{"constructor": "fx.Annotate(github.com/fil-forge/ingot/testing.StartHarness.func2(), fx.As([[registry.Registry]])", "stacktrace": ["github.com/fil-forge/ingot/testing.StartHarness (/home/runner/work/ingot/ingot/testing/harness.go:164)", "github.com/fil-forge/ingot/testing.smokeHarness (/home/runner/work/ingot/ingot/testing/smoke_test.go:41)", "github.com/fil-forge/ingot/testing.TestSmoke_ListBuckets (/home/runner/work/ingot/ingot/testing/smoke_test.go:95)", "testing.tRunner (/opt/hostedtoolcache/go/1.25.7/x64/src/testing/testing.go:1934)"], "moduletrace": ["github.com/fil-forge/ingot/testing.StartHarness (/home/runner/work/ingot/ingot/testing/harness.go:164)", "github.com/fil-forge/ingot/testing.StartHarness (/home/runner/work/ingot/ingot/testing/harness.go:142)"], "type": "registry.Registry"}
    logger.go:146: 2026-07-02T18:54:28.840Z	INFO	provided	{"constructor": "fx.Annotate(github.com/fil-forge/ingot/testing.StartHarness.func3(), fx.As([[registry.IntentStore]])", "stacktrace": ["github.com/fil-forge/ingot/testing.StartHarness (/home/runner/work/ingot/ingot/testing/harness.go:164)", "github.com/fil-forge/ingot/testing.smokeHarness (/home/runner/work/ingot/ingot/testing/smoke_test.go:41)", "github.com/fil-forge/ingot/testing.TestSmoke_ListBuckets (/home/runner/work/ingot/ingot/testing/smoke_test.go:95)", "testing.tRunner (/opt/hostedtoolcache/go/1.25.7/x64/src/testing/testing.go:1934)"], "moduletrace": ["github.com/fil-forge/ingot/testing.StartHarness (/home/runner/work/ingot/ingot/testing/harness.go:164)", "github.com/fil-forge/ingot/testing.StartHarness (/home/runner/work/ingot/ingot/testing/harness.go:142)"], "type": "registry.IntentStore"}
    logger.go:146: 2026-07-02T18:54:28.840Z	INFO	provided	{"constructor": "fx.Annotate(github.com/fil-forge/ingot/testing.StartHarness.func4(), fx.As([[registry.LocationStore]])", "stacktrace": ["github.com/fil-forge/ingot/testing.StartHarness (/home/runner/work/ingot/ingot/testing/harness.go:164)", "github.com/fil-forge/ingot/testing.smokeHarness (/home/runner/work/ingot/ingot/testing/smoke_test.go:41)", "github.com/fil-forge/ingot/testing.TestSmoke_ListBuckets (/home/runner/work/ingot/ingot/testing/smoke_test.go:95)", "testing.tRunner (/opt/hostedtoolcache/go/1.25.7/x64/src/testing/testing.go:1934)"], "moduletrace": ["github.com/fil-forge/ingot/testing.StartHarness (/home/runner/work/ingot/ingot/testing/harness.go:164)", "github.com/fil-forge/ingot/testing.StartHarness (/home/runner/work/ingot/ingot/testing/harness.go:142)"], "type": "registry.LocationStore"}
    logger.go:146: 2026-07-02T18:54:28.841Z	INFO	provided	{"constructor": "fx.Annotate(github.com/fil-forge/ingot/testing.StartHarness.func5(), fx.As([[registry.BlobRefStore]])", "stacktrace": ["github.com/fil-forge/ingot/testing.StartHarness (/home/runner/work/ingot/ingot/testing/harness.go:164)", "github.com/fil-forge/ingot/testing.smokeHarness (/home/runner/work/ingot/ingot/testing/smoke_test.go:41)", "github.com/fil-forge/ingot/testing.TestSmoke_ListBuckets (/home/runner/work/ingot/ingot/testing/smoke_test.go:95)", "testing.tRunner (/opt/hostedtoolcache/go/1.25.7/x64/src/testing/testing.go:1934)"], "moduletrace": ["github.com/fil-forge/ingot/testing.StartHarness (/home/runner/work/ingot/ingot/testing/harness.go:164)", "github.com/fil-forge/ingot/testing.StartHarness (/home/runner/work/ingot/ingot/testing/harness.go:142)"], "type": "registry.BlobRefStore"}
    logger.go:146: 2026-07-02T18:54:28.841Z	INFO	provided	{"constructor": "fx.Annotate(github.com/fil-forge/ingot/testing.StartHarness.func6(), fx.As([[registry.GCStore]])", "stacktrace": ["github.com/fil-forge/ingot/testing.StartHarness (/home/runner/work/ingot/ingot/testing/harness.go:164)", "github.com/fil-forge/ingot/testing.smokeHarness (/home/runner/work/ingot/ingot/testing/smoke_test.go:41)", "github.com/fil-forge/ingot/testing.TestSmoke_ListBuckets (/home/runner/work/ingot/ingot/testing/smoke_test.go:95)", "testing.tRunner (/opt/hostedtoolcache/go/1.25.7/x64/src/testing/testing.go:1934)"], "moduletrace": ["github.com/fil-forge/ingot/testing.StartHarness (/home/runner/work/ingot/ingot/testing/harness.go:164)", "github.com/fil-forge/ingot/testing.StartHarness (/home/runner/work/ingot/ingot/testing/harness.go:142)"], "type": "registry.GCStore"}
    logger.go:146: 2026-07-02T18:54:28.841Z	INFO	provided	{"constructor": "fx.Annotate(github.com/fil-forge/ingot/testing.StartHarness.func7(), fx.As([[registry.MultipartStore]])", "stacktrace": ["github.com/fil-forge/ingot/testing.StartHarness (/home/runner/work/ingot/ingot/testing/harness.go:164)", "github.com/fil-forge/ingot/testing.smokeHarness (/home/runner/work/ingot/ingot/testing/smoke_test.go:41)", "github.com/fil-forge/ingot/testing.TestSmoke_ListBuckets (/home/runner/work/ingot/ingot/testing/smoke_test.go:95)", "testing.tRunner (/opt/hostedtoolcache/go/1.25.7/x64/src/testing/testing.go:1934)"], "moduletrace": ["github.com/fil-forge/ingot/testing.StartHarness (/home/runner/work/ingot/ingot/testing/harness.go:164)", "github.com/fil-forge/ingot/testing.StartHarness (/home/runner/work/ingot/ingot/testing/harness.go:142)"], "type": "registry.MultipartStore"}
    logger.go:146: 2026-07-02T18:54:28.841Z	INFO	provided	{"constructor": "fx.Annotate(github.com/fil-forge/ingot/testing.StartHarness.func8(), fx.As([[logstore.Meta]])", "stacktrace": ["github.com/fil-forge/ingot/testing.StartHarness (/home/runner/work/ingot/ingot/testing/harness.go:164)", "github.com/fil-forge/ingot/testing.smokeHarness (/home/runner/work/ingot/ingot/testing/smoke_test.go:41)", "github.com/fil-forge/ingot/testing.TestSmoke_ListBuckets (/home/runner/work/ingot/ingot/testing/smoke_test.go:95)", "testing.tRunner (/opt/hostedtoolcache/go/1.25.7/x64/src/testing/testing.go:1934)"], "moduletrace": ["github.com/fil-forge/ingot/testing.StartHarness (/home/runner/work/ingot/ingot/testing/harness.go:164)", "github.com/fil-forge/ingot/testing.StartHarness (/home/runner/work/ingot/ingot/testing/harness.go:142)"], "type": "logstore.Meta"}
    logger.go:146: 2026-07-02T18:54:28.841Z	INFO	provided	{"constructor": "fx.Annotate(github.com/fil-forge/ingot/testing.StartHarness.func9(), fx.As([[blockstore.BlockReader]])", "stacktrace": ["github.com/fil-forge/ingot/testing.StartHarness (/home/runner/work/ingot/ingot/testing/harness.go:164)", "github.com/fil-forge/ingot/testing.smokeHarness (/home/runner/work/ingot/ingot/testing/smoke_test.go:41)", "github.com/fil-forge/ingot/testing.TestSmoke_ListBuckets (/home/runner/work/ingot/ingot/testing/smoke_test.go:95)", "testing.tRunner (/opt/hostedtoolcache/go/1.25.7/x64/src/testing/testing.go:1934)"], "moduletrace": ["github.com/fil-forge/ingot/testing.StartHarness (/home/runner/work/ingot/ingot/testing/harness.go:164)", "github.com/fil-forge/ingot/testing.StartHarness (/home/runner/work/ingot/ingot/testing/harness.go:142)"], "type": "blockstore.BlockReader"}
    logger.go:146: 2026-07-02T18:54:28.841Z	INFO	provided	{"constructor": "fx.Annotate(github.com/fil-forge/ingot/testing.StartHarness.func10(), fx.As([[uploader.Uploader]])", "stacktrace": ["github.com/fil-forge/ingot/testing.StartHarness (/home/runner/work/ingot/ingot/testing/harness.go:164)", "github.com/fil-forge/ingot/testing.smokeHarness (/home/runner/work/ingot/ingot/testing/smoke_test.go:41)", "github.com/fil-forge/ingot/testing.TestSmoke_ListBuckets (/home/runner/work/ingot/ingot/testing/smoke_test.go:95)", "testing.tRunner (/opt/hostedtoolcache/go/1.25.7/x64/src/testing/testing.go:1934)"], "moduletrace": ["github.com/fil-forge/ingot/testing.StartHarness (/home/runner/work/ingot/ingot/testing/harness.go:164)", "github.com/fil-forge/ingot/testing.StartHarness (/home/runner/work/ingot/ingot/testing/harness.go:142)"], "type": "uploader.Uploader"}
    logger.go:146: 2026-07-02T18:54:28.841Z	INFO	provided	{"constructor": "fx.Annotate(github.com/fil-forge/ingot/testing.StartHarness.func11(), fx.As([[uploader.BodyUploader]])", "stacktrace": ["github.com/fil-forge/ingot/testing.StartHarness (/home/runner/work/ingot/ingot/testing/harness.go:164)", "github.com/fil-forge/ingot/testing.smokeHarness (/home/runner/work/ingot/ingot/testing/smoke_test.go:41)", "github.com/fil-forge/ingot/testing.TestSmoke_ListBuckets (/home/runner/work/ingot/ingot/testing/smoke_test.go:95)", "testing.tRunner (/opt/hostedtoolcache/go/1.25.7/x64/src/testing/testing.go:1934)"], "moduletrace": ["github.com/fil-forge/ingot/testing.StartHarness (/home/runner/work/ingot/ingot/testing/harness.go:164)", "github.com/fil-forge/ingot/testing.StartHarness (/home/runner/work/ingot/ingot/testing/harness.go:142)"], "type": "uploader.BodyUploader"}
    logger.go:146: 2026-07-02T18:54:28.841Z	INFO	provided	{"constructor": "fx.Annotate(github.com/fil-forge/ingot/testing.StartHarness.func12(), fx.As([[uploader.BlobRemover]])", "stacktrace": ["github.com/fil-forge/ingot/testing.StartHarness (/home/runner/work/ingot/ingot/testing/harness.go:164)", "github.com/fil-forge/ingot/testing.smokeHarness (/home/runner/work/ingot/ingot/testing/smoke_test.go:41)", "github.com/fil-forge/ingot/testing.TestSmoke_ListBuckets (/home/runner/work/ingot/ingot/testing/smoke_test.go:95)", "testing.tRunner (/opt/hostedtoolcache/go/1.25.7/x64/src/testing/testing.go:1934)"], "moduletrace": ["github.com/fil-forge/ingot/testing.StartHarness (/home/runner/work/ingot/ingot/testing/harness.go:164)", "github.com/fil-forge/ingot/testing.StartHarness (/home/runner/work/ingot/ingot/testing/harness.go:142)"], "type": "uploader.BlobRemover"}
    logger.go:146: 2026-07-02T18:54:28.841Z	INFO	initialized custom fxevent.Logger	{"function": "github.com/fil-forge/ingot/testing.StartHarness.func1()"}
    logger.go:146: 2026-07-02T18:54:28.841Z	INFO	invoking	{"function": "github.com/fil-forge/ingot.registerServerLifecycle()", "module": "ingot-server"}
    logger.go:146: 2026-07-02T18:54:28.841Z	INFO	before run	{"name": "go.uber.org/fx.New.func1()", "kind": "provide"}
    logger.go:146: 2026-07-02T18:54:28.841Z	INFO	run	{"name": "go.uber.org/fx.New.func1()", "kind": "provide", "runtime": "13.906µs"}
    logger.go:146: 2026-07-02T18:54:28.841Z	INFO	before run	{"name": "stub(ingot.ServerConfig)", "kind": "supply"}
    logger.go:146: 2026-07-02T18:54:28.841Z	INFO	run	{"name": "stub(ingot.ServerConfig)", "kind": "supply", "runtime": "16.861µs"}
    logger.go:146: 2026-07-02T18:54:28.842Z	INFO	before run	{"name": "stub(*zap.Logger)", "kind": "supply"}
    logger.go:146: 2026-07-02T18:54:28.842Z	INFO	run	{"name": "stub(*zap.Logger)", "kind": "supply", "runtime": "10.429µs"}
    logger.go:146: 2026-07-02T18:54:28.842Z	INFO	before run	{"name": "fx.Annotate(github.com/fil-forge/ingot/testing.StartHarness.func9(), fx.As([[blockstore.BlockReader]])", "kind": "provide"}
    logger.go:146: 2026-07-02T18:54:28.842Z	INFO	run	{"name": "fx.Annotate(github.com/fil-forge/ingot/testing.StartHarness.func9(), fx.As([[blockstore.BlockReader]])", "kind": "provide", "runtime": "65.872µs"}
    logger.go:146: 2026-07-02T18:54:28.842Z	INFO	before run	{"name": "fx.Annotate(github.com/fil-forge/ingot/testing.StartHarness.func10(), fx.As([[uploader.Uploader]])", "kind": "provide"}
    logger.go:146: 2026-07-02T18:54:28.842Z	INFO	run	{"name": "fx.Annotate(github.com/fil-forge/ingot/testing.StartHarness.func10(), fx.As([[uploader.Uploader]])", "kind": "provide", "runtime": "29.504µs"}
    logger.go:146: 2026-07-02T18:54:28.842Z	INFO	before run	{"name": "fx.Annotate(github.com/fil-forge/ingot/testing.StartHarness.func11(), fx.As([[uploader.BodyUploader]])", "kind": "provide"}
    logger.go:146: 2026-07-02T18:54:28.842Z	INFO	run	{"name": "fx.Annotate(github.com/fil-forge/ingot/testing.StartHarness.func11(), fx.As([[uploader.BodyUploader]])", "kind": "provide", "runtime": "44.022µs"}
    logger.go:146: 2026-07-02T18:54:28.842Z	INFO	before run	{"name": "fx.Annotate(github.com/fil-forge/ingot/testing.StartHarness.func12(), fx.As([[uploader.BlobRemover]])", "kind": "provide"}
    logger.go:146: 2026-07-02T18:54:28.842Z	INFO	run	{"name": "fx.Annotate(github.com/fil-forge/ingot/testing.StartHarness.func12(), fx.As([[uploader.BlobRemover]])", "kind": "provide", "runtime": "19.937µs"}
    logger.go:146: 2026-07-02T18:54:28.842Z	INFO	before run	{"name": "fx.Annotate(github.com/fil-forge/ingot/testing.StartHarness.func2(), fx.As([[registry.Registry]])", "kind": "provide"}
    logger.go:146: 2026-07-02T18:54:28.842Z	INFO	run	{"name": "fx.Annotate(github.com/fil-forge/ingot/testing.StartHarness.func2(), fx.As([[registry.Registry]])", "kind": "provide", "runtime": "35.166µs"}
    logger.go:146: 2026-07-02T18:54:28.842Z	INFO	before run	{"name": "fx.Annotate(github.com/fil-forge/ingot/testing.StartHarness.func3(), fx.As([[registry.IntentStore]])", "kind": "provide"}
    logger.go:146: 2026-07-02T18:54:28.843Z	INFO	run	{"name": "fx.Annotate(github.com/fil-forge/ingot/testing.StartHarness.func3(), fx.As([[registry.IntentStore]])", "kind": "provide", "runtime": "34.313µs"}
    logger.go:146: 2026-07-02T18:54:28.843Z	INFO	before run	{"name": "fx.Annotate(github.com/fil-forge/ingot/testing.StartHarness.func4(), fx.As([[registry.LocationStore]])", "kind": "provide"}
    logger.go:146: 2026-07-02T18:54:28.843Z	INFO	run	{"name": "fx.Annotate(github.com/fil-forge/ingot/testing.StartHarness.func4(), fx.As([[registry.LocationStore]])", "kind": "provide", "runtime": "22.251µs"}
    logger.go:146: 2026-07-02T18:54:28.843Z	INFO	before run	{"name": "fx.Annotate(github.com/fil-forge/ingot/testing.StartHarness.func5(), fx.As([[registry.BlobRefStore]])", "kind": "provide"}
    logger.go:146: 2026-07-02T18:54:28.843Z	INFO	run	{"name": "fx.Annotate(github.com/fil-forge/ingot/testing.StartHarness.func5(), fx.As([[registry.BlobRefStore]])", "kind": "provide", "runtime": "29.635µs"}
    logger.go:146: 2026-07-02T18:54:28.843Z	INFO	before run	{"name": "fx.Annotate(github.com/fil-forge/ingot/testing.StartHarness.func6(), fx.As([[registry.GCStore]])", "kind": "provide"}
    logger.go:146: 2026-07-02T18:54:28.843Z	INFO	run	{"name": "fx.Annotate(github.com/fil-forge/ingot/testing.StartHarness.func6(), fx.As([[registry.GCStore]])", "kind": "provide", "runtime": "32.45µs"}
    logger.go:146: 2026-07-02T18:54:28.843Z	INFO	before run	{"name": "fx.Annotate(github.com/fil-forge/ingot/testing.StartHarness.func7(), fx.As([[registry.MultipartStore]])", "kind": "provide"}
    logger.go:146: 2026-07-02T18:54:28.843Z	INFO	run	{"name": "fx.Annotate(github.com/fil-forge/ingot/testing.StartHarness.func7(), fx.As([[registry.MultipartStore]])", "kind": "provide", "runtime": "37.43µs"}
    logger.go:146: 2026-07-02T18:54:28.843Z	INFO	before run	{"name": "fx.Annotate(github.com/fil-forge/ingot/testing.StartHarness.func8(), fx.As([[logstore.Meta]])", "kind": "provide"}
    logger.go:146: 2026-07-02T18:54:28.843Z	INFO	run	{"name": "fx.Annotate(github.com/fil-forge/ingot/testing.StartHarness.func8(), fx.As([[logstore.Meta]])", "kind": "provide", "runtime": "23.784µs"}
    logger.go:146: 2026-07-02T18:54:28.844Z	INFO	OnStart hook executing	{"callee": "github.com/fil-forge/ingot.registerServerLifecycle.func1()", "caller": "github.com/fil-forge/ingot.registerServerLifecycle"}
    logger.go:146: 2026-07-02T18:54:28.847Z	INFO	starting ingot S3 listener	{"addr": "127.0.0.1:35219", "region": "us-east-1", "data_dir": "/tmp/ingot-harness-3855166526", "max_blob_size": 268435456}
    logger.go:146: 2026-07-02T18:54:28.847Z	INFO	OnStart hook executed	{"callee": "github.com/fil-forge/ingot.registerServerLifecycle.func1()", "caller": "github.com/fil-forge/ingot.registerServerLifecycle", "runtime": "3.594173ms"}
    logger.go:146: 2026-07-02T18:54:28.847Z	INFO	started
=== RUN   TestSmoke_ListBuckets/empty_success
RUN  ListBuckets_empty_success
PASS ListBuckets_empty_success
=== RUN   TestSmoke_ListBuckets/invalid_max_buckets
RUN  ListBuckets_invalid_max_buckets
PASS ListBuckets_invalid_max_buckets
=== RUN   TestSmoke_ListBuckets/success
RUN  ListBuckets_success
PASS ListBuckets_success
=== RUN   TestSmoke_ListBuckets/truncated
RUN  ListBuckets_truncated
bucket names are not equal: test-bucket-100 != test-bucket-98
FAIL ListBuckets_truncated: expected list buckets result to be test-bucket-98,test-bucket-99,test-bucket-100, instead got test-bucket-100,test-bucket-101,test-bucket-102
    smoke_test.go:99: expected list buckets result to be test-bucket-98,test-bucket-99,test-bucket-100, instead got test-bucket-100,test-bucket-101,test-bucket-102
=== RUN   TestSmoke_ListBuckets/with_prefix
RUN  ListBuckets_with_prefix
PASS ListBuckets_with_prefix
=== NAME  TestSmoke_ListBuckets
    logger.go:146: 2026-07-02T18:54:28.917Z	INFO	OnStop hook executing	{"callee": "github.com/fil-forge/ingot.registerServerLifecycle.func2()", "caller": "github.com/fil-forge/ingot.registerServerLifecycle"}
    logger.go:146: 2026-07-02T18:54:28.917Z	INFO	shutting down ingot S3 listener
    logger.go:146: 2026-07-02T18:54:28.917Z	ERROR	ingot listener error	{"error": "listener closed"}
    logger.go:146: 2026-07-02T18:54:28.917Z	INFO	OnStop hook executed	{"callee": "github.com/fil-forge/ingot.registerServerLifecycle.func2()", "caller": "github.com/fil-forge/ingot.registerServerLifecycle", "runtime": "133.99µs"}
--- FAIL: TestSmoke_ListBuckets (0.08s)
    --- PASS: TestSmoke_ListBuckets/empty_success (0.00s)
    --- PASS: TestSmoke_ListBuckets/invalid_max_buckets (0.01s)
    --- PASS: TestSmoke_ListBuckets/success (0.03s)
    --- FAIL: TestSmoke_ListBuckets/truncated (0.01s)
    --- PASS: TestSmoke_ListBuckets/with_prefix (0.02s)
=== RUN   TestSmokeXFail_CopyObject
    logger.go:146: 2026-07-02T18:54:28.920Z	INFO	provided	{"constructor": "go.uber.org/fx.New.func1()", "stacktrace": ["go.uber.org/fx.New (/home/runner/go/pkg/mod/go.uber.org/fx@v1.24.0/app.go:481)", "github.com/fil-forge/ingot/testing.StartHarness (/home/runner/work/ingot/ingot/testing/harness.go:142)", "github.com/fil-forge/ingot/testing.smokeHarness (/home/runner/work/ingot/ingot/testing/smoke_test.go:41)", "github.com/fil-forge/ingot/testing.TestSmokeXFail_CopyObject (/home/runner/work/ingot/ingot/testing/smoke_test.go:425)", "testing.tRunner (/opt/hostedtoolcache/go/1.25.7/x64/src/testing/testing.go:1934)"], "moduletrace": ["go.uber.org/fx.New (/home/runner/go/pkg/mod/go.uber.org/fx@v1.24.0/app.go:481)", "github.com/fil-forge/ingot/testing.StartHarness (/home/runner/work/ingot/ingot/testing/harness.go:142)"], "type": "fx.Lifecycle"}
    logger.go:146: 2026-07-02T18:54:28.920Z	INFO	provided	{"constructor": "go.uber.org/fx.(*App).shutdowner-fm()", "stacktrace": ["go.uber.org/fx.New (/home/runner/go/pkg/mod/go.uber.org/fx@v1.24.0/app.go:481)", "github.com/fil-forge/ingot/testing.StartHarness (/home/runner/work/ingot/ingot/testing/harness.go:142)", "github.com/fil-forge/ingot/testing.smokeHarness (/home/runner/work/ingot/ingot/testing/smoke_test.go:41)", "github.com/fil-forge/ingot/testing.TestSmokeXFail_CopyObject (/home/runner/work/ingot/ingot/testing/smoke_test.go:425)", "testing.tRunner (/opt/hostedtoolcache/go/1.25.7/x64/src/testing/testing.go:1934)"], "moduletrace": ["go.uber.org/fx.New (/home/runner/go/pkg/mod/go.uber.org/fx@v1.24.0/app.go:481)", "github.com/fil-forge/ingot/testing.StartHarness (/home/runner/work/ingot/ingot/testing/harness.go:142)"], "type": "fx.Shutdowner"}
    logger.go:146: 2026-07-02T18:54:28.920Z	INFO	provided	{"constructor": "go.uber.org/fx.(*App).dotGraph-fm()", "stacktrace": ["go.uber.org/fx.New (/home/runner/go/pkg/mod/go.uber.org/fx@v1.24.0/app.go:481)", "github.com/fil-forge/ingot/testing.StartHarness (/home/runner/work/ingot/ingot/testing/harness.go:142)", "github.com/fil-forge/ingot/testing.smokeHarness (/home/runner/work/ingot/ingot/testing/smoke_test.go:41)", "github.com/fil-forge/ingot/testing.TestSmokeXFail_CopyObject (/home/runner/work/ingot/ingot/testing/smoke_test.go:425)", "testing.tRunner (/opt/hostedtoolcache/go/1.25.7/x64/src/testing/testing.go:1934)"], "moduletrace": ["go.uber.org/fx.New (/home/runner/go/pkg/mod/go.uber.org/fx@v1.24.0/app.go:481)", "github.com/fil-forge/ingot/testing.StartHarness (/home/runner/work/ingot/ingot/testing/harness.go:142)"], "type": "fx.DotGraph"}
    logger.go:146: 2026-07-02T18:54:28.921Z	INFO	supplied	{"type": "*zap.Logger", "stacktrace": ["github.com/fil-forge/ingot/testing.StartHarness (/home/runner/work/ingot/ingot/testing/harness.go:146)", "github.com/fil-forge/ingot/testing.smokeHarness (/home/runner/work/ingot/ingot/testing/smoke_test.go:41)", "github.com/fil-forge/ingot/testing.TestSmokeXFail_CopyObject (/home/runner/work/ingot/ingot/testing/smoke_test.go:425)", "testing.tRunner (/opt/hostedtoolcache/go/1.25.7/x64/src/testing/testing.go:1934)"], "moduletrace": ["github.com/fil-forge/ingot/testing.StartHarness (/home/runner/work/ingot/ingot/testing/harness.go:146)", "github.com/fil-forge/ingot/testing.StartHarness (/home/runner/work/ingot/ingot/testing/harness.go:142)"]}
    logger.go:146: 2026-07-02T18:54:28.921Z	INFO	supplied	{"type": "ingot.ServerConfig", "stacktrace": ["github.com/fil-forge/ingot/testing.StartHarness (/home/runner/work/ingot/ingot/testing/harness.go:147)", "github.com/fil-forge/ingot/testing.smokeHarness (/home/runner/work/ingot/ingot/testing/smoke_test.go:41)", "github.com/fil-forge/ingot/testing.TestSmokeXFail_CopyObject (/home/runner/work/ingot/ingot/testing/smoke_test.go:425)", "testing.tRunner (/opt/hostedtoolcache/go/1.25.7/x64/src/testing/testing.go:1934)"], "moduletrace": ["github.com/fil-forge/ingot/testing.StartHarness (/home/runner/work/ingot/ingot/testing/harness.go:147)", "github.com/fil-forge/ingot/testing.StartHarness (/home/runner/work/ingot/ingot/testing/harness.go:142)"]}
    logger.go:146: 2026-07-02T18:54:28.921Z	INFO	provided	{"constructor": "fx.Annotate(github.com/fil-forge/ingot/testing.StartHarness.func2(), fx.As([[registry.Registry]])", "stacktrace": ["github.com/fil-forge/ingot/testing.StartHarness (/home/runner/work/ingot/ingot/testing/harness.go:164)", "github.com/fil-forge/ingot/testing.smokeHarness (/home/runner/work/ingot/ingot/testing/smoke_test.go:41)", "github.com/fil-forge/ingot/testing.TestSmokeXFail_CopyObject (/home/runner/work/ingot/ingot/testing/smoke_test.go:425)", "testing.tRunner (/opt/hostedtoolcache/go/1.25.7/x64/src/testing/testing.go:1934)"], "moduletrace": ["github.com/fil-forge/ingot/testing.StartHarness (/home/runner/work/ingot/ingot/testing/harness.go:164)", "github.com/fil-forge/ingot/testing.StartHarness (/home/runner/work/ingot/ingot/testing/harness.go:142)"], "type": "registry.Registry"}
    logger.go:146: 2026-07-02T18:54:28.921Z	INFO	provided	{"constructor": "fx.Annotate(github.com/fil-forge/ingot/testing.StartHarness.func3(), fx.As([[registry.IntentStore]])", "stacktrace": ["github.com/fil-forge/ingot/testing.StartHarness (/home/runner/work/ingot/ingot/testing/harness.go:164)", "github.com/fil-forge/ingot/testing.smokeHarness (/home/runner/work/ingot/ingot/testing/smoke_test.go:41)", "github.com/fil-forge/ingot/testing.TestSmokeXFail_CopyObject (/home/runner/work/ingot/ingot/testing/smoke_test.go:425)", "testing.tRunner (/opt/hostedtoolcache/go/1.25.7/x64/src/testing/testing.go:1934)"], "moduletrace": ["github.com/fil-forge/ingot/testing.StartHarness (/home/runner/work/ingot/ingot/testing/harness.go:164)", "github.com/fil-forge/ingot/testing.StartHarness (/home/runner/work/ingot/ingot/testing/harness.go:142)"], "type": "registry.IntentStore"}
    logger.go:146: 2026-07-02T18:54:28.921Z	INFO	provided	{"constructor": "fx.Annotate(github.com/fil-forge/ingot/testing.StartHarness.func4(), fx.As([[registry.LocationStore]])", "stacktrace": ["github.com/fil-forge/ingot/testing.StartHarness (/home/runner/work/ingot/ingot/testing/harness.go:164)", "github.com/fil-forge/ingot/testing.smokeHarness (/home/runner/work/ingot/ingot/testing/smoke_test.go:41)", "github.com/fil-forge/ingot/testing.TestSmokeXFail_CopyObject (/home/runner/work/ingot/ingot/testing/smoke_test.go:425)", "testing.tRunner (/opt/hostedtoolcache/go/1.25.7/x64/src/testing/testing.go:1934)"], "moduletrace": ["github.com/fil-forge/ingot/testing.StartHarness (/home/runner/work/ingot/ingot/testing/harness.go:164)", "github.com/fil-forge/ingot/testing.StartHarness (/home/runner/work/ingot/ingot/testing/harness.go:142)"], "type": "registry.LocationStore"}
    logger.go:146: 2026-07-02T18:54:28.921Z	INFO	provided	{"constructor": "fx.Annotate(github.com/fil-forge/ingot/testing.StartHarness.func5(), fx.As([[registry.BlobRefStore]])", "stacktrace": ["github.com/fil-forge/ingot/testing.StartHarness (/home/runner/work/ingot/ingot/testing/harness.go:164)", "github.com/fil-forge/ingot/testing.smokeHarness (/home/runner/work/ingot/ingot/testing/smoke_test.go:41)", "github.com/fil-forge/ingot/testing.TestSmokeXFail_CopyObject (/home/runner/work/ingot/ingot/testing/smoke_test.go:425)", "testing.tRunner (/opt/hostedtoolcache/go/1.25.7/x64/src/testing/testing.go:1934)"], "moduletrace": ["github.com/fil-forge/ingot/testing.StartHarness (/home/runner/work/ingot/ingot/testing/harness.go:164)", "github.com/fil-forge/ingot/testing.StartHarness (/home/runner/work/ingot/ingot/testing/harness.go:142)"], "type": "registry.BlobRefStore"}
    logger.go:146: 2026-07-02T18:54:28.921Z	INFO	provided	{"constructor": "fx.Annotate(github.com/fil-forge/ingot/testing.StartHarness.func6(), fx.As([[registry.GCStore]])", "stacktrace": ["github.com/fil-forge/ingot/testing.StartHarness (/home/runner/work/ingot/ingot/testing/harness.go:164)", "github.com/fil-forge/ingot/testing.smokeHarness (/home/runner/work/ingot/ingot/testing/smoke_test.go:41)", "github.com/fil-forge/ingot/testing.TestSmokeXFail_CopyObject (/home/runner/work/ingot/ingot/testing/smoke_test.go:425)", "testing.tRunner (/opt/hostedtoolcache/go/1.25.7/x64/src/testing/testing.go:1934)"], "moduletrace": ["github.com/fil-forge/ingot/testing.StartHarness (/home/runner/work/ingot/ingot/testing/harness.go:164)", "github.com/fil-forge/ingot/testing.StartHarness (/home/runner/work/ingot/ingot/testing/harness.go:142)"], "type": "registry.GCStore"}
    logger.go:146: 2026-07-02T18:54:28.921Z	INFO	provided	{"constructor": "fx.Annotate(github.com/fil-forge/ingot/testing.StartHarness.func7(), fx.As([[registry.MultipartStore]])", "stacktrace": ["github.com/fil-forge/ingot/testing.StartHarness (/home/runner/work/ingot/ingot/testing/harness.go:164)", "github.com/fil-forge/ingot/testing.smokeHarness (/home/runner/work/ingot/ingot/testing/smoke_test.go:41)", "github.com/fil-forge/ingot/testing.TestSmokeXFail_CopyObject (/home/runner/work/ingot/ingot/testing/smoke_test.go:425)", "testing.tRunner (/opt/hostedtoolcache/go/1.25.7/x64/src/testing/testing.go:1934)"], "moduletrace": ["github.com/fil-forge/ingot/testing.StartHarness (/home/runner/work/ingot/ingot/testing/harness.go:164)", "github.com/fil-forge/ingot/testing.StartHarness (/home/runner/work/ingot/ingot/testing/harness.go:142)"], "type": "registry.MultipartStore"}
    logger.go:146: 2026-07-02T18:54:28.921Z	INFO	provided	{"constructor": "fx.Annotate(github.com/fil-forge/ingot/testing.StartHarness.func8(), fx.As([[logstore.Meta]])", "stacktrace": ["github.com/fil-forge/ingot/testing.StartHarness (/home/runner/work/ingot/ingot/testing/harness.go:164)", "github.com/fil-forge/ingot/testing.smokeHarness (/home/runner/work/ingot/ingot/testing/smoke_test.go:41)", "github.com/fil-forge/ingot/testing.TestSmokeXFail_CopyObject (/home/runner/work/ingot/ingot/testing/smoke_test.go:425)", "testing.tRunner (/opt/hostedtoolcache/go/1.25.7/x64/src/testing/testing.go:1934)"], "moduletrace": ["github.com/fil-forge/ingot/testing.StartHarness (/home/runner/work/ingot/ingot/testing/harness.go:164)", "github.com/fil-forge/ingot/testing.StartHarness (/home/runner/work/ingot/ingot/testing/harness.go:142)"], "type": "logstore.Meta"}
    logger.go:146: 2026-07-02T18:54:28.921Z	INFO	provided	{"constructor": "fx.Annotate(github.com/fil-forge/ingot/testing.StartHarness.func9(), fx.As([[blockstore.BlockReader]])", "stacktrace": ["github.com/fil-forge/ingot/testing.StartHarness (/home/runner/work/ingot/ingot/testing/harness.go:164)", "github.com/fil-forge/ingot/testing.smokeHarness (/home/runner/work/ingot/ingot/testing/smoke_test.go:41)", "github.com/fil-forge/ingot/testing.TestSmokeXFail_CopyObject (/home/runner/work/ingot/ingot/testing/smoke_test.go:425)", "testing.tRunner (/opt/hostedtoolcache/go/1.25.7/x64/src/testing/testing.go:1934)"], "moduletrace": ["github.com/fil-forge/ingot/testing.StartHarness (/home/runner/work/ingot/ingot/testing/harness.go:164)", "github.com/fil-forge/ingot/testing.StartHarness (/home/runner/work/ingot/ingot/testing/harness.go:142)"], "type": "blockstore.BlockReader"}
    logger.go:146: 2026-07-02T18:54:28.921Z	INFO	provided	{"constructor": "fx.Annotate(github.com/fil-forge/ingot/testing.StartHarness.func10(), fx.As([[uploader.Uploader]])", "stacktrace": ["github.com/fil-forge/ingot/testing.StartHarness (/home/runner/work/ingot/ingot/testing/harness.go:164)", "github.com/fil-forge/ingot/testing.smokeHarness (/home/runner/work/ingot/ingot/testing/smoke_test.go:41)", "github.com/fil-forge/ingot/testing.TestSmokeXFail_CopyObject (/home/runner/work/ingot/ingot/testing/smoke_test.go:425)", "testing.tRunner (/opt/hostedtoolcache/go/1.25.7/x64/src/testing/testing.go:1934)"], "moduletrace": ["github.com/fil-forge/ingot/testing.StartHarness (/home/runner/work/ingot/ingot/testing/harness.go:164)", "github.com/fil-forge/ingot/testing.StartHarness (/home/runner/work/ingot/ingot/testing/harness.go:142)"], "type": "uploader.Uploader"}
    logger.go:146: 2026-07-02T18:54:28.921Z	INFO	provided	{"constructor": "fx.Annotate(github.com/fil-forge/ingot/testing.StartHarness.func11(), fx.As([[uploader.BodyUploader]])", "stacktrace": ["github.com/fil-forge/ingot/testing.StartHarness (/home/runner/work/ingot/ingot/testing/harness.go:164)", "github.com/fil-forge/ingot/testing.smokeHarness (/home/runner/work/ingot/ingot/testing/smoke_test.go:41)", "github.com/fil-forge/ingot/testing.TestSmokeXFail_CopyObject (/home/runner/work/ingot/ingot/testing/smoke_test.go:425)", "testing.tRunner (/opt/hostedtoolcache/go/1.25.7/x64/src/testing/testing.go:1934)"], "moduletrace": ["github.com/fil-forge/ingot/testing.StartHarness (/home/runner/work/ingot/ingot/testing/harness.go:164)", "github.com/fil-forge/ingot/testing.StartHarness (/home/runner/work/ingot/ingot/testing/harness.go:142)"], "type": "uploader.BodyUploader"}
    logger.go:146: 2026-07-02T18:54:28.921Z	INFO	provided	{"constructor": "fx.Annotate(github.com/fil-forge/ingot/testing.StartHarness.func12(), fx.As([[uploader.BlobRemover]])", "stacktrace": ["github.com/fil-forge/ingot/testing.StartHarness (/home/runner/work/ingot/ingot/testing/harness.go:164)", "github.com/fil-forge/ingot/testing.smokeHarness (/home/runner/work/ingot/ingot/testing/smoke_test.go:41)", "github.com/fil-forge/ingot/testing.TestSmokeXFail_CopyObject (/home/runner/work/ingot/ingot/testing/smoke_test.go:425)", "testing.tRunner (/opt/hostedtoolcache/go/1.25.7/x64/src/testing/testing.go:1934)"], "moduletrace": ["github.com/fil-forge/ingot/testing.StartHarness (/home/runner/work/ingot/ingot/testing/harness.go:164)", "github.com/fil-forge/ingot/testing.StartHarness (/home/runner/work/ingot/ingot/testing/harness.go:142)"], "type": "uploader.BlobRemover"}
    logger.go:146: 2026-07-02T18:54:28.921Z	INFO	initialized custom fxevent.Logger	{"function": "github.com/fil-forge/ingot/testing.StartHarness.func1()"}
    logger.go:146: 2026-07-02T18:54:28.921Z	INFO	invoking	{"function": "github.com/fil-forge/ingot.registerServerLifecycle()", "module": "ingot-server"}
    logger.go:146: 2026-07-02T18:54:28.921Z	INFO	before run	{"name": "go.uber.org/fx.New.func1()", "kind": "provide"}
    logger.go:146: 2026-07-02T18:54:28.921Z	INFO	run	{"name": "go.uber.org/fx.New.func1()", "kind": "provide", "runtime": "10.009µs"}
    logger.go:146: 2026-07-02T18:54:28.922Z	INFO	before run	{"name": "stub(ingot.ServerConfig)", "kind": "supply"}
    logger.go:146: 2026-07-02T18:54:28.922Z	INFO	run	{"name": "stub(ingot.ServerConfig)", "kind": "supply", "runtime": "12.634µs"}
    logger.go:146: 2026-07-02T18:54:28.922Z	INFO	before run	{"name": "stub(*zap.Logger)", "kind": "supply"}
    logger.go:146: 2026-07-02T18:54:28.922Z	INFO	run	{"name": "stub(*zap.Logger)", "kind": "supply", "runtime": "10.079µs"}
    logger.go:146: 2026-07-02T18:54:28.922Z	INFO	before run	{"name": "fx.Annotate(github.com/fil-forge/ingot/testing.StartHarness.func9(), fx.As([[blockstore.BlockReader]])", "kind": "provide"}
    logger.go:146: 2026-07-02T18:54:28.922Z	INFO	run	{"name": "fx.Annotate(github.com/fil-forge/ingot/testing.StartHarness.func9(), fx.As([[blockstore.BlockReader]])", "kind": "provide", "runtime": "59.15µs"}
    logger.go:146: 2026-07-02T18:54:28.922Z	INFO	before run	{"name": "fx.Annotate(github.com/fil-forge/ingot/testing.StartHarness.func10(), fx.As([[uploader.Uploader]])", "kind": "provide"}
    logger.go:146: 2026-07-02T18:54:28.922Z	INFO	run	{"name": "fx.Annotate(github.com/fil-forge/ingot/testing.StartHarness.func10(), fx.As([[uploader.Uploader]])", "kind": "provide", "runtime": "18.995µs"}
    logger.go:146: 2026-07-02T18:54:28.922Z	INFO	before run	{"name": "fx.Annotate(github.com/fil-forge/ingot/testing.StartHarness.func11(), fx.As([[uploader.BodyUploader]])", "kind": "provide"}
    logger.go:146: 2026-07-02T18:54:28.922Z	INFO	run	{"name": "fx.Annotate(github.com/fil-forge/ingot/testing.StartHarness.func11(), fx.As([[uploader.BodyUploader]])", "kind": "provide", "runtime": "18.494µs"}
    logger.go:146: 2026-07-02T18:54:28.922Z	INFO	before run	{"name": "fx.Annotate(github.com/fil-forge/ingot/testing.StartHarness.func12(), fx.As([[uploader.BlobRemover]])", "kind": "provide"}
    logger.go:146: 2026-07-02T18:54:28.922Z	INFO	run	{"name": "fx.Annotate(github.com/fil-forge/ingot/testing.StartHarness.func12(), fx.As([[uploader.BlobRemover]])", "kind": "provide", "runtime": "19.507µs"}
    logger.go:146: 2026-07-02T18:54:28.922Z	INFO	before run	{"name": "fx.Annotate(github.com/fil-forge/ingot/testing.StartHarness.func2(), fx.As([[registry.Registry]])", "kind": "provide"}
    logger.go:146: 2026-07-02T18:54:28.922Z	INFO	run	{"name": "fx.Annotate(github.com/fil-forge/ingot/testing.StartHarness.func2(), fx.As([[registry.Registry]])", "kind": "provide", "runtime": "23.764µs"}
    logger.go:146: 2026-07-02T18:54:28.922Z	INFO	before run	{"name": "fx.Annotate(github.com/fil-forge/ingot/testing.StartHarness.func3(), fx.As([[registry.IntentStore]])", "kind": "provide"}
    logger.go:146: 2026-07-02T18:54:28.922Z	INFO	run	{"name": "fx.Annotate(github.com/fil-forge/ingot/testing.StartHarness.func3(), fx.As([[registry.IntentStore]])", "kind": "provide", "runtime": "21.64µs"}
    logger.go:146: 2026-07-02T18:54:28.922Z	INFO	before run	{"name": "fx.Annotate(github.com/fil-forge/ingot/testing.StartHarness.func4(), fx.As([[registry.LocationStore]])", "kind": "provide"}
    logger.go:146: 2026-07-02T18:54:28.923Z	INFO	run	{"name": "fx.Annotate(github.com/fil-forge/ingot/testing.StartHarness.func4(), fx.As([[registry.LocationStore]])", "kind": "provide", "runtime": "30.707µs"}
    logger.go:146: 2026-07-02T18:54:28.923Z	INFO	before run	{"name": "fx.Annotate(github.com/fil-forge/ingot/testing.StartHarness.func5(), fx.As([[registry.BlobRefStore]])", "kind": "provide"}
    logger.go:146: 2026-07-02T18:54:28.923Z	INFO	run	{"name": "fx.Annotate(github.com/fil-forge/ingot/testing.StartHarness.func5(), fx.As([[registry.BlobRefStore]])", "kind": "provide", "runtime": "35.376µs"}
    logger.go:146: 2026-07-02T18:54:28.923Z	INFO	before run	{"name": "fx.Annotate(github.com/fil-forge/ingot/testing.StartHarness.func6(), fx.As([[registry.GCStore]])", "kind": "provide"}
    logger.go:146: 2026-07-02T18:54:28.923Z	INFO	run	{"name": "fx.Annotate(github.com/fil-forge/ingot/testing.StartHarness.func6(), fx.As([[registry.GCStore]])", "kind": "provide", "runtime": "19.716µs"}
    logger.go:146: 2026-07-02T18:54:28.923Z	INFO	before run	{"name": "fx.Annotate(github.com/fil-forge/ingot/testing.StartHarness.func7(), fx.As([[registry.MultipartStore]])", "kind": "provide"}
    logger.go:146: 2026-07-02T18:54:28.923Z	INFO	run	{"name": "fx.Annotate(github.com/fil-forge/ingot/testing.StartHarness.func7(), fx.As([[registry.MultipartStore]])", "kind": "provide", "runtime": "187.479µs"}
    logger.go:146: 2026-07-02T18:54:28.923Z	INFO	before run	{"name": "fx.Annotate(github.com/fil-forge/ingot/testing.StartHarness.func8(), fx.As([[logstore.Meta]])", "kind": "provide"}
    logger.go:146: 2026-07-02T18:54:28.923Z	INFO	run	{"name": "fx.Annotate(github.com/fil-forge/ingot/testing.StartHarness.func8(), fx.As([[logstore.Meta]])", "kind": "provide", "runtime": "46.376µs"}
    logger.go:146: 2026-07-02T18:54:28.924Z	INFO	OnStart hook executing	{"callee": "github.com/fil-forge/ingot.registerServerLifecycle.func1()", "caller": "github.com/fil-forge/ingot.registerServerLifecycle"}
    logger.go:146: 2026-07-02T18:54:28.926Z	INFO	starting ingot S3 listener	{"addr": "127.0.0.1:41389", "region": "us-east-1", "data_dir": "/tmp/ingot-harness-2274989017", "max_blob_size": 268435456}
    logger.go:146: 2026-07-02T18:54:28.926Z	INFO	OnStart hook executed	{"callee": "github.com/fil-forge/ingot.registerServerLifecycle.func1()", "caller": "github.com/fil-forge/ingot.registerServerLifecycle", "runtime": "2.050006ms"}
    logger.go:146: 2026-07-02T18:54:28.926Z	INFO	started
=== RUN   TestSmokeXFail_CopyObject/overwrite_same_file_object
RUN  CopyObject_overwrite_same_file_object
FAIL CopyObject_overwrite_same_file_object: expected ObjectParentIsFile, instead got nil
    smoke_test.go:433: known-failing: expected ObjectParentIsFile, instead got nil
=== NAME  TestSmokeXFail_CopyObject
    logger.go:146: 2026-07-02T18:54:28.939Z	INFO	OnStop hook executing	{"callee": "github.com/fil-forge/ingot.registerServerLifecycle.func2()", "caller": "github.com/fil-forge/ingot.registerServerLifecycle"}
    logger.go:146: 2026-07-02T18:54:28.939Z	INFO	shutting down ingot S3 listener
    logger.go:146: 2026-07-02T18:54:28.939Z	ERROR	ingot listener error	{"error": "listener closed"}
    logger.go:146: 2026-07-02T18:54:28.939Z	INFO	OnStop hook executed	{"callee": "github.com/fil-forge/ingot.registerServerLifecycle.func2()", "caller": "github.com/fil-forge/ingot.registerServerLifecycle", "runtime": "673.078µs"}
--- PASS: TestSmokeXFail_CopyObject (0.02s)
    --- SKIP: TestSmokeXFail_CopyObject/overwrite_same_file_object (0.01s)
=== RUN   TestSmoke_DeleteObject
    logger.go:146: 2026-07-02T18:54:28.942Z	INFO	provided	{"constructor": "go.uber.org/fx.New.func1()", "stacktrace": ["go.uber.org/fx.New (/home/runner/go/pkg/mod/go.uber.org/fx@v1.24.0/app.go:481)", "github.com/fil-forge/ingot/testing.StartHarness (/home/runner/work/ingot/ingot/testing/harness.go:142)", "github.com/fil-forge/ingot/testing.smokeHarness (/home/runner/work/ingot/ingot/testing/smoke_test.go:41)", "github.com/fil-forge/ingot/testing.TestSmoke_DeleteObject (/home/runner/work/ingot/ingot/testing/smoke_test.go:243)", "testing.tRunner (/opt/hostedtoolcache/go/1.25.7/x64/src/testing/testing.go:1934)"], "moduletrace": ["go.uber.org/fx.New (/home/runner/go/pkg/mod/go.uber.org/fx@v1.24.0/app.go:481)", "github.com/fil-forge/ingot/testing.StartHarness (/home/runner/work/ingot/ingot/testing/harness.go:142)"], "type": "fx.Lifecycle"}
    logger.go:146: 2026-07-02T18:54:28.942Z	INFO	provided	{"constructor": "go.uber.org/fx.(*App).shutdowner-fm()", "stacktrace": ["go.uber.org/fx.New (/home/runner/go/pkg/mod/go.uber.org/fx@v1.24.0/app.go:481)", "github.com/fil-forge/ingot/testing.StartHarness (/home/runner/work/ingot/ingot/testing/harness.go:142)", "github.com/fil-forge/ingot/testing.smokeHarness (/home/runner/work/ingot/ingot/testing/smoke_test.go:41)", "github.com/fil-forge/ingot/testing.TestSmoke_DeleteObject (/home/runner/work/ingot/ingot/testing/smoke_test.go:243)", "testing.tRunner (/opt/hostedtoolcache/go/1.25.7/x64/src/testing/testing.go:1934)"], "moduletrace": ["go.uber.org/fx.New (/home/runner/go/pkg/mod/go.uber.org/fx@v1.24.0/app.go:481)", "github.com/fil-forge/ingot/testing.StartHarness (/home/runner/work/ingot/ingot/testing/harness.go:142)"], "type": "fx.Shutdowner"}
    logger.go:146: 2026-07-02T18:54:28.942Z	INFO	provided	{"constructor": "go.uber.org/fx.(*App).dotGraph-fm()", "stacktrace": ["go.uber.org/fx.New (/home/runner/go/pkg/mod/go.uber.org/fx@v1.24.0/app.go:481)", "github.com/fil-forge/ingot/testing.StartHarness (/home/runner/work/ingot/ingot/testing/harness.go:142)", "github.com/fil-forge/ingot/testing.smokeHarness (/home/runner/work/ingot/ingot/testing/smoke_test.go:41)", "github.com/fil-forge/ingot/testing.TestSmoke_DeleteObject (/home/runner/work/ingot/ingot/testing/smoke_test.go:243)", "testing.tRunner (/opt/hostedtoolcache/go/1.25.7/x64/src/testing/testing.go:1934)"], "moduletrace": ["go.uber.org/fx.New (/home/runner/go/pkg/mod/go.uber.org/fx@v1.24.0/app.go:481)", "github.com/fil-forge/ingot/testing.StartHarness (/home/runner/work/ingot/ingot/testing/harness.go:142)"], "type": "fx.DotGraph"}
    logger.go:146: 2026-07-02T18:54:28.942Z	INFO	supplied	{"type": "*zap.Logger", "stacktrace": ["github.com/fil-forge/ingot/testing.StartHarness (/home/runner/work/ingot/ingot/testing/harness.go:146)", "github.com/fil-forge/ingot/testing.smokeHarness (/home/runner/work/ingot/ingot/testing/smoke_test.go:41)", "github.com/fil-forge/ingot/testing.TestSmoke_DeleteObject (/home/runner/work/ingot/ingot/testing/smoke_test.go:243)", "testing.tRunner (/opt/hostedtoolcache/go/1.25.7/x64/src/testing/testing.go:1934)"], "moduletrace": ["github.com/fil-forge/ingot/testing.StartHarness (/home/runner/work/ingot/ingot/testing/harness.go:146)", "github.com/fil-forge/ingot/testing.StartHarness (/home/runner/work/ingot/ingot/testing/harness.go:142)"]}
    logger.go:146: 2026-07-02T18:54:28.942Z	INFO	supplied	{"type": "ingot.ServerConfig", "stacktrace": ["github.com/fil-forge/ingot/testing.StartHarness (/home/runner/work/ingot/ingot/testing/harness.go:147)", "github.com/fil-forge/ingot/testing.smokeHarness (/home/runner/work/ingot/ingot/testing/smoke_test.go:41)", "github.com/fil-forge/ingot/testing.TestSmoke_DeleteObject (/home/runner/work/ingot/ingot/testing/smoke_test.go:243)", "testing.tRunner (/opt/hostedtoolcache/go/1.25.7/x64/src/testing/testing.go:1934)"], "moduletrace": ["github.com/fil-forge/ingot/testing.StartHarness (/home/runner/work/ingot/ingot/testing/harness.go:147)", "github.com/fil-forge/ingot/testing.StartHarness (/home/runner/work/ingot/ingot/testing/harness.go:142)"]}
    logger.go:146: 2026-07-02T18:54:28.943Z	INFO	provided	{"constructor": "fx.Annotate(github.com/fil-forge/ingot/testing.StartHarness.func2(), fx.As([[registry.Registry]])", "stacktrace": ["github.com/fil-forge/ingot/testing.StartHarness (/home/runner/work/ingot/ingot/testing/harness.go:164)", "github.com/fil-forge/ingot/testing.smokeHarness (/home/runner/work/ingot/ingot/testing/smoke_test.go:41)", "github.com/fil-forge/ingot/testing.TestSmoke_DeleteObject (/home/runner/work/ingot/ingot/testing/smoke_test.go:243)", "testing.tRunner (/opt/hostedtoolcache/go/1.25.7/x64/src/testing/testing.go:1934)"], "moduletrace": ["github.com/fil-forge/ingot/testing.StartHarness (/home/runner/work/ingot/ingot/testing/harness.go:164)", "github.com/fil-forge/ingot/testing.StartHarness (/home/runner/work/ingot/ingot/testing/harness.go:142)"], "type": "registry.Registry"}
    logger.go:146: 2026-07-02T18:54:28.943Z	INFO	provided	{"constructor": "fx.Annotate(github.com/fil-forge/ingot/testing.StartHarness.func3(), fx.As([[registry.IntentStore]])", "stacktrace": ["github.com/fil-forge/ingot/testing.StartHarness (/home/runner/work/ingot/ingot/testing/harness.go:164)", "github.com/fil-forge/ingot/testing.smokeHarness (/home/runner/work/ingot/ingot/testing/smoke_test.go:41)", "github.com/fil-forge/ingot/testing.TestSmoke_DeleteObject (/home/runner/work/ingot/ingot/testing/smoke_test.go:243)", "testing.tRunner (/opt/hostedtoolcache/go/1.25.7/x64/src/testing/testing.go:1934)"], "moduletrace": ["github.com/fil-forge/ingot/testing.StartHarness (/home/runner/work/ingot/ingot/testing/harness.go:164)", "github.com/fil-forge/ingot/testing.StartHarness (/home/runner/work/ingot/ingot/testing/harness.go:142)"], "type": "registry.IntentStore"}
    logger.go:146: 2026-07-02T18:54:28.943Z	INFO	provided	{"constructor": "fx.Annotate(github.com/fil-forge/ingot/testing.StartHarness.func4(), fx.As([[registry.LocationStore]])", "stacktrace": ["github.com/fil-forge/ingot/testing.StartHarness (/home/runner/work/ingot/ingot/testing/harness.go:164)", "github.com/fil-forge/ingot/testing.smokeHarness (/home/runner/work/ingot/ingot/testing/smoke_test.go:41)", "github.com/fil-forge/ingot/testing.TestSmoke_DeleteObject (/home/runner/work/ingot/ingot/testing/smoke_test.go:243)", "testing.tRunner (/opt/hostedtoolcache/go/1.25.7/x64/src/testing/testing.go:1934)"], "moduletrace": ["github.com/fil-forge/ingot/testing.StartHarness (/home/runner/work/ingot/ingot/testing/harness.go:164)", "github.com/fil-forge/ingot/testing.StartHarness (/home/runner/work/ingot/ingot/testing/harness.go:142)"], "type": "registry.LocationStore"}
    logger.go:146: 2026-07-02T18:54:28.943Z	INFO	provided	{"constructor": "fx.Annotate(github.com/fil-forge/ingot/testing.StartHarness.func5(), fx.As([[registry.BlobRefStore]])", "stacktrace": ["github.com/fil-forge/ingot/testing.StartHarness (/home/runner/work/ingot/ingot/testing/harness.go:164)", "github.com/fil-forge/ingot/testing.smokeHarness (/home/runner/work/ingot/ingot/testing/smoke_test.go:41)", "github.com/fil-forge/ingot/testing.TestSmoke_DeleteObject (/home/runner/work/ingot/ingot/testing/smoke_test.go:243)", "testing.tRunner (/opt/hostedtoolcache/go/1.25.7/x64/src/testing/testing.go:1934)"], "moduletrace": ["github.com/fil-forge/ingot/testing.StartHarness (/home/runner/work/ingot/ingot/testing/harness.go:164)", "github.com/fil-forge/ingot/testing.StartHarness (/home/runner/work/ingot/ingot/testing/harness.go:142)"], "type": "registry.BlobRefStore"}
    logger.go:146: 2026-07-02T18:54:28.943Z	INFO	provided	{"constructor": "fx.Annotate(github.com/fil-forge/ingot/testing.StartHarness.func6(), fx.As([[registry.GCStore]])", "stacktrace": ["github.com/fil-forge/ingot/testing.StartHarness (/home/runner/work/ingot/ingot/testing/harness.go:164)", "github.com/fil-forge/ingot/testing.smokeHarness (/home/runner/work/ingot/ingot/testing/smoke_test.go:41)", "github.com/fil-forge/ingot/testing.TestSmoke_DeleteObject (/home/runner/work/ingot/ingot/testing/smoke_test.go:243)", "testing.tRunner (/opt/hostedtoolcache/go/1.25.7/x64/src/testing/testing.go:1934)"], "moduletrace": ["github.com/fil-forge/ingot/testing.StartHarness (/home/runner/work/ingot/ingot/testing/harness.go:164)", "github.com/fil-forge/ingot/testing.StartHarness (/home/runner/work/ingot/ingot/testing/harness.go:142)"], "type": "registry.GCStore"}
    logger.go:146: 2026-07-02T18:54:28.943Z	INFO	provided	{"constructor": "fx.Annotate(github.com/fil-forge/ingot/testing.StartHarness.func7(), fx.As([[registry.MultipartStore]])", "stacktrace": ["github.com/fil-forge/ingot/testing.StartHarness (/home/runner/work/ingot/ingot/testing/harness.go:164)", "github.com/fil-forge/ingot/testing.smokeHarness (/home/runner/work/ingot/ingot/testing/smoke_test.go:41)", "github.com/fil-forge/ingot/testing.TestSmoke_DeleteObject (/home/runner/work/ingot/ingot/testing/smoke_test.go:243)", "testing.tRunner (/opt/hostedtoolcache/go/1.25.7/x64/src/testing/testing.go:1934)"], "moduletrace": ["github.com/fil-forge/ingot/testing.StartHarness (/home/runner/work/ingot/ingot/testing/harness.go:164)", "github.com/fil-forge/ingot/testing.StartHarness (/home/runner/work/ingot/ingot/testing/harness.go:142)"], "type": "registry.MultipartStore"}
    logger.go:146: 2026-07-02T18:54:28.943Z	INFO	provided	{"constructor": "fx.Annotate(github.com/fil-forge/ingot/testing.StartHarness.func8(), fx.As([[logstore.Meta]])", "stacktrace": ["github.com/fil-forge/ingot/testing.StartHarness (/home/runner/work/ingot/ingot/testing/harness.go:164)", "github.com/fil-forge/ingot/testing.smokeHarness (/home/runner/work/ingot/ingot/testing/smoke_test.go:41)", "github.com/fil-forge/ingot/testing.TestSmoke_DeleteObject (/home/runner/work/ingot/ingot/testing/smoke_test.go:243)", "testing.tRunner (/opt/hostedtoolcache/go/1.25.7/x64/src/testing/testing.go:1934)"], "moduletrace": ["github.com/fil-forge/ingot/testing.StartHarness (/home/runner/work/ingot/ingot/testing/harness.go:164)", "github.com/fil-forge/ingot/testing.StartHarness (/home/runner/work/ingot/ingot/testing/harness.go:142)"], "type": "logstore.Meta"}
    logger.go:146: 2026-07-02T18:54:28.943Z	INFO	provided	{"constructor": "fx.Annotate(github.com/fil-forge/ingot/testing.StartHarness.func9(), fx.As([[blockstore.BlockReader]])", "stacktrace": ["github.com/fil-forge/ingot/testing.StartHarness (/home/runner/work/ingot/ingot/testing/harness.go:164)", "github.com/fil-forge/ingot/testing.smokeHarness (/home/runner/work/ingot/ingot/testing/smoke_test.go:41)", "github.com/fil-forge/ingot/testing.TestSmoke_DeleteObject (/home/runner/work/ingot/ingot/testing/smoke_test.go:243)", "testing.tRunner (/opt/hostedtoolcache/go/1.25.7/x64/src/testing/testing.go:1934)"], "moduletrace": ["github.com/fil-forge/ingot/testing.StartHarness (/home/runner/work/ingot/ingot/testing/harness.go:164)", "github.com/fil-forge/ingot/testing.StartHarness (/home/runner/work/ingot/ingot/testing/harness.go:142)"], "type": "blockstore.BlockReader"}
    logger.go:146: 2026-07-02T18:54:28.943Z	INFO	provided	{"constructor": "fx.Annotate(github.com/fil-forge/ingot/testing.StartHarness.func10(), fx.As([[uploader.Uploader]])", "stacktrace": ["github.com/fil-forge/ingot/testing.StartHarness (/home/runner/work/ingot/ingot/testing/harness.go:164)", "github.com/fil-forge/ingot/testing.smokeHarness (/home/runner/work/ingot/ingot/testing/smoke_test.go:41)", "github.com/fil-forge/ingot/testing.TestSmoke_DeleteObject (/home/runner/work/ingot/ingot/testing/smoke_test.go:243)", "testing.tRunner (/opt/hostedtoolcache/go/1.25.7/x64/src/testing/testing.go:1934)"], "moduletrace": ["github.com/fil-forge/ingot/testing.StartHarness (/home/runner/work/ingot/ingot/testing/harness.go:164)", "github.com/fil-forge/ingot/testing.StartHarness (/home/runner/work/ingot/ingot/testing/harness.go:142)"], "type": "uploader.Uploader"}
    logger.go:146: 2026-07-02T18:54:28.943Z	INFO	provided	{"constructor": "fx.Annotate(github.com/fil-forge/ingot/testing.StartHarness.func11(), fx.As([[uploader.BodyUploader]])", "stacktrace": ["github.com/fil-forge/ingot/testing.StartHarness (/home/runner/work/ingot/ingot/testing/harness.go:164)", "github.com/fil-forge/ingot/testing.smokeHarness (/home/runner/work/ingot/ingot/testing/smoke_test.go:41)", "github.com/fil-forge/ingot/testing.TestSmoke_DeleteObject (/home/runner/work/ingot/ingot/testing/smoke_test.go:243)", "testing.tRunner (/opt/hostedtoolcache/go/1.25.7/x64/src/testing/testing.go:1934)"], "moduletrace": ["github.com/fil-forge/ingot/testing.StartHarness (/home/runner/work/ingot/ingot/testing/harness.go:164)", "github.com/fil-forge/ingot/testing.StartHarness (/home/runner/work/ingot/ingot/testing/harness.go:142)"], "type": "uploader.BodyUploader"}
    logger.go:146: 2026-07-02T18:54:28.943Z	INFO	provided	{"constructor": "fx.Annotate(github.com/fil-forge/ingot/testing.StartHarness.func12(), fx.As([[uploader.BlobRemover]])", "stacktrace": ["github.com/fil-forge/ingot/testing.StartHarness (/home/runner/work/ingot/ingot/testing/harness.go:164)", "github.com/fil-forge/ingot/testing.smokeHarness (/home/runner/work/ingot/ingot/testing/smoke_test.go:41)", "github.com/fil-forge/ingot/testing.TestSmoke_DeleteObject (/home/runner/work/ingot/ingot/testing/smoke_test.go:243)", "testing.tRunner (/opt/hostedtoolcache/go/1.25.7/x64/src/testing/testing.go:1934)"], "moduletrace": ["github.com/fil-forge/ingot/testing.StartHarness (/home/runner/work/ingot/ingot/testing/harness.go:164)", "github.com/fil-forge/ingot/testing.StartHarness (/home/runner/work/ingot/ingot/testing/harness.go:142)"], "type": "uploader.BlobRemover"}
    logger.go:146: 2026-07-02T18:54:28.943Z	INFO	initialized custom fxevent.Logger	{"function": "github.com/fil-forge/ingot/testing.StartHarness.func1()"}
    logger.go:146: 2026-07-02T18:54:28.943Z	INFO	invoking	{"function": "github.com/fil-forge/ingot.registerServerLifecycle()", "module": "ingot-server"}
    logger.go:146: 2026-07-02T18:54:28.944Z	INFO	before run	{"name": "go.uber.org/fx.New.func1()", "kind": "provide"}
    logger.go:146: 2026-07-02T18:54:28.944Z	INFO	run	{"name": "go.uber.org/fx.New.func1()", "kind": "provide", "runtime": "12.854µs"}
    logger.go:146: 2026-07-02T18:54:28.944Z	INFO	before run	{"name": "stub(ingot.ServerConfig)", "kind": "supply"}
    logger.go:146: 2026-07-02T18:54:28.944Z	INFO	run	{"name": "stub(ingot.ServerConfig)", "kind": "supply", "runtime": "19.917µs"}
    logger.go:146: 2026-07-02T18:54:28.944Z	INFO	before run	{"name": "stub(*zap.Logger)", "kind": "supply"}
    logger.go:146: 2026-07-02T18:54:28.944Z	INFO	run	{"name": "stub(*zap.Logger)", "kind": "supply", "runtime": "10.74µs"}
    logger.go:146: 2026-07-02T18:54:28.944Z	INFO	before run	{"name": "fx.Annotate(github.com/fil-forge/ingot/testing.StartHarness.func9(), fx.As([[blockstore.BlockReader]])", "kind": "provide"}
    logger.go:146: 2026-07-02T18:54:28.944Z	INFO	run	{"name": "fx.Annotate(github.com/fil-forge/ingot/testing.StartHarness.func9(), fx.As([[blockstore.BlockReader]])", "kind": "provide", "runtime": "59.38µs"}
    logger.go:146: 2026-07-02T18:54:28.944Z	INFO	before run	{"name": "fx.Annotate(github.com/fil-forge/ingot/testing.StartHarness.func10(), fx.As([[uploader.Uploader]])", "kind": "provide"}
    logger.go:146: 2026-07-02T18:54:28.944Z	INFO	run	{"name": "fx.Annotate(github.com/fil-forge/ingot/testing.StartHarness.func10(), fx.As([[uploader.Uploader]])", "kind": "provide", "runtime": "27.872µs"}
    logger.go:146: 2026-07-02T18:54:28.944Z	INFO	before run	{"name": "fx.Annotate(github.com/fil-forge/ingot/testing.StartHarness.func11(), fx.As([[uploader.BodyUploader]])", "kind": "provide"}
    logger.go:146: 2026-07-02T18:54:28.944Z	INFO	run	{"name": "fx.Annotate(github.com/fil-forge/ingot/testing.StartHarness.func11(), fx.As([[uploader.BodyUploader]])", "kind": "provide", "runtime": "31.278µs"}
    logger.go:146: 2026-07-02T18:54:28.944Z	INFO	before run	{"name": "fx.Annotate(github.com/fil-forge/ingot/testing.StartHarness.func12(), fx.As([[uploader.BlobRemover]])", "kind": "provide"}
    logger.go:146: 2026-07-02T18:54:28.944Z	INFO	run	{"name": "fx.Annotate(github.com/fil-forge/ingot/testing.StartHarness.func12(), fx.As([[uploader.BlobRemover]])", "kind": "provide", "runtime": "29.125µs"}
    logger.go:146: 2026-07-02T18:54:28.945Z	INFO	before run	{"name": "fx.Annotate(github.com/fil-forge/ingot/testing.StartHarness.func2(), fx.As([[registry.Registry]])", "kind": "provide"}
    logger.go:146: 2026-07-02T18:54:28.945Z	INFO	run	{"name": "fx.Annotate(github.com/fil-forge/ingot/testing.StartHarness.func2(), fx.As([[registry.Registry]])", "kind": "provide", "runtime": "25.728µs"}
    logger.go:146: 2026-07-02T18:54:28.945Z	INFO	before run	{"name": "fx.Annotate(github.com/fil-forge/ingot/testing.StartHarness.func3(), fx.As([[registry.IntentStore]])", "kind": "provide"}
    logger.go:146: 2026-07-02T18:54:28.945Z	INFO	run	{"name": "fx.Annotate(github.com/fil-forge/ingot/testing.StartHarness.func3(), fx.As([[registry.IntentStore]])", "kind": "provide", "runtime": "33.052µs"}
    logger.go:146: 2026-07-02T18:54:28.945Z	INFO	before run	{"name": "fx.Annotate(github.com/fil-forge/ingot/testing.StartHarness.func4(), fx.As([[registry.LocationStore]])", "kind": "provide"}
    logger.go:146: 2026-07-02T18:54:28.945Z	INFO	run	{"name": "fx.Annotate(github.com/fil-forge/ingot/testing.StartHarness.func4(), fx.As([[registry.LocationStore]])", "kind": "provide", "runtime": "35.116µs"}
    logger.go:146: 2026-07-02T18:54:28.945Z	INFO	before run	{"name": "fx.Annotate(github.com/fil-forge/ingot/testing.StartHarness.func5(), fx.As([[registry.BlobRefStore]])", "kind": "provide"}
    logger.go:146: 2026-07-02T18:54:28.945Z	INFO	run	{"name": "fx.Annotate(github.com/fil-forge/ingot/testing.StartHarness.func5(), fx.As([[registry.BlobRefStore]])", "kind": "provide", "runtime": "21.82µs"}
    logger.go:146: 2026-07-02T18:54:28.945Z	INFO	before run	{"name": "fx.Annotate(github.com/fil-forge/ingot/testing.StartHarness.func6(), fx.As([[registry.GCStore]])", "kind": "provide"}
    logger.go:146: 2026-07-02T18:54:28.945Z	INFO	run	{"name": "fx.Annotate(github.com/fil-forge/ingot/testing.StartHarness.func6(), fx.As([[registry.GCStore]])", "kind": "provide", "runtime": "26.78µs"}
    logger.go:146: 2026-07-02T18:54:28.945Z	INFO	before run	{"name": "fx.Annotate(github.com/fil-forge/ingot/testing.StartHarness.func7(), fx.As([[registry.MultipartStore]])", "kind": "provide"}
    logger.go:146: 2026-07-02T18:54:28.945Z	INFO	run	{"name": "fx.Annotate(github.com/fil-forge/ingot/testing.StartHarness.func7(), fx.As([[registry.MultipartStore]])", "kind": "provide", "runtime": "34.333µs"}
    logger.go:146: 2026-07-02T18:54:28.945Z	INFO	before run	{"name": "fx.Annotate(github.com/fil-forge/ingot/testing.StartHarness.func8(), fx.As([[logstore.Meta]])", "kind": "provide"}
    logger.go:146: 2026-07-02T18:54:28.945Z	INFO	run	{"name": "fx.Annotate(github.com/fil-forge/ingot/testing.StartHarness.func8(), fx.As([[logstore.Meta]])", "kind": "provide", "runtime": "34.584µs"}
    logger.go:146: 2026-07-02T18:54:28.946Z	INFO	OnStart hook executing	{"callee": "github.com/fil-forge/ingot.registerServerLifecycle.func1()", "caller": "github.com/fil-forge/ingot.registerServerLifecycle"}
    logger.go:146: 2026-07-02T18:54:28.947Z	INFO	starting ingot S3 listener	{"addr": "127.0.0.1:33311", "region": "us-east-1", "data_dir": "/tmp/ingot-harness-1765402998", "max_blob_size": 268435456}
    logger.go:146: 2026-07-02T18:54:28.947Z	INFO	OnStart hook executed	{"callee": "github.com/fil-forge/ingot.registerServerLifecycle.func1()", "caller": "github.com/fil-forge/ingot.registerServerLifecycle", "runtime": "1.442857ms"}
    logger.go:146: 2026-07-02T18:54:28.947Z	INFO	started
=== RUN   TestSmoke_DeleteObject/conditional_writes
RUN  DeleteObject_conditional_writes
PASS DeleteObject_conditional_writes
=== RUN   TestSmoke_DeleteObject/directory_object
RUN  DeleteObject_directory_object
PASS DeleteObject_directory_object
=== RUN   TestSmoke_DeleteObject/directory_object_noslash
RUN  DeleteObject_directory_object_noslash
PASS DeleteObject_directory_object_noslash
=== RUN   TestSmoke_DeleteObject/expected_bucket_owner
RUN  DeleteObject_expected_bucket_owner
PASS DeleteObject_expected_bucket_owner
=== RUN   TestSmoke_DeleteObject/incorrect_expected_bucket_owner
RUN  DeleteObject_incorrect_expected_bucket_owner
PASS DeleteObject_incorrect_expected_bucket_owner
=== RUN   TestSmoke_DeleteObject/non_empty_dir_obj
RUN  DeleteObject_non_empty_dir_obj
PASS DeleteObject_non_empty_dir_obj
=== RUN   TestSmoke_DeleteObject/non_existing_dir_object
RUN  DeleteObject_non_existing_dir_object
PASS DeleteObject_non_existing_dir_object
=== RUN   TestSmoke_DeleteObject/non_existing_object
RUN  DeleteObject_non_existing_object
PASS DeleteObject_non_existing_object
=== RUN   TestSmoke_DeleteObject/success
RUN  DeleteObject_success
PASS DeleteObject_success
=== RUN   TestSmoke_DeleteObject/success_status_code
RUN  DeleteObject_success_status_code
PASS DeleteObject_success_status_code
=== NAME  TestSmoke_DeleteObject
    logger.go:146: 2026-07-02T18:54:29.097Z	INFO	OnStop hook executing	{"callee": "github.com/fil-forge/ingot.registerServerLifecycle.func2()", "caller": "github.com/fil-forge/ingot.registerServerLifecycle"}
    logger.go:146: 2026-07-02T18:54:29.097Z	INFO	shutting down ingot S3 listener
    logger.go:146: 2026-07-02T18:54:29.097Z	ERROR	ingot listener error	{"error": "listener closed"}
    logger.go:146: 2026-07-02T18:54:29.098Z	INFO	OnStop hook executed	{"callee": "github.com/fil-forge/ingot.registerServerLifecycle.func2()", "caller": "github.com/fil-forge/ingot.registerServerLifecycle", "runtime": "1.056848ms"}
--- PASS: TestSmoke_DeleteObject (0.16s)
    --- PASS: TestSmoke_DeleteObject/conditional_writes (0.08s)
    --- PASS: TestSmoke_DeleteObject/directory_object (0.01s)
    --- PASS: TestSmoke_DeleteObject/directory_object_noslash (0.01s)
    --- PASS: TestSmoke_DeleteObject/expected_bucket_owner (0.00s)
    --- PASS: TestSmoke_DeleteObject/incorrect_expected_bucket_owner (0.01s)
    --- PASS: TestSmoke_DeleteObject/non_empty_dir_obj (0.01s)
    --- PASS: TestSmoke_DeleteObject/non_existing_dir_object (0.01s)
    --- PASS: TestSmoke_DeleteObject/non_existing_object (0.00s)
    --- PASS: TestSmoke_DeleteObject/success (0.01s)
    --- PASS: TestSmoke_DeleteObject/success_status_code (0.01s)
=== RUN   TestSmoke_DeleteBucket
    logger.go:146: 2026-07-02T18:54:29.101Z	INFO	provided	{"constructor": "go.uber.org/fx.New.func1()", "stacktrace": ["go.uber.org/fx.New (/home/runner/go/pkg/mod/go.uber.org/fx@v1.24.0/app.go:481)", "github.com/fil-forge/ingot/testing.StartHarness (/home/runner/work/ingot/ingot/testing/harness.go:142)", "github.com/fil-forge/ingot/testing.smokeHarness (/home/runner/work/ingot/ingot/testing/smoke_test.go:41)", "github.com/fil-forge/ingot/testing.TestSmoke_DeleteBucket (/home/runner/work/ingot/ingot/testing/smoke_test.go:112)", "testing.tRunner (/opt/hostedtoolcache/go/1.25.7/x64/src/testing/testing.go:1934)"], "moduletrace": ["go.uber.org/fx.New (/home/runner/go/pkg/mod/go.uber.org/fx@v1.24.0/app.go:481)", "github.com/fil-forge/ingot/testing.StartHarness (/home/runner/work/ingot/ingot/testing/harness.go:142)"], "type": "fx.Lifecycle"}
    logger.go:146: 2026-07-02T18:54:29.101Z	INFO	provided	{"constructor": "go.uber.org/fx.(*App).shutdowner-fm()", "stacktrace": ["go.uber.org/fx.New (/home/runner/go/pkg/mod/go.uber.org/fx@v1.24.0/app.go:481)", "github.com/fil-forge/ingot/testing.StartHarness (/home/runner/work/ingot/ingot/testing/harness.go:142)", "github.com/fil-forge/ingot/testing.smokeHarness (/home/runner/work/ingot/ingot/testing/smoke_test.go:41)", "github.com/fil-forge/ingot/testing.TestSmoke_DeleteBucket (/home/runner/work/ingot/ingot/testing/smoke_test.go:112)", "testing.tRunner (/opt/hostedtoolcache/go/1.25.7/x64/src/testing/testing.go:1934)"], "moduletrace": ["go.uber.org/fx.New (/home/runner/go/pkg/mod/go.uber.org/fx@v1.24.0/app.go:481)", "github.com/fil-forge/ingot/testing.StartHarness (/home/runner/work/ingot/ingot/testing/harness.go:142)"], "type": "fx.Shutdowner"}
    logger.go:146: 2026-07-02T18:54:29.101Z	INFO	provided	{"constructor": "go.uber.org/fx.(*App).dotGraph-fm()", "stacktrace": ["go.uber.org/fx.New (/home/runner/go/pkg/mod/go.uber.org/fx@v1.24.0/app.go:481)", "github.com/fil-forge/ingot/testing.StartHarness (/home/runner/work/ingot/ingot/testing/harness.go:142)", "github.com/fil-forge/ingot/testing.smokeHarness (/home/runner/work/ingot/ingot/testing/smoke_test.go:41)", "github.com/fil-forge/ingot/testing.TestSmoke_DeleteBucket (/home/runner/work/ingot/ingot/testing/smoke_test.go:112)", "testing.tRunner (/opt/hostedtoolcache/go/1.25.7/x64/src/testing/testing.go:1934)"], "moduletrace": ["go.uber.org/fx.New (/home/runner/go/pkg/mod/go.uber.org/fx@v1.24.0/app.go:481)", "github.com/fil-forge/ingot/testing.StartHarness (/home/runner/work/ingot/ingot/testing/harness.go:142)"], "type": "fx.DotGraph"}
    logger.go:146: 2026-07-02T18:54:29.101Z	INFO	supplied	{"type": "*zap.Logger", "stacktrace": ["github.com/fil-forge/ingot/testing.StartHarness (/home/runner/work/ingot/ingot/testing/harness.go:146)", "github.com/fil-forge/ingot/testing.smokeHarness (/home/runner/work/ingot/ingot/testing/smoke_test.go:41)", "github.com/fil-forge/ingot/testing.TestSmoke_DeleteBucket (/home/runner/work/ingot/ingot/testing/smoke_test.go:112)", "testing.tRunner (/opt/hostedtoolcache/go/1.25.7/x64/src/testing/testing.go:1934)"], "moduletrace": ["github.com/fil-forge/ingot/testing.StartHarness (/home/runner/work/ingot/ingot/testing/harness.go:146)", "github.com/fil-forge/ingot/testing.StartHarness (/home/runner/work/ingot/ingot/testing/harness.go:142)"]}
    logger.go:146: 2026-07-02T18:54:29.101Z	INFO	supplied	{"type": "ingot.ServerConfig", "stacktrace": ["github.com/fil-forge/ingot/testing.StartHarness (/home/runner/work/ingot/ingot/testing/harness.go:147)", "github.com/fil-forge/ingot/testing.smokeHarness (/home/runner/work/ingot/ingot/testing/smoke_test.go:41)", "github.com/fil-forge/ingot/testing.TestSmoke_DeleteBucket (/home/runner/work/ingot/ingot/testing/smoke_test.go:112)", "testing.tRunner (/opt/hostedtoolcache/go/1.25.7/x64/src/testing/testing.go:1934)"], "moduletrace": ["github.com/fil-forge/ingot/testing.StartHarness (/home/runner/work/ingot/ingot/testing/harness.go:147)", "github.com/fil-forge/ingot/testing.StartHarness (/home/runner/work/ingot/ingot/testing/harness.go:142)"]}
    logger.go:146: 2026-07-02T18:54:29.101Z	INFO	provided	{"constructor": "fx.Annotate(github.com/fil-forge/ingot/testing.StartHarness.func2(), fx.As([[registry.Registry]])", "stacktrace": ["github.com/fil-forge/ingot/testing.StartHarness (/home/runner/work/ingot/ingot/testing/harness.go:164)", "github.com/fil-forge/ingot/testing.smokeHarness (/home/runner/work/ingot/ingot/testing/smoke_test.go:41)", "github.com/fil-forge/ingot/testing.TestSmoke_DeleteBucket (/home/runner/work/ingot/ingot/testing/smoke_test.go:112)", "testing.tRunner (/opt/hostedtoolcache/go/1.25.7/x64/src/testing/testing.go:1934)"], "moduletrace": ["github.com/fil-forge/ingot/testing.StartHarness (/home/runner/work/ingot/ingot/testing/harness.go:164)", "github.com/fil-forge/ingot/testing.StartHarness (/home/runner/work/ingot/ingot/testing/harness.go:142)"], "type": "registry.Registry"}
    logger.go:146: 2026-07-02T18:54:29.101Z	INFO	provided	{"constructor": "fx.Annotate(github.com/fil-forge/ingot/testing.StartHarness.func3(), fx.As([[registry.IntentStore]])", "stacktrace": ["github.com/fil-forge/ingot/testing.StartHarness (/home/runner/work/ingot/ingot/testing/harness.go:164)", "github.com/fil-forge/ingot/testing.smokeHarness (/home/runner/work/ingot/ingot/testing/smoke_test.go:41)", "github.com/fil-forge/ingot/testing.TestSmoke_DeleteBucket (/home/runner/work/ingot/ingot/testing/smoke_test.go:112)", "testing.tRunner (/opt/hostedtoolcache/go/1.25.7/x64/src/testing/testing.go:1934)"], "moduletrace": ["github.com/fil-forge/ingot/testing.StartHarness (/home/runner/work/ingot/ingot/testing/harness.go:164)", "github.com/fil-forge/ingot/testing.StartHarness (/home/runner/work/ingot/ingot/testing/harness.go:142)"], "type": "registry.IntentStore"}
    logger.go:146: 2026-07-02T18:54:29.101Z	INFO	provided	{"constructor": "fx.Annotate(github.com/fil-forge/ingot/testing.StartHarness.func4(), fx.As([[registry.LocationStore]])", "stacktrace": ["github.com/fil-forge/ingot/testing.StartHarness (/home/runner/work/ingot/ingot/testing/harness.go:164)", "github.com/fil-forge/ingot/testing.smokeHarness (/home/runner/work/ingot/ingot/testing/smoke_test.go:41)", "github.com/fil-forge/ingot/testing.TestSmoke_DeleteBucket (/home/runner/work/ingot/ingot/testing/smoke_test.go:112)", "testing.tRunner (/opt/hostedtoolcache/go/1.25.7/x64/src/testing/testing.go:1934)"], "moduletrace": ["github.com/fil-forge/ingot/testing.StartHarness (/home/runner/work/ingot/ingot/testing/harness.go:164)", "github.com/fil-forge/ingot/testing.StartHarness (/home/runner/work/ingot/ingot/testing/harness.go:142)"], "type": "registry.LocationStore"}
    logger.go:146: 2026-07-02T18:54:29.102Z	INFO	provided	{"constructor": "fx.Annotate(github.com/fil-forge/ingot/testing.StartHarness.func5(), fx.As([[registry.BlobRefStore]])", "stacktrace": ["github.com/fil-forge/ingot/testing.StartHarness (/home/runner/work/ingot/ingot/testing/harness.go:164)", "github.com/fil-forge/ingot/testing.smokeHarness (/home/runner/work/ingot/ingot/testing/smoke_test.go:41)", "github.com/fil-forge/ingot/testing.TestSmoke_DeleteBucket (/home/runner/work/ingot/ingot/testing/smoke_test.go:112)", "testing.tRunner (/opt/hostedtoolcache/go/1.25.7/x64/src/testing/testing.go:1934)"], "moduletrace": ["github.com/fil-forge/ingot/testing.StartHarness (/home/runner/work/ingot/ingot/testing/harness.go:164)", "github.com/fil-forge/ingot/testing.StartHarness (/home/runner/work/ingot/ingot/testing/harness.go:142)"], "type": "registry.BlobRefStore"}
    logger.go:146: 2026-07-02T18:54:29.102Z	INFO	provided	{"constructor": "fx.Annotate(github.com/fil-forge/ingot/testing.StartHarness.func6(), fx.As([[registry.GCStore]])", "stacktrace": ["github.com/fil-forge/ingot/testing.StartHarness (/home/runner/work/ingot/ingot/testing/harness.go:164)", "github.com/fil-forge/ingot/testing.smokeHarness (/home/runner/work/ingot/ingot/testing/smoke_test.go:41)", "github.com/fil-forge/ingot/testing.TestSmoke_DeleteBucket (/home/runner/work/ingot/ingot/testing/smoke_test.go:112)", "testing.tRunner (/opt/hostedtoolcache/go/1.25.7/x64/src/testing/testing.go:1934)"], "moduletrace": ["github.com/fil-forge/ingot/testing.StartHarness (/home/runner/work/ingot/ingot/testing/harness.go:164)", "github.com/fil-forge/ingot/testing.StartHarness (/home/runner/work/ingot/ingot/testing/harness.go:142)"], "type": "registry.GCStore"}
    logger.go:146: 2026-07-02T18:54:29.102Z	INFO	provided	{"constructor": "fx.Annotate(github.com/fil-forge/ingot/testing.StartHarness.func7(), fx.As([[registry.MultipartStore]])", "stacktrace": ["github.com/fil-forge/ingot/testing.StartHarness (/home/runner/work/ingot/ingot/testing/harness.go:164)", "github.com/fil-forge/ingot/testing.smokeHarness (/home/runner/work/ingot/ingot/testing/smoke_test.go:41)", "github.com/fil-forge/ingot/testing.TestSmoke_DeleteBucket (/home/runner/work/ingot/ingot/testing/smoke_test.go:112)", "testing.tRunner (/opt/hostedtoolcache/go/1.25.7/x64/src/testing/testing.go:1934)"], "moduletrace": ["github.com/fil-forge/ingot/testing.StartHarness (/home/runner/work/ingot/ingot/testing/harness.go:164)", "github.com/fil-forge/ingot/testing.StartHarness (/home/runner/work/ingot/ingot/testing/harness.go:142)"], "type": "registry.MultipartStore"}
    logger.go:146: 2026-07-02T18:54:29.102Z	INFO	provided	{"constructor": "fx.Annotate(github.com/fil-forge/ingot/testing.StartHarness.func8(), fx.As([[logstore.Meta]])", "stacktrace": ["github.com/fil-forge/ingot/testing.StartHarness (/home/runner/work/ingot/ingot/testing/harness.go:164)", "github.com/fil-forge/ingot/testing.smokeHarness (/home/runner/work/ingot/ingot/testing/smoke_test.go:41)", "github.com/fil-forge/ingot/testing.TestSmoke_DeleteBucket (/home/runner/work/ingot/ingot/testing/smoke_test.go:112)", "testing.tRunner (/opt/hostedtoolcache/go/1.25.7/x64/src/testing/testing.go:1934)"], "moduletrace": ["github.com/fil-forge/ingot/testing.StartHarness (/home/runner/work/ingot/ingot/testing/harness.go:164)", "github.com/fil-forge/ingot/testing.StartHarness (/home/runner/work/ingot/ingot/testing/harness.go:142)"], "type": "logstore.Meta"}
    logger.go:146: 2026-07-02T18:54:29.102Z	INFO	provided	{"constructor": "fx.Annotate(github.com/fil-forge/ingot/testing.StartHarness.func9(), fx.As([[blockstore.BlockReader]])", "stacktrace": ["github.com/fil-forge/ingot/testing.StartHarness (/home/runner/work/ingot/ingot/testing/harness.go:164)", "github.com/fil-forge/ingot/testing.smokeHarness (/home/runner/work/ingot/ingot/testing/smoke_test.go:41)", "github.com/fil-forge/ingot/testing.TestSmoke_DeleteBucket (/home/runner/work/ingot/ingot/testing/smoke_test.go:112)", "testing.tRunner (/opt/hostedtoolcache/go/1.25.7/x64/src/testing/testing.go:1934)"], "moduletrace": ["github.com/fil-forge/ingot/testing.StartHarness (/home/runner/work/ingot/ingot/testing/harness.go:164)", "github.com/fil-forge/ingot/testing.StartHarness (/home/runner/work/ingot/ingot/testing/harness.go:142)"], "type": "blockstore.BlockReader"}
    logger.go:146: 2026-07-02T18:54:29.102Z	INFO	provided	{"constructor": "fx.Annotate(github.com/fil-forge/ingot/testing.StartHarness.func10(), fx.As([[uploader.Uploader]])", "stacktrace": ["github.com/fil-forge/ingot/testing.StartHarness (/home/runner/work/ingot/ingot/testing/harness.go:164)", "github.com/fil-forge/ingot/testing.smokeHarness (/home/runner/work/ingot/ingot/testing/smoke_test.go:41)", "github.com/fil-forge/ingot/testing.TestSmoke_DeleteBucket (/home/runner/work/ingot/ingot/testing/smoke_test.go:112)", "testing.tRunner (/opt/hostedtoolcache/go/1.25.7/x64/src/testing/testing.go:1934)"], "moduletrace": ["github.com/fil-forge/ingot/testing.StartHarness (/home/runner/work/ingot/ingot/testing/harness.go:164)", "github.com/fil-forge/ingot/testing.StartHarness (/home/runner/work/ingot/ingot/testing/harness.go:142)"], "type": "uploader.Uploader"}
    logger.go:146: 2026-07-02T18:54:29.102Z	INFO	provided	{"constructor": "fx.Annotate(github.com/fil-forge/ingot/testing.StartHarness.func11(), fx.As([[uploader.BodyUploader]])", "stacktrace": ["github.com/fil-forge/ingot/testing.StartHarness (/home/runner/work/ingot/ingot/testing/harness.go:164)", "github.com/fil-forge/ingot/testing.smokeHarness (/home/runner/work/ingot/ingot/testing/smoke_test.go:41)", "github.com/fil-forge/ingot/testing.TestSmoke_DeleteBucket (/home/runner/work/ingot/ingot/testing/smoke_test.go:112)", "testing.tRunner (/opt/hostedtoolcache/go/1.25.7/x64/src/testing/testing.go:1934)"], "moduletrace": ["github.com/fil-forge/ingot/testing.StartHarness (/home/runner/work/ingot/ingot/testing/harness.go:164)", "github.com/fil-forge/ingot/testing.StartHarness (/home/runner/work/ingot/ingot/testing/harness.go:142)"], "type": "uploader.BodyUploader"}
    logger.go:146: 2026-07-02T18:54:29.102Z	INFO	provided	{"constructor": "fx.Annotate(github.com/fil-forge/ingot/testing.StartHarness.func12(), fx.As([[uploader.BlobRemover]])", "stacktrace": ["github.com/fil-forge/ingot/testing.StartHarness (/home/runner/work/ingot/ingot/testing/harness.go:164)", "github.com/fil-forge/ingot/testing.smokeHarness (/home/runner/work/ingot/ingot/testing/smoke_test.go:41)", "github.com/fil-forge/ingot/testing.TestSmoke_DeleteBucket (/home/runner/work/ingot/ingot/testing/smoke_test.go:112)", "testing.tRunner (/opt/hostedtoolcache/go/1.25.7/x64/src/testing/testing.go:1934)"], "moduletrace": ["github.com/fil-forge/ingot/testing.StartHarness (/home/runner/work/ingot/ingot/testing/harness.go:164)", "github.com/fil-forge/ingot/testing.StartHarness (/home/runner/work/ingot/ingot/testing/harness.go:142)"], "type": "uploader.BlobRemover"}
    logger.go:146: 2026-07-02T18:54:29.102Z	INFO	initialized custom fxevent.Logger	{"function": "github.com/fil-forge/ingot/testing.StartHarness.func1()"}
    logger.go:146: 2026-07-02T18:54:29.102Z	INFO	invoking	{"function": "github.com/fil-forge/ingot.registerServerLifecycle()", "module": "ingot-server"}
    logger.go:146: 2026-07-02T18:54:29.102Z	INFO	before run	{"name": "go.uber.org/fx.New.func1()", "kind": "provide"}
    logger.go:146: 2026-07-02T18:54:29.102Z	INFO	run	{"name": "go.uber.org/fx.New.func1()", "kind": "provide", "runtime": "16.51µs"}
    logger.go:146: 2026-07-02T18:54:29.103Z	INFO	before run	{"name": "stub(ingot.ServerConfig)", "kind": "supply"}
    logger.go:146: 2026-07-02T18:54:29.103Z	INFO	run	{"name": "stub(ingot.ServerConfig)", "kind": "supply", "runtime": "20.838µs"}
    logger.go:146: 2026-07-02T18:54:29.103Z	INFO	before run	{"name": "stub(*zap.Logger)", "kind": "supply"}
    logger.go:146: 2026-07-02T18:54:29.103Z	INFO	run	{"name": "stub(*zap.Logger)", "kind": "supply", "runtime": "16.952µs"}
    logger.go:146: 2026-07-02T18:54:29.103Z	INFO	before run	{"name": "fx.Annotate(github.com/fil-forge/ingot/testing.StartHarness.func9(), fx.As([[blockstore.BlockReader]])", "kind": "provide"}
    logger.go:146: 2026-07-02T18:54:29.103Z	INFO	run	{"name": "fx.Annotate(github.com/fil-forge/ingot/testing.StartHarness.func9(), fx.As([[blockstore.BlockReader]])", "kind": "provide", "runtime": "66.624µs"}
    logger.go:146: 2026-07-02T18:54:29.103Z	INFO	before run	{"name": "fx.Annotate(github.com/fil-forge/ingot/testing.StartHarness.func10(), fx.As([[uploader.Uploader]])", "kind": "provide"}
    logger.go:146: 2026-07-02T18:54:29.103Z	INFO	run	{"name": "fx.Annotate(github.com/fil-forge/ingot/testing.StartHarness.func10(), fx.As([[uploader.Uploader]])", "kind": "provide", "runtime": "33.843µs"}
    logger.go:146: 2026-07-02T18:54:29.103Z	INFO	before run	{"name": "fx.Annotate(github.com/fil-forge/ingot/testing.StartHarness.func11(), fx.As([[uploader.BodyUploader]])", "kind": "provide"}
    logger.go:146: 2026-07-02T18:54:29.103Z	INFO	run	{"name": "fx.Annotate(github.com/fil-forge/ingot/testing.StartHarness.func11(), fx.As([[uploader.BodyUploader]])", "kind": "provide", "runtime": "32.861µs"}
    logger.go:146: 2026-07-02T18:54:29.103Z	INFO	before run	{"name": "fx.Annotate(github.com/fil-forge/ingot/testing.StartHarness.func12(), fx.As([[uploader.BlobRemover]])", "kind": "provide"}
    logger.go:146: 2026-07-02T18:54:29.103Z	INFO	run	{"name": "fx.Annotate(github.com/fil-forge/ingot/testing.StartHarness.func12(), fx.As([[uploader.BlobRemover]])", "kind": "provide", "runtime": "31.378µs"}
    logger.go:146: 2026-07-02T18:54:29.104Z	INFO	before run	{"name": "fx.Annotate(github.com/fil-forge/ingot/testing.StartHarness.func2(), fx.As([[registry.Registry]])", "kind": "provide"}
    logger.go:146: 2026-07-02T18:54:29.104Z	INFO	run	{"name": "fx.Annotate(github.com/fil-forge/ingot/testing.StartHarness.func2(), fx.As([[registry.Registry]])", "kind": "provide", "runtime": "40.385µs"}
    logger.go:146: 2026-07-02T18:54:29.104Z	INFO	before run	{"name": "fx.Annotate(github.com/fil-forge/ingot/testing.StartHarness.func3(), fx.As([[registry.IntentStore]])", "kind": "provide"}
    logger.go:146: 2026-07-02T18:54:29.104Z	INFO	run	{"name": "fx.Annotate(github.com/fil-forge/ingot/testing.StartHarness.func3(), fx.As([[registry.IntentStore]])", "kind": "provide", "runtime": "37.389µs"}
    logger.go:146: 2026-07-02T18:54:29.104Z	INFO	before run	{"name": "fx.Annotate(github.com/fil-forge/ingot/testing.StartHarness.func4(), fx.As([[registry.LocationStore]])", "kind": "provide"}
    logger.go:146: 2026-07-02T18:54:29.104Z	INFO	run	{"name": "fx.Annotate(github.com/fil-forge/ingot/testing.StartHarness.func4(), fx.As([[registry.LocationStore]])", "kind": "provide", "runtime": "37.98µs"}
    logger.go:146: 2026-07-02T18:54:29.104Z	INFO	before run	{"name": "fx.Annotate(github.com/fil-forge/ingot/testing.StartHarness.func5(), fx.As([[registry.BlobRefStore]])", "kind": "provide"}
    logger.go:146: 2026-07-02T18:54:29.104Z	INFO	run	{"name": "fx.Annotate(github.com/fil-forge/ingot/testing.StartHarness.func5(), fx.As([[registry.BlobRefStore]])", "kind": "provide", "runtime": "50.755µs"}
    logger.go:146: 2026-07-02T18:54:29.104Z	INFO	before run	{"name": "fx.Annotate(github.com/fil-forge/ingot/testing.StartHarness.func6(), fx.As([[registry.GCStore]])", "kind": "provide"}
    logger.go:146: 2026-07-02T18:54:29.104Z	INFO	run	{"name": "fx.Annotate(github.com/fil-forge/ingot/testing.StartHarness.func6(), fx.As([[registry.GCStore]])", "kind": "provide", "runtime": "34.334µs"}
    logger.go:146: 2026-07-02T18:54:29.104Z	INFO	before run	{"name": "fx.Annotate(github.com/fil-forge/ingot/testing.StartHarness.func7(), fx.As([[registry.MultipartStore]])", "kind": "provide"}
    logger.go:146: 2026-07-02T18:54:29.104Z	INFO	run	{"name": "fx.Annotate(github.com/fil-forge/ingot/testing.StartHarness.func7(), fx.As([[registry.MultipartStore]])", "kind": "provide", "runtime": "35.757µs"}
    logger.go:146: 2026-07-02T18:54:29.104Z	INFO	before run	{"name": "fx.Annotate(github.com/fil-forge/ingot/testing.StartHarness.func8(), fx.As([[logstore.Meta]])", "kind": "provide"}
    logger.go:146: 2026-07-02T18:54:29.105Z	INFO	run	{"name": "fx.Annotate(github.com/fil-forge/ingot/testing.StartHarness.func8(), fx.As([[logstore.Meta]])", "kind": "provide", "runtime": "38.572µs"}
    logger.go:146: 2026-07-02T18:54:29.105Z	INFO	OnStart hook executing	{"callee": "github.com/fil-forge/ingot.registerServerLifecycle.func1()", "caller": "github.com/fil-forge/ingot.registerServerLifecycle"}
    logger.go:146: 2026-07-02T18:54:29.106Z	INFO	starting ingot S3 listener	{"addr": "127.0.0.1:42583", "region": "us-east-1", "data_dir": "/tmp/ingot-harness-1547585178", "max_blob_size": 268435456}
    logger.go:146: 2026-07-02T18:54:29.107Z	INFO	OnStart hook executed	{"callee": "github.com/fil-forge/ingot.registerServerLifecycle.func1()", "caller": "github.com/fil-forge/ingot.registerServerLifecycle", "runtime": "1.597394ms"}
    logger.go:146: 2026-07-02T18:54:29.107Z	INFO	started
=== RUN   TestSmoke_DeleteBucket/incorrect_expected_bucket_owner
RUN  DeleteBucket_incorrect_expected_bucket_owner
PASS DeleteBucket_incorrect_expected_bucket_owner
=== RUN   TestSmoke_DeleteBucket/non_empty_bucket
RUN  DeleteBucket_non_empty_bucket
PASS DeleteBucket_non_empty_bucket
=== RUN   TestSmoke_DeleteBucket/non_existing_bucket
RUN  DeleteBucket_non_existing_bucket
PASS DeleteBucket_non_existing_bucket
=== RUN   TestSmoke_DeleteBucket/success_status_code
RUN  DeleteBucket_success_status_code
PASS DeleteBucket_success_status_code
=== NAME  TestSmoke_DeleteBucket
    logger.go:146: 2026-07-02T18:54:29.126Z	INFO	OnStop hook executing	{"callee": "github.com/fil-forge/ingot.registerServerLifecycle.func2()", "caller": "github.com/fil-forge/ingot.registerServerLifecycle"}
    logger.go:146: 2026-07-02T18:54:29.126Z	INFO	shutting down ingot S3 listener
    logger.go:146: 2026-07-02T18:54:29.126Z	ERROR	ingot listener error	{"error": "listener closed"}
    logger.go:146: 2026-07-02T18:54:29.127Z	INFO	OnStop hook executed	{"callee": "github.com/fil-forge/ingot.registerServerLifecycle.func2()", "caller": "github.com/fil-forge/ingot.registerServerLifecycle", "runtime": "632.235µs"}
--- PASS: TestSmoke_DeleteBucket (0.03s)
    --- PASS: TestSmoke_DeleteBucket/incorrect_expected_bucket_owner (0.01s)
    --- PASS: TestSmoke_DeleteBucket/non_empty_bucket (0.01s)
    --- PASS: TestSmoke_DeleteBucket/non_existing_bucket (0.00s)
    --- PASS: TestSmoke_DeleteBucket/success_status_code (0.00s)
=== RUN   TestRun_CapturesCaseNames
RUN  CreateBucket_invalid_bucket_name
PASS CreateBucket_invalid_bucket_name
RUN  CreateBucket_existing_bucket
FAIL CreateBucket_existing_bucket: fork/exec ./versitygw: no such file or directory
RUN  CreateBucket_owned_by_you
FAIL CreateBucket_owned_by_you: expected error to be <?xml version="1.0" encoding="UTF-8"?>
<APIError><Code>BucketAlreadyOwnedByYou</Code><Description>Your previous request to create the named bucket succeeded and you already own it.</Description><HTTPStatusCode>409</HTTPStatusCode></APIError>, instead got operation error S3: CreateBucket, https response error StatusCode: 409, RequestID: , HostID: , BucketAlreadyExists: The requested bucket name is not available. The bucket name can not be an existing collection, and the bucket namespace is shared by all users of the system. Please select a different name and try again.
RUN  CreateBucket_invalid_ownership
PASS CreateBucket_invalid_ownership
RUN  CreateBucket_ownership_with_acl
PASS CreateBucket_ownership_with_acl
RUN  CreateBucket_as_user
FAIL CreateBucket_as_user: fork/exec ./versitygw: no such file or directory
RUN  CreateBucket_default_acl
FAIL CreateBucket_default_acl: expected grants length to be 1, instead got 0
RUN  CreateBucket_non_default_acl
FAIL CreateBucket_non_default_acl: fork/exec ./versitygw: no such file or directory
RUN  CreateBucket_private_canned_acl
FAIL CreateBucket_private_canned_acl: expected grants length to be 1, instead got 0
RUN  CreateBucket_private_canned_acl_bucket_owner_enforced_ownership
FAIL CreateBucket_private_canned_acl_bucket_owner_enforced_ownership: expected grants length to be 1, instead got 0
RUN  CreateBucket_success
PASS CreateBucket_success
RUN  CreateBucket_default_object_lock
FAIL CreateBucket_default_object_lock: operation error S3: GetObjectLockConfiguration, https response error StatusCode: 404, RequestID: , HostID: , api error ObjectLockConfigurationNotFoundError: Object Lock configuration does not exist for this bucket.
RUN  CreateBucket_invalid_location_constraint
PASS CreateBucket_invalid_location_constraint
RUN  CreateBucket_long_tags
FAIL CreateBucket_long_tags: expected InvalidTag, instead got nil
RUN  CreateBucket_invalid_tags
FAIL CreateBucket_invalid_tags: test 1 failed: expected err <?xml version="1.0" encoding="UTF-8"?>
<APIError><Code>InvalidTag</Code><Description>The TagKey you have provided is invalid</Description><HTTPStatusCode>400</HTTPStatusCode></APIError>, instead got nil
RUN  CreateBucket_duplicate_keys
FAIL CreateBucket_duplicate_keys: expected InvalidTag, instead got nil
RUN  CreateBucket_tag_count_limit
FAIL CreateBucket_tag_count_limit: expected BadRequest, instead got nil
RUN  CreateBucket_invalid_canned_acl
PASS CreateBucket_invalid_canned_acl
--- PASS: TestRun_CapturesCaseNames (0.05s)
=== RUN   TestSmoke_DeleteObjects
    logger.go:146: 2026-07-02T18:54:29.181Z	INFO	provided	{"constructor": "go.uber.org/fx.New.func1()", "stacktrace": ["go.uber.org/fx.New (/home/runner/go/pkg/mod/go.uber.org/fx@v1.24.0/app.go:481)", "github.com/fil-forge/ingot/testing.StartHarness (/home/runner/work/ingot/ingot/testing/harness.go:142)", "github.com/fil-forge/ingot/testing.smokeHarness (/home/runner/work/ingot/ingot/testing/smoke_test.go:41)", "github.com/fil-forge/ingot/testing.TestSmoke_DeleteObjects (/home/runner/work/ingot/ingot/testing/smoke_test.go:409)", "testing.tRunner (/opt/hostedtoolcache/go/1.25.7/x64/src/testing/testing.go:1934)"], "moduletrace": ["go.uber.org/fx.New (/home/runner/go/pkg/mod/go.uber.org/fx@v1.24.0/app.go:481)", "github.com/fil-forge/ingot/testing.StartHarness (/home/runner/work/ingot/ingot/testing/harness.go:142)"], "type": "fx.Lifecycle"}
    logger.go:146: 2026-07-02T18:54:29.182Z	INFO	provided	{"constructor": "go.uber.org/fx.(*App).shutdowner-fm()", "stacktrace": ["go.uber.org/fx.New (/home/runner/go/pkg/mod/go.uber.org/fx@v1.24.0/app.go:481)", "github.com/fil-forge/ingot/testing.StartHarness (/home/runner/work/ingot/ingot/testing/harness.go:142)", "github.com/fil-forge/ingot/testing.smokeHarness (/home/runner/work/ingot/ingot/testing/smoke_test.go:41)", "github.com/fil-forge/ingot/testing.TestSmoke_DeleteObjects (/home/runner/work/ingot/ingot/testing/smoke_test.go:409)", "testing.tRunner (/opt/hostedtoolcache/go/1.25.7/x64/src/testing/testing.go:1934)"], "moduletrace": ["go.uber.org/fx.New (/home/runner/go/pkg/mod/go.uber.org/fx@v1.24.0/app.go:481)", "github.com/fil-forge/ingot/testing.StartHarness (/home/runner/work/ingot/ingot/testing/harness.go:142)"], "type": "fx.Shutdowner"}
    logger.go:146: 2026-07-02T18:54:29.182Z	INFO	provided	{"constructor": "go.uber.org/fx.(*App).dotGraph-fm()", "stacktrace": ["go.uber.org/fx.New (/home/runner/go/pkg/mod/go.uber.org/fx@v1.24.0/app.go:481)", "github.com/fil-forge/ingot/testing.StartHarness (/home/runner/work/ingot/ingot/testing/harness.go:142)", "github.com/fil-forge/ingot/testing.smokeHarness (/home/runner/work/ingot/ingot/testing/smoke_test.go:41)", "github.com/fil-forge/ingot/testing.TestSmoke_DeleteObjects (/home/runner/work/ingot/ingot/testing/smoke_test.go:409)", "testing.tRunner (/opt/hostedtoolcache/go/1.25.7/x64/src/testing/testing.go:1934)"], "moduletrace": ["go.uber.org/fx.New (/home/runner/go/pkg/mod/go.uber.org/fx@v1.24.0/app.go:481)", "github.com/fil-forge/ingot/testing.StartHarness (/home/runner/work/ingot/ingot/testing/harness.go:142)"], "type": "fx.DotGraph"}
    logger.go:146: 2026-07-02T18:54:29.182Z	INFO	supplied	{"type": "*zap.Logger", "stacktrace": ["github.com/fil-forge/ingot/testing.StartHarness (/home/runner/work/ingot/ingot/testing/harness.go:146)", "github.com/fil-forge/ingot/testing.smokeHarness (/home/runner/work/ingot/ingot/testing/smoke_test.go:41)", "github.com/fil-forge/ingot/testing.TestSmoke_DeleteObjects (/home/runner/work/ingot/ingot/testing/smoke_test.go:409)", "testing.tRunner (/opt/hostedtoolcache/go/1.25.7/x64/src/testing/testing.go:1934)"], "moduletrace": ["github.com/fil-forge/ingot/testing.StartHarness (/home/runner/work/ingot/ingot/testing/harness.go:146)", "github.com/fil-forge/ingot/testing.StartHarness (/home/runner/work/ingot/ingot/testing/harness.go:142)"]}
    logger.go:146: 2026-07-02T18:54:29.182Z	INFO	supplied	{"type": "ingot.ServerConfig", "stacktrace": ["github.com/fil-forge/ingot/testing.StartHarness (/home/runner/work/ingot/ingot/testing/harness.go:147)", "github.com/fil-forge/ingot/testing.smokeHarness (/home/runner/work/ingot/ingot/testing/smoke_test.go:41)", "github.com/fil-forge/ingot/testing.TestSmoke_DeleteObjects (/home/runner/work/ingot/ingot/testing/smoke_test.go:409)", "testing.tRunner (/opt/hostedtoolcache/go/1.25.7/x64/src/testing/testing.go:1934)"], "moduletrace": ["github.com/fil-forge/ingot/testing.StartHarness (/home/runner/work/ingot/ingot/testing/harness.go:147)", "github.com/fil-forge/ingot/testing.StartHarness (/home/runner/work/ingot/ingot/testing/harness.go:142)"]}
    logger.go:146: 2026-07-02T18:54:29.182Z	INFO	provided	{"constructor": "fx.Annotate(github.com/fil-forge/ingot/testing.StartHarness.func2(), fx.As([[registry.Registry]])", "stacktrace": ["github.com/fil-forge/ingot/testing.StartHarness (/home/runner/work/ingot/ingot/testing/harness.go:164)", "github.com/fil-forge/ingot/testing.smokeHarness (/home/runner/work/ingot/ingot/testing/smoke_test.go:41)", "github.com/fil-forge/ingot/testing.TestSmoke_DeleteObjects (/home/runner/work/ingot/ingot/testing/smoke_test.go:409)", "testing.tRunner (/opt/hostedtoolcache/go/1.25.7/x64/src/testing/testing.go:1934)"], "moduletrace": ["github.com/fil-forge/ingot/testing.StartHarness (/home/runner/work/ingot/ingot/testing/harness.go:164)", "github.com/fil-forge/ingot/testing.StartHarness (/home/runner/work/ingot/ingot/testing/harness.go:142)"], "type": "registry.Registry"}
    logger.go:146: 2026-07-02T18:54:29.182Z	INFO	provided	{"constructor": "fx.Annotate(github.com/fil-forge/ingot/testing.StartHarness.func3(), fx.As([[registry.IntentStore]])", "stacktrace": ["github.com/fil-forge/ingot/testing.StartHarness (/home/runner/work/ingot/ingot/testing/harness.go:164)", "github.com/fil-forge/ingot/testing.smokeHarness (/home/runner/work/ingot/ingot/testing/smoke_test.go:41)", "github.com/fil-forge/ingot/testing.TestSmoke_DeleteObjects (/home/runner/work/ingot/ingot/testing/smoke_test.go:409)", "testing.tRunner (/opt/hostedtoolcache/go/1.25.7/x64/src/testing/testing.go:1934)"], "moduletrace": ["github.com/fil-forge/ingot/testing.StartHarness (/home/runner/work/ingot/ingot/testing/harness.go:164)", "github.com/fil-forge/ingot/testing.StartHarness (/home/runner/work/ingot/ingot/testing/harness.go:142)"], "type": "registry.IntentStore"}
    logger.go:146: 2026-07-02T18:54:29.182Z	INFO	provided	{"constructor": "fx.Annotate(github.com/fil-forge/ingot/testing.StartHarness.func4(), fx.As([[registry.LocationStore]])", "stacktrace": ["github.com/fil-forge/ingot/testing.StartHarness (/home/runner/work/ingot/ingot/testing/harness.go:164)", "github.com/fil-forge/ingot/testing.smokeHarness (/home/runner/work/ingot/ingot/testing/smoke_test.go:41)", "github.com/fil-forge/ingot/testing.TestSmoke_DeleteObjects (/home/runner/work/ingot/ingot/testing/smoke_test.go:409)", "testing.tRunner (/opt/hostedtoolcache/go/1.25.7/x64/src/testing/testing.go:1934)"], "moduletrace": ["github.com/fil-forge/ingot/testing.StartHarness (/home/runner/work/ingot/ingot/testing/harness.go:164)", "github.com/fil-forge/ingot/testing.StartHarness (/home/runner/work/ingot/ingot/testing/harness.go:142)"], "type": "registry.LocationStore"}
    logger.go:146: 2026-07-02T18:54:29.182Z	INFO	provided	{"constructor": "fx.Annotate(github.com/fil-forge/ingot/testing.StartHarness.func5(), fx.As([[registry.BlobRefStore]])", "stacktrace": ["github.com/fil-forge/ingot/testing.StartHarness (/home/runner/work/ingot/ingot/testing/harness.go:164)", "github.com/fil-forge/ingot/testing.smokeHarness (/home/runner/work/ingot/ingot/testing/smoke_test.go:41)", "github.com/fil-forge/ingot/testing.TestSmoke_DeleteObjects (/home/runner/work/ingot/ingot/testing/smoke_test.go:409)", "testing.tRunner (/opt/hostedtoolcache/go/1.25.7/x64/src/testing/testing.go:1934)"], "moduletrace": ["github.com/fil-forge/ingot/testing.StartHarness (/home/runner/work/ingot/ingot/testing/harness.go:164)", "github.com/fil-forge/ingot/testing.StartHarness (/home/runner/work/ingot/ingot/testing/harness.go:142)"], "type": "registry.BlobRefStore"}
    logger.go:146: 2026-07-02T18:54:29.182Z	INFO	provided	{"constructor": "fx.Annotate(github.com/fil-forge/ingot/testing.StartHarness.func6(), fx.As([[registry.GCStore]])", "stacktrace": ["github.com/fil-forge/ingot/testing.StartHarness (/home/runner/work/ingot/ingot/testing/harness.go:164)", "github.com/fil-forge/ingot/testing.smokeHarness (/home/runner/work/ingot/ingot/testing/smoke_test.go:41)", "github.com/fil-forge/ingot/testing.TestSmoke_DeleteObjects (/home/runner/work/ingot/ingot/testing/smoke_test.go:409)", "testing.tRunner (/opt/hostedtoolcache/go/1.25.7/x64/src/testing/testing.go:1934)"], "moduletrace": ["github.com/fil-forge/ingot/testing.StartHarness (/home/runner/work/ingot/ingot/testing/harness.go:164)", "github.com/fil-forge/ingot/testing.StartHarness (/home/runner/work/ingot/ingot/testing/harness.go:142)"], "type": "registry.GCStore"}
    logger.go:146: 2026-07-02T18:54:29.182Z	INFO	provided	{"constructor": "fx.Annotate(github.com/fil-forge/ingot/testing.StartHarness.func7(), fx.As([[registry.MultipartStore]])", "stacktrace": ["github.com/fil-forge/ingot/testing.StartHarness (/home/runner/work/ingot/ingot/testing/harness.go:164)", "github.com/fil-forge/ingot/testing.smokeHarness (/home/runner/work/ingot/ingot/testing/smoke_test.go:41)", "github.com/fil-forge/ingot/testing.TestSmoke_DeleteObjects (/home/runner/work/ingot/ingot/testing/smoke_test.go:409)", "testing.tRunner (/opt/hostedtoolcache/go/1.25.7/x64/src/testing/testing.go:1934)"], "moduletrace": ["github.com/fil-forge/ingot/testing.StartHarness (/home/runner/work/ingot/ingot/testing/harness.go:164)", "github.com/fil-forge/ingot/testing.StartHarness (/home/runner/work/ingot/ingot/testing/harness.go:142)"], "type": "registry.MultipartStore"}
    logger.go:146: 2026-07-02T18:54:29.182Z	INFO	provided	{"constructor": "fx.Annotate(github.com/fil-forge/ingot/testing.StartHarness.func8(), fx.As([[logstore.Meta]])", "stacktrace": ["github.com/fil-forge/ingot/testing.StartHarness (/home/runner/work/ingot/ingot/testing/harness.go:164)", "github.com/fil-forge/ingot/testing.smokeHarness (/home/runner/work/ingot/ingot/testing/smoke_test.go:41)", "github.com/fil-forge/ingot/testing.TestSmoke_DeleteObjects (/home/runner/work/ingot/ingot/testing/smoke_test.go:409)", "testing.tRunner (/opt/hostedtoolcache/go/1.25.7/x64/src/testing/testing.go:1934)"], "moduletrace": ["github.com/fil-forge/ingot/testing.StartHarness (/home/runner/work/ingot/ingot/testing/harness.go:164)", "github.com/fil-forge/ingot/testing.StartHarness (/home/runner/work/ingot/ingot/testing/harness.go:142)"], "type": "logstore.Meta"}
    logger.go:146: 2026-07-02T18:54:29.182Z	INFO	provided	{"constructor": "fx.Annotate(github.com/fil-forge/ingot/testing.StartHarness.func9(), fx.As([[blockstore.BlockReader]])", "stacktrace": ["github.com/fil-forge/ingot/testing.StartHarness (/home/runner/work/ingot/ingot/testing/harness.go:164)", "github.com/fil-forge/ingot/testing.smokeHarness (/home/runner/work/ingot/ingot/testing/smoke_test.go:41)", "github.com/fil-forge/ingot/testing.TestSmoke_DeleteObjects (/home/runner/work/ingot/ingot/testing/smoke_test.go:409)", "testing.tRunner (/opt/hostedtoolcache/go/1.25.7/x64/src/testing/testing.go:1934)"], "moduletrace": ["github.com/fil-forge/ingot/testing.StartHarness (/home/runner/work/ingot/ingot/testing/harness.go:164)", "github.com/fil-forge/ingot/testing.StartHarness (/home/runner/work/ingot/ingot/testing/harness.go:142)"], "type": "blockstore.BlockReader"}
    logger.go:146: 2026-07-02T18:54:29.182Z	INFO	provided	{"constructor": "fx.Annotate(github.com/fil-forge/ingot/testing.StartHarness.func10(), fx.As([[uploader.Uploader]])", "stacktrace": ["github.com/fil-forge/ingot/testing.StartHarness (/home/runner/work/ingot/ingot/testing/harness.go:164)", "github.com/fil-forge/ingot/testing.smokeHarness (/home/runner/work/ingot/ingot/testing/smoke_test.go:41)", "github.com/fil-forge/ingot/testing.TestSmoke_DeleteObjects (/home/runner/work/ingot/ingot/testing/smoke_test.go:409)", "testing.tRunner (/opt/hostedtoolcache/go/1.25.7/x64/src/testing/testing.go:1934)"], "moduletrace": ["github.com/fil-forge/ingot/testing.StartHarness (/home/runner/work/ingot/ingot/testing/harness.go:164)", "github.com/fil-forge/ingot/testing.StartHarness (/home/runner/work/ingot/ingot/testing/harness.go:142)"], "type": "uploader.Uploader"}
    logger.go:146: 2026-07-02T18:54:29.182Z	INFO	provided	{"constructor": "fx.Annotate(github.com/fil-forge/ingot/testing.StartHarness.func11(), fx.As([[uploader.BodyUploader]])", "stacktrace": ["github.com/fil-forge/ingot/testing.StartHarness (/home/runner/work/ingot/ingot/testing/harness.go:164)", "github.com/fil-forge/ingot/testing.smokeHarness (/home/runner/work/ingot/ingot/testing/smoke_test.go:41)", "github.com/fil-forge/ingot/testing.TestSmoke_DeleteObjects (/home/runner/work/ingot/ingot/testing/smoke_test.go:409)", "testing.tRunner (/opt/hostedtoolcache/go/1.25.7/x64/src/testing/testing.go:1934)"], "moduletrace": ["github.com/fil-forge/ingot/testing.StartHarness (/home/runner/work/ingot/ingot/testing/harness.go:164)", "github.com/fil-forge/ingot/testing.StartHarness (/home/runner/work/ingot/ingot/testing/harness.go:142)"], "type": "uploader.BodyUploader"}
    logger.go:146: 2026-07-02T18:54:29.182Z	INFO	provided	{"constructor": "fx.Annotate(github.com/fil-forge/ingot/testing.StartHarness.func12(), fx.As([[uploader.BlobRemover]])", "stacktrace": ["github.com/fil-forge/ingot/testing.StartHarness (/home/runner/work/ingot/ingot/testing/harness.go:164)", "github.com/fil-forge/ingot/testing.smokeHarness (/home/runner/work/ingot/ingot/testing/smoke_test.go:41)", "github.com/fil-forge/ingot/testing.TestSmoke_DeleteObjects (/home/runner/work/ingot/ingot/testing/smoke_test.go:409)", "testing.tRunner (/opt/hostedtoolcache/go/1.25.7/x64/src/testing/testing.go:1934)"], "moduletrace": ["github.com/fil-forge/ingot/testing.StartHarness (/home/runner/work/ingot/ingot/testing/harness.go:164)", "github.com/fil-forge/ingot/testing.StartHarness (/home/runner/work/ingot/ingot/testing/harness.go:142)"], "type": "uploader.BlobRemover"}
    logger.go:146: 2026-07-02T18:54:29.182Z	INFO	initialized custom fxevent.Logger	{"function": "github.com/fil-forge/ingot/testing.StartHarness.func1()"}
    logger.go:146: 2026-07-02T18:54:29.182Z	INFO	invoking	{"function": "github.com/fil-forge/ingot.registerServerLifecycle()", "module": "ingot-server"}
    logger.go:146: 2026-07-02T18:54:29.182Z	INFO	before run	{"name": "go.uber.org/fx.New.func1()", "kind": "provide"}
    logger.go:146: 2026-07-02T18:54:29.183Z	INFO	run	{"name": "go.uber.org/fx.New.func1()", "kind": "provide", "runtime": "10.679µs"}
    logger.go:146: 2026-07-02T18:54:29.183Z	INFO	before run	{"name": "stub(ingot.ServerConfig)", "kind": "supply"}
    logger.go:146: 2026-07-02T18:54:29.183Z	INFO	run	{"name": "stub(ingot.ServerConfig)", "kind": "supply", "runtime": "10.299µs"}
    logger.go:146: 2026-07-02T18:54:29.183Z	INFO	before run	{"name": "stub(*zap.Logger)", "kind": "supply"}
    logger.go:146: 2026-07-02T18:54:29.183Z	INFO	run	{"name": "stub(*zap.Logger)", "kind": "supply", "runtime": "8.936µs"}
    logger.go:146: 2026-07-02T18:54:29.183Z	INFO	before run	{"name": "fx.Annotate(github.com/fil-forge/ingot/testing.StartHarness.func9(), fx.As([[blockstore.BlockReader]])", "kind": "provide"}
    logger.go:146: 2026-07-02T18:54:29.183Z	INFO	run	{"name": "fx.Annotate(github.com/fil-forge/ingot/testing.StartHarness.func9(), fx.As([[blockstore.BlockReader]])", "kind": "provide", "runtime": "57.347µs"}
    logger.go:146: 2026-07-02T18:54:29.183Z	INFO	before run	{"name": "fx.Annotate(github.com/fil-forge/ingot/testing.StartHarness.func10(), fx.As([[uploader.Uploader]])", "kind": "provide"}
    logger.go:146: 2026-07-02T18:54:29.183Z	INFO	run	{"name": "fx.Annotate(github.com/fil-forge/ingot/testing.StartHarness.func10(), fx.As([[uploader.Uploader]])", "kind": "provide", "runtime": "18.004µs"}
    logger.go:146: 2026-07-02T18:54:29.183Z	INFO	before run	{"name": "fx.Annotate(github.com/fil-forge/ingot/testing.StartHarness.func11(), fx.As([[uploader.BodyUploader]])", "kind": "provide"}
    logger.go:146: 2026-07-02T18:54:29.183Z	INFO	run	{"name": "fx.Annotate(github.com/fil-forge/ingot/testing.StartHarness.func11(), fx.As([[uploader.BodyUploader]])", "kind": "provide", "runtime": "50.063µs"}
    logger.go:146: 2026-07-02T18:54:29.183Z	INFO	before run	{"name": "fx.Annotate(github.com/fil-forge/ingot/testing.StartHarness.func12(), fx.As([[uploader.BlobRemover]])", "kind": "provide"}
    logger.go:146: 2026-07-02T18:54:29.183Z	INFO	run	{"name": "fx.Annotate(github.com/fil-forge/ingot/testing.StartHarness.func12(), fx.As([[uploader.BlobRemover]])", "kind": "provide", "runtime": "19.246µs"}
    logger.go:146: 2026-07-02T18:54:29.183Z	INFO	before run	{"name": "fx.Annotate(github.com/fil-forge/ingot/testing.StartHarness.func2(), fx.As([[registry.Registry]])", "kind": "provide"}
    logger.go:146: 2026-07-02T18:54:29.183Z	INFO	run	{"name": "fx.Annotate(github.com/fil-forge/ingot/testing.StartHarness.func2(), fx.As([[registry.Registry]])", "kind": "provide", "runtime": "37.79µs"}
    logger.go:146: 2026-07-02T18:54:29.183Z	INFO	before run	{"name": "fx.Annotate(github.com/fil-forge/ingot/testing.StartHarness.func3(), fx.As([[registry.IntentStore]])", "kind": "provide"}
    logger.go:146: 2026-07-02T18:54:29.184Z	INFO	run	{"name": "fx.Annotate(github.com/fil-forge/ingot/testing.StartHarness.func3(), fx.As([[registry.IntentStore]])", "kind": "provide", "runtime": "30.847µs"}
    logger.go:146: 2026-07-02T18:54:29.184Z	INFO	before run	{"name": "fx.Annotate(github.com/fil-forge/ingot/testing.StartHarness.func4(), fx.As([[registry.LocationStore]])", "kind": "provide"}
    logger.go:146: 2026-07-02T18:54:29.184Z	INFO	run	{"name": "fx.Annotate(github.com/fil-forge/ingot/testing.StartHarness.func4(), fx.As([[registry.LocationStore]])", "kind": "provide", "runtime": "32.21µs"}
    logger.go:146: 2026-07-02T18:54:29.184Z	INFO	before run	{"name": "fx.Annotate(github.com/fil-forge/ingot/testing.StartHarness.func5(), fx.As([[registry.BlobRefStore]])", "kind": "provide"}
    logger.go:146: 2026-07-02T18:54:29.184Z	INFO	run	{"name": "fx.Annotate(github.com/fil-forge/ingot/testing.StartHarness.func5(), fx.As([[registry.BlobRefStore]])", "kind": "provide", "runtime": "28.944µs"}
    logger.go:146: 2026-07-02T18:54:29.184Z	INFO	before run	{"name": "fx.Annotate(github.com/fil-forge/ingot/testing.StartHarness.func6(), fx.As([[registry.GCStore]])", "kind": "provide"}
    logger.go:146: 2026-07-02T18:54:29.184Z	INFO	run	{"name": "fx.Annotate(github.com/fil-forge/ingot/testing.StartHarness.func6(), fx.As([[registry.GCStore]])", "kind": "provide", "runtime": "19.777µs"}
    logger.go:146: 2026-07-02T18:54:29.184Z	INFO	before run	{"name": "fx.Annotate(github.com/fil-forge/ingot/testing.StartHarness.func7(), fx.As([[registry.MultipartStore]])", "kind": "provide"}
    logger.go:146: 2026-07-02T18:54:29.184Z	INFO	run	{"name": "fx.Annotate(github.com/fil-forge/ingot/testing.StartHarness.func7(), fx.As([[registry.MultipartStore]])", "kind": "provide", "runtime": "31.288µs"}
    logger.go:146: 2026-07-02T18:54:29.184Z	INFO	before run	{"name": "fx.Annotate(github.com/fil-forge/ingot/testing.StartHarness.func8(), fx.As([[logstore.Meta]])", "kind": "provide"}
    logger.go:146: 2026-07-02T18:54:29.184Z	INFO	run	{"name": "fx.Annotate(github.com/fil-forge/ingot/testing.StartHarness.func8(), fx.As([[logstore.Meta]])", "kind": "provide", "runtime": "24.425µs"}
    logger.go:146: 2026-07-02T18:54:29.185Z	INFO	OnStart hook executing	{"callee": "github.com/fil-forge/ingot.registerServerLifecycle.func1()", "caller": "github.com/fil-forge/ingot.registerServerLifecycle"}
    logger.go:146: 2026-07-02T18:54:29.186Z	INFO	starting ingot S3 listener	{"addr": "127.0.0.1:38441", "region": "us-east-1", "data_dir": "/tmp/ingot-harness-2941464538", "max_blob_size": 268435456}
    logger.go:146: 2026-07-02T18:54:29.186Z	INFO	OnStart hook executed	{"callee": "github.com/fil-forge/ingot.registerServerLifecycle.func1()", "caller": "github.com/fil-forge/ingot.registerServerLifecycle", "runtime": "1.599117ms"}
    logger.go:146: 2026-07-02T18:54:29.186Z	INFO	started
=== RUN   TestSmoke_DeleteObjects/success
RUN  DeleteObjects_success
PASS DeleteObjects_success
=== RUN   TestSmoke_DeleteObjects/empty_input
RUN  DeleteObjects_empty_input
PASS DeleteObjects_empty_input
=== RUN   TestSmoke_DeleteObjects/non_existing_objects
RUN  DeleteObjects_empty_input
PASS DeleteObjects_empty_input
=== NAME  TestSmoke_DeleteObjects
    logger.go:146: 2026-07-02T18:54:29.251Z	INFO	OnStop hook executing	{"callee": "github.com/fil-forge/ingot.registerServerLifecycle.func2()", "caller": "github.com/fil-forge/ingot.registerServerLifecycle"}
    logger.go:146: 2026-07-02T18:54:29.251Z	INFO	shutting down ingot S3 listener
    logger.go:146: 2026-07-02T18:54:29.251Z	ERROR	ingot listener error	{"error": "listener closed"}
    logger.go:146: 2026-07-02T18:54:29.252Z	INFO	OnStop hook executed	{"callee": "github.com/fil-forge/ingot.registerServerLifecycle.func2()", "caller": "github.com/fil-forge/ingot.registerServerLifecycle", "runtime": "1.744365ms"}
--- PASS: TestSmoke_DeleteObjects (0.07s)
    --- PASS: TestSmoke_DeleteObjects/success (0.04s)
    --- PASS: TestSmoke_DeleteObjects/empty_input (0.02s)
    --- PASS: TestSmoke_DeleteObjects/non_existing_objects (0.01s)
=== RUN   TestSmokeXFail_CreateBucket
    logger.go:146: 2026-07-02T18:54:29.255Z	INFO	provided	{"constructor": "go.uber.org/fx.New.func1()", "stacktrace": ["go.uber.org/fx.New (/home/runner/go/pkg/mod/go.uber.org/fx@v1.24.0/app.go:481)", "github.com/fil-forge/ingot/testing.StartHarness (/home/runner/work/ingot/ingot/testing/harness.go:142)", "github.com/fil-forge/ingot/testing.smokeHarness (/home/runner/work/ingot/ingot/testing/smoke_test.go:41)", "github.com/fil-forge/ingot/testing.TestSmokeXFail_CreateBucket (/home/runner/work/ingot/ingot/testing/smoke_test.go:272)", "testing.tRunner (/opt/hostedtoolcache/go/1.25.7/x64/src/testing/testing.go:1934)"], "moduletrace": ["go.uber.org/fx.New (/home/runner/go/pkg/mod/go.uber.org/fx@v1.24.0/app.go:481)", "github.com/fil-forge/ingot/testing.StartHarness (/home/runner/work/ingot/ingot/testing/harness.go:142)"], "type": "fx.Lifecycle"}
    logger.go:146: 2026-07-02T18:54:29.256Z	INFO	provided	{"constructor": "go.uber.org/fx.(*App).shutdowner-fm()", "stacktrace": ["go.uber.org/fx.New (/home/runner/go/pkg/mod/go.uber.org/fx@v1.24.0/app.go:481)", "github.com/fil-forge/ingot/testing.StartHarness (/home/runner/work/ingot/ingot/testing/harness.go:142)", "github.com/fil-forge/ingot/testing.smokeHarness (/home/runner/work/ingot/ingot/testing/smoke_test.go:41)", "github.com/fil-forge/ingot/testing.TestSmokeXFail_CreateBucket (/home/runner/work/ingot/ingot/testing/smoke_test.go:272)", "testing.tRunner (/opt/hostedtoolcache/go/1.25.7/x64/src/testing/testing.go:1934)"], "moduletrace": ["go.uber.org/fx.New (/home/runner/go/pkg/mod/go.uber.org/fx@v1.24.0/app.go:481)", "github.com/fil-forge/ingot/testing.StartHarness (/home/runner/work/ingot/ingot/testing/harness.go:142)"], "type": "fx.Shutdowner"}
    logger.go:146: 2026-07-02T18:54:29.256Z	INFO	provided	{"constructor": "go.uber.org/fx.(*App).dotGraph-fm()", "stacktrace": ["go.uber.org/fx.New (/home/runner/go/pkg/mod/go.uber.org/fx@v1.24.0/app.go:481)", "github.com/fil-forge/ingot/testing.StartHarness (/home/runner/work/ingot/ingot/testing/harness.go:142)", "github.com/fil-forge/ingot/testing.smokeHarness (/home/runner/work/ingot/ingot/testing/smoke_test.go:41)", "github.com/fil-forge/ingot/testing.TestSmokeXFail_CreateBucket (/home/runner/work/ingot/ingot/testing/smoke_test.go:272)", "testing.tRunner (/opt/hostedtoolcache/go/1.25.7/x64/src/testing/testing.go:1934)"], "moduletrace": ["go.uber.org/fx.New (/home/runner/go/pkg/mod/go.uber.org/fx@v1.24.0/app.go:481)", "github.com/fil-forge/ingot/testing.StartHarness (/home/runner/work/ingot/ingot/testing/harness.go:142)"], "type": "fx.DotGraph"}
    logger.go:146: 2026-07-02T18:54:29.256Z	INFO	supplied	{"type": "*zap.Logger", "stacktrace": ["github.com/fil-forge/ingot/testing.StartHarness (/home/runner/work/ingot/ingot/testing/harness.go:146)", "github.com/fil-forge/ingot/testing.smokeHarness (/home/runner/work/ingot/ingot/testing/smoke_test.go:41)", "github.com/fil-forge/ingot/testing.TestSmokeXFail_CreateBucket (/home/runner/work/ingot/ingot/testing/smoke_test.go:272)", "testing.tRunner (/opt/hostedtoolcache/go/1.25.7/x64/src/testing/testing.go:1934)"], "moduletrace": ["github.com/fil-forge/ingot/testing.StartHarness (/home/runner/work/ingot/ingot/testing/harness.go:146)", "github.com/fil-forge/ingot/testing.StartHarness (/home/runner/work/ingot/ingot/testing/harness.go:142)"]}
    logger.go:146: 2026-07-02T18:54:29.256Z	INFO	supplied	{"type": "ingot.ServerConfig", "stacktrace": ["github.com/fil-forge/ingot/testing.StartHarness (/home/runner/work/ingot/ingot/testing/harness.go:147)", "github.com/fil-forge/ingot/testing.smokeHarness (/home/runner/work/ingot/ingot/testing/smoke_test.go:41)", "github.com/fil-forge/ingot/testing.TestSmokeXFail_CreateBucket (/home/runner/work/ingot/ingot/testing/smoke_test.go:272)", "testing.tRunner (/opt/hostedtoolcache/go/1.25.7/x64/src/testing/testing.go:1934)"], "moduletrace": ["github.com/fil-forge/ingot/testing.StartHarness (/home/runner/work/ingot/ingot/testing/harness.go:147)", "github.com/fil-forge/ingot/testing.StartHarness (/home/runner/work/ingot/ingot/testing/harness.go:142)"]}
    logger.go:146: 2026-07-02T18:54:29.256Z	INFO	provided	{"constructor": "fx.Annotate(github.com/fil-forge/ingot/testing.StartHarness.func2(), fx.As([[registry.Registry]])", "stacktrace": ["github.com/fil-forge/ingot/testing.StartHarness (/home/runner/work/ingot/ingot/testing/harness.go:164)", "github.com/fil-forge/ingot/testing.smokeHarness (/home/runner/work/ingot/ingot/testing/smoke_test.go:41)", "github.com/fil-forge/ingot/testing.TestSmokeXFail_CreateBucket (/home/runner/work/ingot/ingot/testing/smoke_test.go:272)", "testing.tRunner (/opt/hostedtoolcache/go/1.25.7/x64/src/testing/testing.go:1934)"], "moduletrace": ["github.com/fil-forge/ingot/testing.StartHarness (/home/runner/work/ingot/ingot/testing/harness.go:164)", "github.com/fil-forge/ingot/testing.StartHarness (/home/runner/work/ingot/ingot/testing/harness.go:142)"], "type": "registry.Registry"}
    logger.go:146: 2026-07-02T18:54:29.256Z	INFO	provided	{"constructor": "fx.Annotate(github.com/fil-forge/ingot/testing.StartHarness.func3(), fx.As([[registry.IntentStore]])", "stacktrace": ["github.com/fil-forge/ingot/testing.StartHarness (/home/runner/work/ingot/ingot/testing/harness.go:164)", "github.com/fil-forge/ingot/testing.smokeHarness (/home/runner/work/ingot/ingot/testing/smoke_test.go:41)", "github.com/fil-forge/ingot/testing.TestSmokeXFail_CreateBucket (/home/runner/work/ingot/ingot/testing/smoke_test.go:272)", "testing.tRunner (/opt/hostedtoolcache/go/1.25.7/x64/src/testing/testing.go:1934)"], "moduletrace": ["github.com/fil-forge/ingot/testing.StartHarness (/home/runner/work/ingot/ingot/testing/harness.go:164)", "github.com/fil-forge/ingot/testing.StartHarness (/home/runner/work/ingot/ingot/testing/harness.go:142)"], "type": "registry.IntentStore"}
    logger.go:146: 2026-07-02T18:54:29.256Z	INFO	provided	{"constructor": "fx.Annotate(github.com/fil-forge/ingot/testing.StartHarness.func4(), fx.As([[registry.LocationStore]])", "stacktrace": ["github.com/fil-forge/ingot/testing.StartHarness (/home/runner/work/ingot/ingot/testing/harness.go:164)", "github.com/fil-forge/ingot/testing.smokeHarness (/home/runner/work/ingot/ingot/testing/smoke_test.go:41)", "github.com/fil-forge/ingot/testing.TestSmokeXFail_CreateBucket (/home/runner/work/ingot/ingot/testing/smoke_test.go:272)", "testing.tRunner (/opt/hostedtoolcache/go/1.25.7/x64/src/testing/testing.go:1934)"], "moduletrace": ["github.com/fil-forge/ingot/testing.StartHarness (/home/runner/work/ingot/ingot/testing/harness.go:164)", "github.com/fil-forge/ingot/testing.StartHarness (/home/runner/work/ingot/ingot/testing/harness.go:142)"], "type": "registry.LocationStore"}
    logger.go:146: 2026-07-02T18:54:29.256Z	INFO	provided	{"constructor": "fx.Annotate(github.com/fil-forge/ingot/testing.StartHarness.func5(), fx.As([[registry.BlobRefStore]])", "stacktrace": ["github.com/fil-forge/ingot/testing.StartHarness (/home/runner/work/ingot/ingot/testing/harness.go:164)", "github.com/fil-forge/ingot/testing.smokeHarness (/home/runner/work/ingot/ingot/testing/smoke_test.go:41)", "github.com/fil-forge/ingot/testing.TestSmokeXFail_CreateBucket (/home/runner/work/ingot/ingot/testing/smoke_test.go:272)", "testing.tRunner (/opt/hostedtoolcache/go/1.25.7/x64/src/testing/testing.go:1934)"], "moduletrace": ["github.com/fil-forge/ingot/testing.StartHarness (/home/runner/work/ingot/ingot/testing/harness.go:164)", "github.com/fil-forge/ingot/testing.StartHarness (/home/runner/work/ingot/ingot/testing/harness.go:142)"], "type": "registry.BlobRefStore"}
    logger.go:146: 2026-07-02T18:54:29.256Z	INFO	provided	{"constructor": "fx.Annotate(github.com/fil-forge/ingot/testing.StartHarness.func6(), fx.As([[registry.GCStore]])", "stacktrace": ["github.com/fil-forge/ingot/testing.StartHarness (/home/runner/work/ingot/ingot/testing/harness.go:164)", "github.com/fil-forge/ingot/testing.smokeHarness (/home/runner/work/ingot/ingot/testing/smoke_test.go:41)", "github.com/fil-forge/ingot/testing.TestSmokeXFail_CreateBucket (/home/runner/work/ingot/ingot/testing/smoke_test.go:272)", "testing.tRunner (/opt/hostedtoolcache/go/1.25.7/x64/src/testing/testing.go:1934)"], "moduletrace": ["github.com/fil-forge/ingot/testing.StartHarness (/home/runner/work/ingot/ingot/testing/harness.go:164)", "github.com/fil-forge/ingot/testing.StartHarness (/home/runner/work/ingot/ingot/testing/harness.go:142)"], "type": "registry.GCStore"}
    logger.go:146: 2026-07-02T18:54:29.256Z	INFO	provided	{"constructor": "fx.Annotate(github.com/fil-forge/ingot/testing.StartHarness.func7(), fx.As([[registry.MultipartStore]])", "stacktrace": ["github.com/fil-forge/ingot/testing.StartHarness (/home/runner/work/ingot/ingot/testing/harness.go:164)", "github.com/fil-forge/ingot/testing.smokeHarness (/home/runner/work/ingot/ingot/testing/smoke_test.go:41)", "github.com/fil-forge/ingot/testing.TestSmokeXFail_CreateBucket (/home/runner/work/ingot/ingot/testing/smoke_test.go:272)", "testing.tRunner (/opt/hostedtoolcache/go/1.25.7/x64/src/testing/testing.go:1934)"], "moduletrace": ["github.com/fil-forge/ingot/testing.StartHarness (/home/runner/work/ingot/ingot/testing/harness.go:164)", "github.com/fil-forge/ingot/testing.StartHarness (/home/runner/work/ingot/ingot/testing/harness.go:142)"], "type": "registry.MultipartStore"}
    logger.go:146: 2026-07-02T18:54:29.256Z	INFO	provided	{"constructor": "fx.Annotate(github.com/fil-forge/ingot/testing.StartHarness.func8(), fx.As([[logstore.Meta]])", "stacktrace": ["github.com/fil-forge/ingot/testing.StartHarness (/home/runner/work/ingot/ingot/testing/harness.go:164)", "github.com/fil-forge/ingot/testing.smokeHarness (/home/runner/work/ingot/ingot/testing/smoke_test.go:41)", "github.com/fil-forge/ingot/testing.TestSmokeXFail_CreateBucket (/home/runner/work/ingot/ingot/testing/smoke_test.go:272)", "testing.tRunner (/opt/hostedtoolcache/go/1.25.7/x64/src/testing/testing.go:1934)"], "moduletrace": ["github.com/fil-forge/ingot/testing.StartHarness (/home/runner/work/ingot/ingot/testing/harness.go:164)", "github.com/fil-forge/ingot/testing.StartHarness (/home/runner/work/ingot/ingot/testing/harness.go:142)"], "type": "logstore.Meta"}
    logger.go:146: 2026-07-02T18:54:29.256Z	INFO	provided	{"constructor": "fx.Annotate(github.com/fil-forge/ingot/testing.StartHarness.func9(), fx.As([[blockstore.BlockReader]])", "stacktrace": ["github.com/fil-forge/ingot/testing.StartHarness (/home/runner/work/ingot/ingot/testing/harness.go:164)", "github.com/fil-forge/ingot/testing.smokeHarness (/home/runner/work/ingot/ingot/testing/smoke_test.go:41)", "github.com/fil-forge/ingot/testing.TestSmokeXFail_CreateBucket (/home/runner/work/ingot/ingot/testing/smoke_test.go:272)", "testing.tRunner (/opt/hostedtoolcache/go/1.25.7/x64/src/testing/testing.go:1934)"], "moduletrace": ["github.com/fil-forge/ingot/testing.StartHarness (/home/runner/work/ingot/ingot/testing/harness.go:164)", "github.com/fil-forge/ingot/testing.StartHarness (/home/runner/work/ingot/ingot/testing/harness.go:142)"], "type": "blockstore.BlockReader"}
    logger.go:146: 2026-07-02T18:54:29.256Z	INFO	provided	{"constructor": "fx.Annotate(github.com/fil-forge/ingot/testing.StartHarness.func10(), fx.As([[uploader.Uploader]])", "stacktrace": ["github.com/fil-forge/ingot/testing.StartHarness (/home/runner/work/ingot/ingot/testing/harness.go:164)", "github.com/fil-forge/ingot/testing.smokeHarness (/home/runner/work/ingot/ingot/testing/smoke_test.go:41)", "github.com/fil-forge/ingot/testing.TestSmokeXFail_CreateBucket (/home/runner/work/ingot/ingot/testing/smoke_test.go:272)", "testing.tRunner (/opt/hostedtoolcache/go/1.25.7/x64/src/testing/testing.go:1934)"], "moduletrace": ["github.com/fil-forge/ingot/testing.StartHarness (/home/runner/work/ingot/ingot/testing/harness.go:164)", "github.com/fil-forge/ingot/testing.StartHarness (/home/runner/work/ingot/ingot/testing/harness.go:142)"], "type": "uploader.Uploader"}
    logger.go:146: 2026-07-02T18:54:29.256Z	INFO	provided	{"constructor": "fx.Annotate(github.com/fil-forge/ingot/testing.StartHarness.func11(), fx.As([[uploader.BodyUploader]])", "stacktrace": ["github.com/fil-forge/ingot/testing.StartHarness (/home/runner/work/ingot/ingot/testing/harness.go:164)", "github.com/fil-forge/ingot/testing.smokeHarness (/home/runner/work/ingot/ingot/testing/smoke_test.go:41)", "github.com/fil-forge/ingot/testing.TestSmokeXFail_CreateBucket (/home/runner/work/ingot/ingot/testing/smoke_test.go:272)", "testing.tRunner (/opt/hostedtoolcache/go/1.25.7/x64/src/testing/testing.go:1934)"], "moduletrace": ["github.com/fil-forge/ingot/testing.StartHarness (/home/runner/work/ingot/ingot/testing/harness.go:164)", "github.com/fil-forge/ingot/testing.StartHarness (/home/runner/work/ingot/ingot/testing/harness.go:142)"], "type": "uploader.BodyUploader"}
    logger.go:146: 2026-07-02T18:54:29.256Z	INFO	provided	{"constructor": "fx.Annotate(github.com/fil-forge/ingot/testing.StartHarness.func12(), fx.As([[uploader.BlobRemover]])", "stacktrace": ["github.com/fil-forge/ingot/testing.StartHarness (/home/runner/work/ingot/ingot/testing/harness.go:164)", "github.com/fil-forge/ingot/testing.smokeHarness (/home/runner/work/ingot/ingot/testing/smoke_test.go:41)", "github.com/fil-forge/ingot/testing.TestSmokeXFail_CreateBucket (/home/runner/work/ingot/ingot/testing/smoke_test.go:272)", "testing.tRunner (/opt/hostedtoolcache/go/1.25.7/x64/src/testing/testing.go:1934)"], "moduletrace": ["github.com/fil-forge/ingot/testing.StartHarness (/home/runner/work/ingot/ingot/testing/harness.go:164)", "github.com/fil-forge/ingot/testing.StartHarness (/home/runner/work/ingot/ingot/testing/harness.go:142)"], "type": "uploader.BlobRemover"}
    logger.go:146: 2026-07-02T18:54:29.257Z	INFO	initialized custom fxevent.Logger	{"function": "github.com/fil-forge/ingot/testing.StartHarness.func1()"}
    logger.go:146: 2026-07-02T18:54:29.257Z	INFO	invoking	{"function": "github.com/fil-forge/ingot.registerServerLifecycle()", "module": "ingot-server"}
    logger.go:146: 2026-07-02T18:54:29.257Z	INFO	before run	{"name": "go.uber.org/fx.New.func1()", "kind": "provide"}
    logger.go:146: 2026-07-02T18:54:29.257Z	INFO	run	{"name": "go.uber.org/fx.New.func1()", "kind": "provide", "runtime": "14.026µs"}
    logger.go:146: 2026-07-02T18:54:29.257Z	INFO	before run	{"name": "stub(ingot.ServerConfig)", "kind": "supply"}
    logger.go:146: 2026-07-02T18:54:29.257Z	INFO	run	{"name": "stub(ingot.ServerConfig)", "kind": "supply", "runtime": "18.754µs"}
    logger.go:146: 2026-07-02T18:54:29.257Z	INFO	before run	{"name": "stub(*zap.Logger)", "kind": "supply"}
    logger.go:146: 2026-07-02T18:54:29.257Z	INFO	run	{"name": "stub(*zap.Logger)", "kind": "supply", "runtime": "16.451µs"}
    logger.go:146: 2026-07-02T18:54:29.257Z	INFO	before run	{"name": "fx.Annotate(github.com/fil-forge/ingot/testing.StartHarness.func9(), fx.As([[blockstore.BlockReader]])", "kind": "provide"}
    logger.go:146: 2026-07-02T18:54:29.257Z	INFO	run	{"name": "fx.Annotate(github.com/fil-forge/ingot/testing.StartHarness.func9(), fx.As([[blockstore.BlockReader]])", "kind": "provide", "runtime": "62.056µs"}
    logger.go:146: 2026-07-02T18:54:29.257Z	INFO	before run	{"name": "fx.Annotate(github.com/fil-forge/ingot/testing.StartHarness.func10(), fx.As([[uploader.Uploader]])", "kind": "provide"}
    logger.go:146: 2026-07-02T18:54:29.258Z	INFO	run	{"name": "fx.Annotate(github.com/fil-forge/ingot/testing.StartHarness.func10(), fx.As([[uploader.Uploader]])", "kind": "provide", "runtime": "32.17µs"}
    logger.go:146: 2026-07-02T18:54:29.258Z	INFO	before run	{"name": "fx.Annotate(github.com/fil-forge/ingot/testing.StartHarness.func11(), fx.As([[uploader.BodyUploader]])", "kind": "provide"}
    logger.go:146: 2026-07-02T18:54:29.258Z	INFO	run	{"name": "fx.Annotate(github.com/fil-forge/ingot/testing.StartHarness.func11(), fx.As([[uploader.BodyUploader]])", "kind": "provide", "runtime": "33.192µs"}
    logger.go:146: 2026-07-02T18:54:29.258Z	INFO	before run	{"name": "fx.Annotate(github.com/fil-forge/ingot/testing.StartHarness.func12(), fx.As([[uploader.BlobRemover]])", "kind": "provide"}
    logger.go:146: 2026-07-02T18:54:29.258Z	INFO	run	{"name": "fx.Annotate(github.com/fil-forge/ingot/testing.StartHarness.func12(), fx.As([[uploader.BlobRemover]])", "kind": "provide", "runtime": "30.347µs"}
    logger.go:146: 2026-07-02T18:54:29.258Z	INFO	before run	{"name": "fx.Annotate(github.com/fil-forge/ingot/testing.StartHarness.func2(), fx.As([[registry.Registry]])", "kind": "provide"}
    logger.go:146: 2026-07-02T18:54:29.258Z	INFO	run	{"name": "fx.Annotate(github.com/fil-forge/ingot/testing.StartHarness.func2(), fx.As([[registry.Registry]])", "kind": "provide", "runtime": "39.895µs"}
    logger.go:146: 2026-07-02T18:54:29.258Z	INFO	before run	{"name": "fx.Annotate(github.com/fil-forge/ingot/testing.StartHarness.func3(), fx.As([[registry.IntentStore]])", "kind": "provide"}
    logger.go:146: 2026-07-02T18:54:29.258Z	INFO	run	{"name": "fx.Annotate(github.com/fil-forge/ingot/testing.StartHarness.func3(), fx.As([[registry.IntentStore]])", "kind": "provide", "runtime": "37.2µs"}
    logger.go:146: 2026-07-02T18:54:29.258Z	INFO	before run	{"name": "fx.Annotate(github.com/fil-forge/ingot/testing.StartHarness.func4(), fx.As([[registry.LocationStore]])", "kind": "provide"}
    logger.go:146: 2026-07-02T18:54:29.258Z	INFO	run	{"name": "fx.Annotate(github.com/fil-forge/ingot/testing.StartHarness.func4(), fx.As([[registry.LocationStore]])", "kind": "provide", "runtime": "37.41µs"}
    logger.go:146: 2026-07-02T18:54:29.258Z	INFO	before run	{"name": "fx.Annotate(github.com/fil-forge/ingot/testing.StartHarness.func5(), fx.As([[registry.BlobRefStore]])", "kind": "provide"}
    logger.go:146: 2026-07-02T18:54:29.258Z	INFO	run	{"name": "fx.Annotate(github.com/fil-forge/ingot/testing.StartHarness.func5(), fx.As([[registry.BlobRefStore]])", "kind": "provide", "runtime": "33.753µs"}
    logger.go:146: 2026-07-02T18:54:29.258Z	INFO	before run	{"name": "fx.Annotate(github.com/fil-forge/ingot/testing.StartHarness.func6(), fx.As([[registry.GCStore]])", "kind": "provide"}
    logger.go:146: 2026-07-02T18:54:29.259Z	INFO	run	{"name": "fx.Annotate(github.com/fil-forge/ingot/testing.StartHarness.func6(), fx.As([[registry.GCStore]])", "kind": "provide", "runtime": "31.699µs"}
    logger.go:146: 2026-07-02T18:54:29.259Z	INFO	before run	{"name": "fx.Annotate(github.com/fil-forge/ingot/testing.StartHarness.func7(), fx.As([[registry.MultipartStore]])", "kind": "provide"}
    logger.go:146: 2026-07-02T18:54:29.259Z	INFO	run	{"name": "fx.Annotate(github.com/fil-forge/ingot/testing.StartHarness.func7(), fx.As([[registry.MultipartStore]])", "kind": "provide", "runtime": "36.888µs"}
    logger.go:146: 2026-07-02T18:54:29.259Z	INFO	before run	{"name": "fx.Annotate(github.com/fil-forge/ingot/testing.StartHarness.func8(), fx.As([[logstore.Meta]])", "kind": "provide"}
    logger.go:146: 2026-07-02T18:54:29.259Z	INFO	run	{"name": "fx.Annotate(github.com/fil-forge/ingot/testing.StartHarness.func8(), fx.As([[logstore.Meta]])", "kind": "provide", "runtime": "39.654µs"}
    logger.go:146: 2026-07-02T18:54:29.259Z	INFO	OnStart hook executing	{"callee": "github.com/fil-forge/ingot.registerServerLifecycle.func1()", "caller": "github.com/fil-forge/ingot.registerServerLifecycle"}
    logger.go:146: 2026-07-02T18:54:29.261Z	INFO	starting ingot S3 listener	{"addr": "127.0.0.1:32785", "region": "us-east-1", "data_dir": "/tmp/ingot-harness-2850555512", "max_blob_size": 268435456}
    logger.go:146: 2026-07-02T18:54:29.261Z	INFO	OnStart hook executed	{"callee": "github.com/fil-forge/ingot.registerServerLifecycle.func1()", "caller": "github.com/fil-forge/ingot.registerServerLifecycle", "runtime": "1.487389ms"}
    logger.go:146: 2026-07-02T18:54:29.261Z	INFO	started
=== RUN   TestSmokeXFail_CreateBucket/as_user
RUN  CreateBucket_as_user
FAIL CreateBucket_as_user: fork/exec ./versitygw: no such file or directory
    smoke_test.go:280: known-failing: CreateBucket_as_user: fork/exec ./versitygw: no such file or directory
=== RUN   TestSmokeXFail_CreateBucket/default_acl
RUN  CreateBucket_default_acl
FAIL CreateBucket_default_acl: expected grants length to be 1, instead got 0
    smoke_test.go:280: known-failing: expected grants length to be 1, instead got 0
=== RUN   TestSmokeXFail_CreateBucket/default_object_lock
RUN  CreateBucket_default_object_lock
FAIL CreateBucket_default_object_lock: operation error S3: GetObjectLockConfiguration, https response error StatusCode: 404, RequestID: , HostID: , api error ObjectLockConfigurationNotFoundError: Object Lock configuration does not exist for this bucket.
    smoke_test.go:280: known-failing: CreateBucket_default_object_lock: operation error S3: GetObjectLockConfiguration, https response error StatusCode: 404, RequestID: , HostID: , api error ObjectLockConfigurationNotFoundError: Object Lock configuration does not exist for this bucket.
=== RUN   TestSmokeXFail_CreateBucket/duplicate_keys
RUN  CreateBucket_duplicate_keys
FAIL CreateBucket_duplicate_keys: expected InvalidTag, instead got nil
    smoke_test.go:280: known-failing: expected InvalidTag, instead got nil
=== RUN   TestSmokeXFail_CreateBucket/existing_bucket
RUN  CreateBucket_existing_bucket
FAIL CreateBucket_existing_bucket: fork/exec ./versitygw: no such file or directory
    smoke_test.go:280: known-failing: CreateBucket_existing_bucket: fork/exec ./versitygw: no such file or directory
=== RUN   TestSmokeXFail_CreateBucket/invalid_tags
RUN  CreateBucket_invalid_tags
FAIL CreateBucket_invalid_tags: test 1 failed: expected err <?xml version="1.0" encoding="UTF-8"?>
<APIError><Code>InvalidTag</Code><Description>The TagKey you have provided is invalid</Description><HTTPStatusCode>400</HTTPStatusCode></APIError>, instead got nil
    smoke_test.go:280: known-failing: test 1 failed: expected err <?xml version="1.0" encoding="UTF-8"?>
        <APIError><Code>InvalidTag</Code><Description>The TagKey you have provided is invalid</Description><HTTPStatusCode>400</HTTPStatusCode></APIError>, instead got nil
=== RUN   TestSmokeXFail_CreateBucket/long_tags
RUN  CreateBucket_long_tags
FAIL CreateBucket_long_tags: expected InvalidTag, instead got nil
    smoke_test.go:280: known-failing: expected InvalidTag, instead got nil
=== RUN   TestSmokeXFail_CreateBucket/non_default_acl
RUN  CreateBucket_non_default_acl
FAIL CreateBucket_non_default_acl: fork/exec ./versitygw: no such file or directory
    smoke_test.go:280: known-failing: CreateBucket_non_default_acl: fork/exec ./versitygw: no such file or directory
=== RUN   TestSmokeXFail_CreateBucket/owned_by_you
RUN  CreateBucket_owned_by_you
FAIL CreateBucket_owned_by_you: expected error to be <?xml version="1.0" encoding="UTF-8"?>
<APIError><Code>BucketAlreadyOwnedByYou</Code><Description>Your previous request to create the named bucket succeeded and you already own it.</Description><HTTPStatusCode>409</HTTPStatusCode></APIError>, instead got operation error S3: CreateBucket, https response error StatusCode: 409, RequestID: , HostID: , BucketAlreadyExists: The requested bucket name is not available. The bucket name can not be an existing collection, and the bucket namespace is shared by all users of the system. Please select a different name and try again.
    smoke_test.go:280: known-failing: expected error to be <?xml version="1.0" encoding="UTF-8"?>
        <APIError><Code>BucketAlreadyOwnedByYou</Code><Description>Your previous request to create the named bucket succeeded and you already own it.</Description><HTTPStatusCode>409</HTTPStatusCode></APIError>, instead got operation error S3: CreateBucket, https response error StatusCode: 409, RequestID: , HostID: , BucketAlreadyExists: The requested bucket name is not available. The bucket name can not be an existing collection, and the bucket namespace is shared by all users of the system. Please select a different name and try again.
=== RUN   TestSmokeXFail_CreateBucket/private_canned_acl
RUN  CreateBucket_private_canned_acl
FAIL CreateBucket_private_canned_acl: expected grants length to be 1, instead got 0
    smoke_test.go:280: known-failing: expected grants length to be 1, instead got 0
=== RUN   TestSmokeXFail_CreateBucket/private_canned_acl_bucket_owner_enforced_ownership
RUN  CreateBucket_private_canned_acl_bucket_owner_enforced_ownership
FAIL CreateBucket_private_canned_acl_bucket_owner_enforced_ownership: expected grants length to be 1, instead got 0
    smoke_test.go:280: known-failing: expected grants length to be 1, instead got 0
=== RUN   TestSmokeXFail_CreateBucket/tag_count_limit
RUN  CreateBucket_tag_count_limit
FAIL CreateBucket_tag_count_limit: expected BadRequest, instead got nil
    smoke_test.go:280: known-failing: expected BadRequest, instead got nil
=== NAME  TestSmokeXFail_CreateBucket
    logger.go:146: 2026-07-02T18:54:29.292Z	INFO	OnStop hook executing	{"callee": "github.com/fil-forge/ingot.registerServerLifecycle.func2()", "caller": "github.com/fil-forge/ingot.registerServerLifecycle"}
    logger.go:146: 2026-07-02T18:54:29.292Z	INFO	shutting down ingot S3 listener
    logger.go:146: 2026-07-02T18:54:29.292Z	ERROR	ingot listener error	{"error": "listener closed"}
    logger.go:146: 2026-07-02T18:54:29.293Z	INFO	OnStop hook executed	{"callee": "github.com/fil-forge/ingot.registerServerLifecycle.func2()", "caller": "github.com/fil-forge/ingot.registerServerLifecycle", "runtime": "169.327µs"}
--- PASS: TestSmokeXFail_CreateBucket (0.04s)
    --- SKIP: TestSmokeXFail_CreateBucket/as_user (0.00s)
    --- SKIP: TestSmokeXFail_CreateBucket/default_acl (0.01s)
    --- SKIP: TestSmokeXFail_CreateBucket/default_object_lock (0.00s)
    --- SKIP: TestSmokeXFail_CreateBucket/duplicate_keys (0.00s)
    --- SKIP: TestSmokeXFail_CreateBucket/existing_bucket (0.00s)
    --- SKIP: TestSmokeXFail_CreateBucket/invalid_tags (0.00s)
    --- SKIP: TestSmokeXFail_CreateBucket/long_tags (0.00s)
    --- SKIP: TestSmokeXFail_CreateBucket/non_default_acl (0.00s)
    --- SKIP: TestSmokeXFail_CreateBucket/owned_by_you (0.01s)
    --- SKIP: TestSmokeXFail_CreateBucket/private_canned_acl (0.00s)
    --- SKIP: TestSmokeXFail_CreateBucket/private_canned_acl_bucket_owner_enforced_ownership (0.00s)
    --- SKIP: TestSmokeXFail_CreateBucket/tag_count_limit (0.00s)
=== RUN   TestHarnessLifecycle
    logger.go:146: 2026-07-02T18:54:29.295Z	INFO	provided	{"constructor": "go.uber.org/fx.New.func1()", "stacktrace": ["go.uber.org/fx.New (/home/runner/go/pkg/mod/go.uber.org/fx@v1.24.0/app.go:481)", "github.com/fil-forge/ingot/testing.StartHarness (/home/runner/work/ingot/ingot/testing/harness.go:142)", "github.com/fil-forge/ingot/testing_test.TestHarnessLifecycle (/home/runner/work/ingot/ingot/testing/harness_test.go:19)", "testing.tRunner (/opt/hostedtoolcache/go/1.25.7/x64/src/testing/testing.go:1934)"], "moduletrace": ["go.uber.org/fx.New (/home/runner/go/pkg/mod/go.uber.org/fx@v1.24.0/app.go:481)", "github.com/fil-forge/ingot/testing.StartHarness (/home/runner/work/ingot/ingot/testing/harness.go:142)"], "type": "fx.Lifecycle"}
    logger.go:146: 2026-07-02T18:54:29.295Z	INFO	provided	{"constructor": "go.uber.org/fx.(*App).shutdowner-fm()", "stacktrace": ["go.uber.org/fx.New (/home/runner/go/pkg/mod/go.uber.org/fx@v1.24.0/app.go:481)", "github.com/fil-forge/ingot/testing.StartHarness (/home/runner/work/ingot/ingot/testing/harness.go:142)", "github.com/fil-forge/ingot/testing_test.TestHarnessLifecycle (/home/runner/work/ingot/ingot/testing/harness_test.go:19)", "testing.tRunner (/opt/hostedtoolcache/go/1.25.7/x64/src/testing/testing.go:1934)"], "moduletrace": ["go.uber.org/fx.New (/home/runner/go/pkg/mod/go.uber.org/fx@v1.24.0/app.go:481)", "github.com/fil-forge/ingot/testing.StartHarness (/home/runner/work/ingot/ingot/testing/harness.go:142)"], "type": "fx.Shutdowner"}
    logger.go:146: 2026-07-02T18:54:29.295Z	INFO	provided	{"constructor": "go.uber.org/fx.(*App).dotGraph-fm()", "stacktrace": ["go.uber.org/fx.New (/home/runner/go/pkg/mod/go.uber.org/fx@v1.24.0/app.go:481)", "github.com/fil-forge/ingot/testing.StartHarness (/home/runner/work/ingot/ingot/testing/harness.go:142)", "github.com/fil-forge/ingot/testing_test.TestHarnessLifecycle (/home/runner/work/ingot/ingot/testing/harness_test.go:19)", "testing.tRunner (/opt/hostedtoolcache/go/1.25.7/x64/src/testing/testing.go:1934)"], "moduletrace": ["go.uber.org/fx.New (/home/runner/go/pkg/mod/go.uber.org/fx@v1.24.0/app.go:481)", "github.com/fil-forge/ingot/testing.StartHarness (/home/runner/work/ingot/ingot/testing/harness.go:142)"], "type": "fx.DotGraph"}
    logger.go:146: 2026-07-02T18:54:29.295Z	INFO	supplied	{"type": "*zap.Logger", "stacktrace": ["github.com/fil-forge/ingot/testing.StartHarness (/home/runner/work/ingot/ingot/testing/harness.go:146)", "github.com/fil-forge/ingot/testing_test.TestHarnessLifecycle (/home/runner/work/ingot/ingot/testing/harness_test.go:19)", "testing.tRunner (/opt/hostedtoolcache/go/1.25.7/x64/src/testing/testing.go:1934)"], "moduletrace": ["github.com/fil-forge/ingot/testing.StartHarness (/home/runner/work/ingot/ingot/testing/harness.go:146)", "github.com/fil-forge/ingot/testing.StartHarness (/home/runner/work/ingot/ingot/testing/harness.go:142)"]}
    logger.go:146: 2026-07-02T18:54:29.295Z	INFO	supplied	{"type": "ingot.ServerConfig", "stacktrace": ["github.com/fil-forge/ingot/testing.StartHarness (/home/runner/work/ingot/ingot/testing/harness.go:147)", "github.com/fil-forge/ingot/testing_test.TestHarnessLifecycle (/home/runner/work/ingot/ingot/testing/harness_test.go:19)", "testing.tRunner (/opt/hostedtoolcache/go/1.25.7/x64/src/testing/testing.go:1934)"], "moduletrace": ["github.com/fil-forge/ingot/testing.StartHarness (/home/runner/work/ingot/ingot/testing/harness.go:147)", "github.com/fil-forge/ingot/testing.StartHarness (/home/runner/work/ingot/ingot/testing/harness.go:142)"]}
    logger.go:146: 2026-07-02T18:54:29.295Z	INFO	provided	{"constructor": "fx.Annotate(github.com/fil-forge/ingot/testing.StartHarness.func2(), fx.As([[registry.Registry]])", "stacktrace": ["github.com/fil-forge/ingot/testing.StartHarness (/home/runner/work/ingot/ingot/testing/harness.go:164)", "github.com/fil-forge/ingot/testing_test.TestHarnessLifecycle (/home/runner/work/ingot/ingot/testing/harness_test.go:19)", "testing.tRunner (/opt/hostedtoolcache/go/1.25.7/x64/src/testing/testing.go:1934)"], "moduletrace": ["github.com/fil-forge/ingot/testing.StartHarness (/home/runner/work/ingot/ingot/testing/harness.go:164)", "github.com/fil-forge/ingot/testing.StartHarness (/home/runner/work/ingot/ingot/testing/harness.go:142)"], "type": "registry.Registry"}
    logger.go:146: 2026-07-02T18:54:29.296Z	INFO	provided	{"constructor": "fx.Annotate(github.com/fil-forge/ingot/testing.StartHarness.func3(), fx.As([[registry.IntentStore]])", "stacktrace": ["github.com/fil-forge/ingot/testing.StartHarness (/home/runner/work/ingot/ingot/testing/harness.go:164)", "github.com/fil-forge/ingot/testing_test.TestHarnessLifecycle (/home/runner/work/ingot/ingot/testing/harness_test.go:19)", "testing.tRunner (/opt/hostedtoolcache/go/1.25.7/x64/src/testing/testing.go:1934)"], "moduletrace": ["github.com/fil-forge/ingot/testing.StartHarness (/home/runner/work/ingot/ingot/testing/harness.go:164)", "github.com/fil-forge/ingot/testing.StartHarness (/home/runner/work/ingot/ingot/testing/harness.go:142)"], "type": "registry.IntentStore"}
    logger.go:146: 2026-07-02T18:54:29.296Z	INFO	provided	{"constructor": "fx.Annotate(github.com/fil-forge/ingot/testing.StartHarness.func4(), fx.As([[registry.LocationStore]])", "stacktrace": ["github.com/fil-forge/ingot/testing.StartHarness (/home/runner/work/ingot/ingot/testing/harness.go:164)", "github.com/fil-forge/ingot/testing_test.TestHarnessLifecycle (/home/runner/work/ingot/ingot/testing/harness_test.go:19)", "testing.tRunner (/opt/hostedtoolcache/go/1.25.7/x64/src/testing/testing.go:1934)"], "moduletrace": ["github.com/fil-forge/ingot/testing.StartHarness (/home/runner/work/ingot/ingot/testing/harness.go:164)", "github.com/fil-forge/ingot/testing.StartHarness (/home/runner/work/ingot/ingot/testing/harness.go:142)"], "type": "registry.LocationStore"}
    logger.go:146: 2026-07-02T18:54:29.296Z	INFO	provided	{"constructor": "fx.Annotate(github.com/fil-forge/ingot/testing.StartHarness.func5(), fx.As([[registry.BlobRefStore]])", "stacktrace": ["github.com/fil-forge/ingot/testing.StartHarness (/home/runner/work/ingot/ingot/testing/harness.go:164)", "github.com/fil-forge/ingot/testing_test.TestHarnessLifecycle (/home/runner/work/ingot/ingot/testing/harness_test.go:19)", "testing.tRunner (/opt/hostedtoolcache/go/1.25.7/x64/src/testing/testing.go:1934)"], "moduletrace": ["github.com/fil-forge/ingot/testing.StartHarness (/home/runner/work/ingot/ingot/testing/harness.go:164)", "github.com/fil-forge/ingot/testing.StartHarness (/home/runner/work/ingot/ingot/testing/harness.go:142)"], "type": "registry.BlobRefStore"}
    logger.go:146: 2026-07-02T18:54:29.296Z	INFO	provided	{"constructor": "fx.Annotate(github.com/fil-forge/ingot/testing.StartHarness.func6(), fx.As([[registry.GCStore]])", "stacktrace": ["github.com/fil-forge/ingot/testing.StartHarness (/home/runner/work/ingot/ingot/testing/harness.go:164)", "github.com/fil-forge/ingot/testing_test.TestHarnessLifecycle (/home/runner/work/ingot/ingot/testing/harness_test.go:19)", "testing.tRunner (/opt/hostedtoolcache/go/1.25.7/x64/src/testing/testing.go:1934)"], "moduletrace": ["github.com/fil-forge/ingot/testing.StartHarness (/home/runner/work/ingot/ingot/testing/harness.go:164)", "github.com/fil-forge/ingot/testing.StartHarness (/home/runner/work/ingot/ingot/testing/harness.go:142)"], "type": "registry.GCStore"}
    logger.go:146: 2026-07-02T18:54:29.296Z	INFO	provided	{"constructor": "fx.Annotate(github.com/fil-forge/ingot/testing.StartHarness.func7(), fx.As([[registry.MultipartStore]])", "stacktrace": ["github.com/fil-forge/ingot/testing.StartHarness (/home/runner/work/ingot/ingot/testing/harness.go:164)", "github.com/fil-forge/ingot/testing_test.TestHarnessLifecycle (/home/runner/work/ingot/ingot/testing/harness_test.go:19)", "testing.tRunner (/opt/hostedtoolcache/go/1.25.7/x64/src/testing/testing.go:1934)"], "moduletrace": ["github.com/fil-forge/ingot/testing.StartHarness (/home/runner/work/ingot/ingot/testing/harness.go:164)", "github.com/fil-forge/ingot/testing.StartHarness (/home/runner/work/ingot/ingot/testing/harness.go:142)"], "type": "registry.MultipartStore"}
    logger.go:146: 2026-07-02T18:54:29.296Z	INFO	provided	{"constructor": "fx.Annotate(github.com/fil-forge/ingot/testing.StartHarness.func8(), fx.As([[logstore.Meta]])", "stacktrace": ["github.com/fil-forge/ingot/testing.StartHarness (/home/runner/work/ingot/ingot/testing/harness.go:164)", "github.com/fil-forge/ingot/testing_test.TestHarnessLifecycle (/home/runner/work/ingot/ingot/testing/harness_test.go:19)", "testing.tRunner (/opt/hostedtoolcache/go/1.25.7/x64/src/testing/testing.go:1934)"], "moduletrace": ["github.com/fil-forge/ingot/testing.StartHarness (/home/runner/work/ingot/ingot/testing/harness.go:164)", "github.com/fil-forge/ingot/testing.StartHarness (/home/runner/work/ingot/ingot/testing/harness.go:142)"], "type": "logstore.Meta"}
    logger.go:146: 2026-07-02T18:54:29.296Z	INFO	provided	{"constructor": "fx.Annotate(github.com/fil-forge/ingot/testing.StartHarness.func9(), fx.As([[blockstore.BlockReader]])", "stacktrace": ["github.com/fil-forge/ingot/testing.StartHarness (/home/runner/work/ingot/ingot/testing/harness.go:164)", "github.com/fil-forge/ingot/testing_test.TestHarnessLifecycle (/home/runner/work/ingot/ingot/testing/harness_test.go:19)", "testing.tRunner (/opt/hostedtoolcache/go/1.25.7/x64/src/testing/testing.go:1934)"], "moduletrace": ["github.com/fil-forge/ingot/testing.StartHarness (/home/runner/work/ingot/ingot/testing/harness.go:164)", "github.com/fil-forge/ingot/testing.StartHarness (/home/runner/work/ingot/ingot/testing/harness.go:142)"], "type": "blockstore.BlockReader"}
    logger.go:146: 2026-07-02T18:54:29.296Z	INFO	provided	{"constructor": "fx.Annotate(github.com/fil-forge/ingot/testing.StartHarness.func10(), fx.As([[uploader.Uploader]])", "stacktrace": ["github.com/fil-forge/ingot/testing.StartHarness (/home/runner/work/ingot/ingot/testing/harness.go:164)", "github.com/fil-forge/ingot/testing_test.TestHarnessLifecycle (/home/runner/work/ingot/ingot/testing/harness_test.go:19)", "testing.tRunner (/opt/hostedtoolcache/go/1.25.7/x64/src/testing/testing.go:1934)"], "moduletrace": ["github.com/fil-forge/ingot/testing.StartHarness (/home/runner/work/ingot/ingot/testing/harness.go:164)", "github.com/fil-forge/ingot/testing.StartHarness (/home/runner/work/ingot/ingot/testing/harness.go:142)"], "type": "uploader.Uploader"}
    logger.go:146: 2026-07-02T18:54:29.296Z	INFO	provided	{"constructor": "fx.Annotate(github.com/fil-forge/ingot/testing.StartHarness.func11(), fx.As([[uploader.BodyUploader]])", "stacktrace": ["github.com/fil-forge/ingot/testing.StartHarness (/home/runner/work/ingot/ingot/testing/harness.go:164)", "github.com/fil-forge/ingot/testing_test.TestHarnessLifecycle (/home/runner/work/ingot/ingot/testing/harness_test.go:19)", "testing.tRunner (/opt/hostedtoolcache/go/1.25.7/x64/src/testing/testing.go:1934)"], "moduletrace": ["github.com/fil-forge/ingot/testing.StartHarness (/home/runner/work/ingot/ingot/testing/harness.go:164)", "github.com/fil-forge/ingot/testing.StartHarness (/home/runner/work/ingot/ingot/testing/harness.go:142)"], "type": "uploader.BodyUploader"}
    logger.go:146: 2026-07-02T18:54:29.296Z	INFO	provided	{"constructor": "fx.Annotate(github.com/fil-forge/ingot/testing.StartHarness.func12(), fx.As([[uploader.BlobRemover]])", "stacktrace": ["github.com/fil-forge/ingot/testing.StartHarness (/home/runner/work/ingot/ingot/testing/harness.go:164)", "github.com/fil-forge/ingot/testing_test.TestHarnessLifecycle (/home/runner/work/ingot/ingot/testing/harness_test.go:19)", "testing.tRunner (/opt/hostedtoolcache/go/1.25.7/x64/src/testing/testing.go:1934)"], "moduletrace": ["github.com/fil-forge/ingot/testing.StartHarness (/home/runner/work/ingot/ingot/testing/harness.go:164)", "github.com/fil-forge/ingot/testing.StartHarness (/home/runner/work/ingot/ingot/testing/harness.go:142)"], "type": "uploader.BlobRemover"}
    logger.go:146: 2026-07-02T18:54:29.296Z	INFO	initialized custom fxevent.Logger	{"function": "github.com/fil-forge/ingot/testing.StartHarness.func1()"}
    logger.go:146: 2026-07-02T18:54:29.296Z	INFO	invoking	{"function": "github.com/fil-forge/ingot.registerServerLifecycle()", "module": "ingot-server"}
    logger.go:146: 2026-07-02T18:54:29.296Z	INFO	before run	{"name": "go.uber.org/fx.New.func1()", "kind": "provide"}
    logger.go:146: 2026-07-02T18:54:29.296Z	INFO	run	{"name": "go.uber.org/fx.New.func1()", "kind": "provide", "runtime": "10.019µs"}
    logger.go:146: 2026-07-02T18:54:29.296Z	INFO	before run	{"name": "stub(ingot.ServerConfig)", "kind": "supply"}
    logger.go:146: 2026-07-02T18:54:29.296Z	INFO	run	{"name": "stub(ingot.ServerConfig)", "kind": "supply", "runtime": "10.7µs"}
    logger.go:146: 2026-07-02T18:54:29.296Z	INFO	before run	{"name": "stub(*zap.Logger)", "kind": "supply"}
    logger.go:146: 2026-07-02T18:54:29.296Z	INFO	run	{"name": "stub(*zap.Logger)", "kind": "supply", "runtime": "9.488µs"}
    logger.go:146: 2026-07-02T18:54:29.296Z	INFO	before run	{"name": "fx.Annotate(github.com/fil-forge/ingot/testing.StartHarness.func9(), fx.As([[blockstore.BlockReader]])", "kind": "provide"}
    logger.go:146: 2026-07-02T18:54:29.297Z	INFO	run	{"name": "fx.Annotate(github.com/fil-forge/ingot/testing.StartHarness.func9(), fx.As([[blockstore.BlockReader]])", "kind": "provide", "runtime": "46.597µs"}
    logger.go:146: 2026-07-02T18:54:29.297Z	INFO	before run	{"name": "fx.Annotate(github.com/fil-forge/ingot/testing.StartHarness.func10(), fx.As([[uploader.Uploader]])", "kind": "provide"}
    logger.go:146: 2026-07-02T18:54:29.297Z	INFO	run	{"name": "fx.Annotate(github.com/fil-forge/ingot/testing.StartHarness.func10(), fx.As([[uploader.Uploader]])", "kind": "provide", "runtime": "17.983µs"}
    logger.go:146: 2026-07-02T18:54:29.297Z	INFO	before run	{"name": "fx.Annotate(github.com/fil-forge/ingot/testing.StartHarness.func11(), fx.As([[uploader.BodyUploader]])", "kind": "provide"}
    logger.go:146: 2026-07-02T18:54:29.297Z	INFO	run	{"name": "fx.Annotate(github.com/fil-forge/ingot/testing.StartHarness.func11(), fx.As([[uploader.BodyUploader]])", "kind": "provide", "runtime": "17.883µs"}
    logger.go:146: 2026-07-02T18:54:29.297Z	INFO	before run	{"name": "fx.Annotate(github.com/fil-forge/ingot/testing.StartHarness.func12(), fx.As([[uploader.BlobRemover]])", "kind": "provide"}
    logger.go:146: 2026-07-02T18:54:29.297Z	INFO	run	{"name": "fx.Annotate(github.com/fil-forge/ingot/testing.StartHarness.func12(), fx.As([[uploader.BlobRemover]])", "kind": "provide", "runtime": "16.53µs"}
    logger.go:146: 2026-07-02T18:54:29.297Z	INFO	before run	{"name": "fx.Annotate(github.com/fil-forge/ingot/testing.StartHarness.func2(), fx.As([[registry.Registry]])", "kind": "provide"}
    logger.go:146: 2026-07-02T18:54:29.297Z	INFO	run	{"name": "fx.Annotate(github.com/fil-forge/ingot/testing.StartHarness.func2(), fx.As([[registry.Registry]])", "kind": "provide", "runtime": "23.434µs"}
    logger.go:146: 2026-07-02T18:54:29.297Z	INFO	before run	{"name": "fx.Annotate(github.com/fil-forge/ingot/testing.StartHarness.func3(), fx.As([[registry.IntentStore]])", "kind": "provide"}
    logger.go:146: 2026-07-02T18:54:29.297Z	INFO	run	{"name": "fx.Annotate(github.com/fil-forge/ingot/testing.StartHarness.func3(), fx.As([[registry.IntentStore]])", "kind": "provide", "runtime": "44.843µs"}
    logger.go:146: 2026-07-02T18:54:29.297Z	INFO	before run	{"name": "fx.Annotate(github.com/fil-forge/ingot/testing.StartHarness.func4(), fx.As([[registry.LocationStore]])", "kind": "provide"}
    logger.go:146: 2026-07-02T18:54:29.297Z	INFO	run	{"name": "fx.Annotate(github.com/fil-forge/ingot/testing.StartHarness.func4(), fx.As([[registry.LocationStore]])", "kind": "provide", "runtime": "21.7µs"}
    logger.go:146: 2026-07-02T18:54:29.297Z	INFO	before run	{"name": "fx.Annotate(github.com/fil-forge/ingot/testing.StartHarness.func5(), fx.As([[registry.BlobRefStore]])", "kind": "provide"}
    logger.go:146: 2026-07-02T18:54:29.297Z	INFO	run	{"name": "fx.Annotate(github.com/fil-forge/ingot/testing.StartHarness.func5(), fx.As([[registry.BlobRefStore]])", "kind": "provide", "runtime": "20.939µs"}
    logger.go:146: 2026-07-02T18:54:29.297Z	INFO	before run	{"name": "fx.Annotate(github.com/fil-forge/ingot/testing.StartHarness.func6(), fx.As([[registry.GCStore]])", "kind": "provide"}
    logger.go:146: 2026-07-02T18:54:29.297Z	INFO	run	{"name": "fx.Annotate(github.com/fil-forge/ingot/testing.StartHarness.func6(), fx.As([[registry.GCStore]])", "kind": "provide", "runtime": "18.184µs"}
    logger.go:146: 2026-07-02T18:54:29.297Z	INFO	before run	{"name": "fx.Annotate(github.com/fil-forge/ingot/testing.StartHarness.func7(), fx.As([[registry.MultipartStore]])", "kind": "provide"}
    logger.go:146: 2026-07-02T18:54:29.298Z	INFO	run	{"name": "fx.Annotate(github.com/fil-forge/ingot/testing.StartHarness.func7(), fx.As([[registry.MultipartStore]])", "kind": "provide", "runtime": "21.24µs"}
    logger.go:146: 2026-07-02T18:54:29.298Z	INFO	before run	{"name": "fx.Annotate(github.com/fil-forge/ingot/testing.StartHarness.func8(), fx.As([[logstore.Meta]])", "kind": "provide"}
    logger.go:146: 2026-07-02T18:54:29.298Z	INFO	run	{"name": "fx.Annotate(github.com/fil-forge/ingot/testing.StartHarness.func8(), fx.As([[logstore.Meta]])", "kind": "provide", "runtime": "21.981µs"}
    logger.go:146: 2026-07-02T18:54:29.298Z	INFO	OnStart hook executing	{"callee": "github.com/fil-forge/ingot.registerServerLifecycle.func1()", "caller": "github.com/fil-forge/ingot.registerServerLifecycle"}
    logger.go:146: 2026-07-02T18:54:29.299Z	INFO	starting ingot S3 listener	{"addr": "127.0.0.1:46705", "region": "us-east-1", "data_dir": "/tmp/ingot-harness-2540827856", "max_blob_size": 268435456}
    logger.go:146: 2026-07-02T18:54:29.299Z	INFO	OnStart hook executed	{"callee": "github.com/fil-forge/ingot.registerServerLifecycle.func1()", "caller": "github.com/fil-forge/ingot.registerServerLifecycle", "runtime": "1.481849ms"}
    logger.go:146: 2026-07-02T18:54:29.300Z	INFO	started
    logger.go:146: 2026-07-02T18:54:29.300Z	INFO	OnStop hook executing	{"callee": "github.com/fil-forge/ingot.registerServerLifecycle.func2()", "caller": "github.com/fil-forge/ingot.registerServerLifecycle"}
    logger.go:146: 2026-07-02T18:54:29.300Z	INFO	shutting down ingot S3 listener
    logger.go:146: 2026-07-02T18:54:29.301Z	ERROR	ingot listener error	{"error": "listener closed"}
    logger.go:146: 2026-07-02T18:54:29.301Z	INFO	OnStop hook executed	{"callee": "github.com/fil-forge/ingot.registerServerLifecycle.func2()", "caller": "github.com/fil-forge/ingot.registerServerLifecycle", "runtime": "123.264µs"}
--- PASS: TestHarnessLifecycle (0.01s)
=== RUN   TestSmokeXFail_HeadObject
    logger.go:146: 2026-07-02T18:54:29.303Z	INFO	provided	{"constructor": "go.uber.org/fx.New.func1()", "stacktrace": ["go.uber.org/fx.New (/home/runner/go/pkg/mod/go.uber.org/fx@v1.24.0/app.go:481)", "github.com/fil-forge/ingot/testing.StartHarness (/home/runner/work/ingot/ingot/testing/harness.go:142)", "github.com/fil-forge/ingot/testing.smokeHarness (/home/runner/work/ingot/ingot/testing/smoke_test.go:41)", "github.com/fil-forge/ingot/testing.TestSmokeXFail_HeadObject (/home/runner/work/ingot/ingot/testing/smoke_test.go:347)", "testing.tRunner (/opt/hostedtoolcache/go/1.25.7/x64/src/testing/testing.go:1934)"], "moduletrace": ["go.uber.org/fx.New (/home/runner/go/pkg/mod/go.uber.org/fx@v1.24.0/app.go:481)", "github.com/fil-forge/ingot/testing.StartHarness (/home/runner/work/ingot/ingot/testing/harness.go:142)"], "type": "fx.Lifecycle"}
    logger.go:146: 2026-07-02T18:54:29.303Z	INFO	provided	{"constructor": "go.uber.org/fx.(*App).shutdowner-fm()", "stacktrace": ["go.uber.org/fx.New (/home/runner/go/pkg/mod/go.uber.org/fx@v1.24.0/app.go:481)", "github.com/fil-forge/ingot/testing.StartHarness (/home/runner/work/ingot/ingot/testing/harness.go:142)", "github.com/fil-forge/ingot/testing.smokeHarness (/home/runner/work/ingot/ingot/testing/smoke_test.go:41)", "github.com/fil-forge/ingot/testing.TestSmokeXFail_HeadObject (/home/runner/work/ingot/ingot/testing/smoke_test.go:347)", "testing.tRunner (/opt/hostedtoolcache/go/1.25.7/x64/src/testing/testing.go:1934)"], "moduletrace": ["go.uber.org/fx.New (/home/runner/go/pkg/mod/go.uber.org/fx@v1.24.0/app.go:481)", "github.com/fil-forge/ingot/testing.StartHarness (/home/runner/work/ingot/ingot/testing/harness.go:142)"], "type": "fx.Shutdowner"}
    logger.go:146: 2026-07-02T18:54:29.304Z	INFO	provided	{"constructor": "go.uber.org/fx.(*App).dotGraph-fm()", "stacktrace": ["go.uber.org/fx.New (/home/runner/go/pkg/mod/go.uber.org/fx@v1.24.0/app.go:481)", "github.com/fil-forge/ingot/testing.StartHarness (/home/runner/work/ingot/ingot/testing/harness.go:142)", "github.com/fil-forge/ingot/testing.smokeHarness (/home/runner/work/ingot/ingot/testing/smoke_test.go:41)", "github.com/fil-forge/ingot/testing.TestSmokeXFail_HeadObject (/home/runner/work/ingot/ingot/testing/smoke_test.go:347)", "testing.tRunner (/opt/hostedtoolcache/go/1.25.7/x64/src/testing/testing.go:1934)"], "moduletrace": ["go.uber.org/fx.New (/home/runner/go/pkg/mod/go.uber.org/fx@v1.24.0/app.go:481)", "github.com/fil-forge/ingot/testing.StartHarness (/home/runner/work/ingot/ingot/testing/harness.go:142)"], "type": "fx.DotGraph"}
    logger.go:146: 2026-07-02T18:54:29.304Z	INFO	supplied	{"type": "*zap.Logger", "stacktrace": ["github.com/fil-forge/ingot/testing.StartHarness (/home/runner/work/ingot/ingot/testing/harness.go:146)", "github.com/fil-forge/ingot/testing.smokeHarness (/home/runner/work/ingot/ingot/testing/smoke_test.go:41)", "github.com/fil-forge/ingot/testing.TestSmokeXFail_HeadObject (/home/runner/work/ingot/ingot/testing/smoke_test.go:347)", "testing.tRunner (/opt/hostedtoolcache/go/1.25.7/x64/src/testing/testing.go:1934)"], "moduletrace": ["github.com/fil-forge/ingot/testing.StartHarness (/home/runner/work/ingot/ingot/testing/harness.go:146)", "github.com/fil-forge/ingot/testing.StartHarness (/home/runner/work/ingot/ingot/testing/harness.go:142)"]}
    logger.go:146: 2026-07-02T18:54:29.304Z	INFO	supplied	{"type": "ingot.ServerConfig", "stacktrace": ["github.com/fil-forge/ingot/testing.StartHarness (/home/runner/work/ingot/ingot/testing/harness.go:147)", "github.com/fil-forge/ingot/testing.smokeHarness (/home/runner/work/ingot/ingot/testing/smoke_test.go:41)", "github.com/fil-forge/ingot/testing.TestSmokeXFail_HeadObject (/home/runner/work/ingot/ingot/testing/smoke_test.go:347)", "testing.tRunner (/opt/hostedtoolcache/go/1.25.7/x64/src/testing/testing.go:1934)"], "moduletrace": ["github.com/fil-forge/ingot/testing.StartHarness (/home/runner/work/ingot/ingot/testing/harness.go:147)", "github.com/fil-forge/ingot/testing.StartHarness (/home/runner/work/ingot/ingot/testing/harness.go:142)"]}
    logger.go:146: 2026-07-02T18:54:29.304Z	INFO	provided	{"constructor": "fx.Annotate(github.com/fil-forge/ingot/testing.StartHarness.func2(), fx.As([[registry.Registry]])", "stacktrace": ["github.com/fil-forge/ingot/testing.StartHarness (/home/runner/work/ingot/ingot/testing/harness.go:164)", "github.com/fil-forge/ingot/testing.smokeHarness (/home/runner/work/ingot/ingot/testing/smoke_test.go:41)", "github.com/fil-forge/ingot/testing.TestSmokeXFail_HeadObject (/home/runner/work/ingot/ingot/testing/smoke_test.go:347)", "testing.tRunner (/opt/hostedtoolcache/go/1.25.7/x64/src/testing/testing.go:1934)"], "moduletrace": ["github.com/fil-forge/ingot/testing.StartHarness (/home/runner/work/ingot/ingot/testing/harness.go:164)", "github.com/fil-forge/ingot/testing.StartHarness (/home/runner/work/ingot/ingot/testing/harness.go:142)"], "type": "registry.Registry"}
    logger.go:146: 2026-07-02T18:54:29.304Z	INFO	provided	{"constructor": "fx.Annotate(github.com/fil-forge/ingot/testing.StartHarness.func3(), fx.As([[registry.IntentStore]])", "stacktrace": ["github.com/fil-forge/ingot/testing.StartHarness (/home/runner/work/ingot/ingot/testing/harness.go:164)", "github.com/fil-forge/ingot/testing.smokeHarness (/home/runner/work/ingot/ingot/testing/smoke_test.go:41)", "github.com/fil-forge/ingot/testing.TestSmokeXFail_HeadObject (/home/runner/work/ingot/ingot/testing/smoke_test.go:347)", "testing.tRunner (/opt/hostedtoolcache/go/1.25.7/x64/src/testing/testing.go:1934)"], "moduletrace": ["github.com/fil-forge/ingot/testing.StartHarness (/home/runner/work/ingot/ingot/testing/harness.go:164)", "github.com/fil-forge/ingot/testing.StartHarness (/home/runner/work/ingot/ingot/testing/harness.go:142)"], "type": "registry.IntentStore"}
    logger.go:146: 2026-07-02T18:54:29.304Z	INFO	provided	{"constructor": "fx.Annotate(github.com/fil-forge/ingot/testing.StartHarness.func4(), fx.As([[registry.LocationStore]])", "stacktrace": ["github.com/fil-forge/ingot/testing.StartHarness (/home/runner/work/ingot/ingot/testing/harness.go:164)", "github.com/fil-forge/ingot/testing.smokeHarness (/home/runner/work/ingot/ingot/testing/smoke_test.go:41)", "github.com/fil-forge/ingot/testing.TestSmokeXFail_HeadObject (/home/runner/work/ingot/ingot/testing/smoke_test.go:347)", "testing.tRunner (/opt/hostedtoolcache/go/1.25.7/x64/src/testing/testing.go:1934)"], "moduletrace": ["github.com/fil-forge/ingot/testing.StartHarness (/home/runner/work/ingot/ingot/testing/harness.go:164)", "github.com/fil-forge/ingot/testing.StartHarness (/home/runner/work/ingot/ingot/testing/harness.go:142)"], "type": "registry.LocationStore"}
    logger.go:146: 2026-07-02T18:54:29.304Z	INFO	provided	{"constructor": "fx.Annotate(github.com/fil-forge/ingot/testing.StartHarness.func5(), fx.As([[registry.BlobRefStore]])", "stacktrace": ["github.com/fil-forge/ingot/testing.StartHarness (/home/runner/work/ingot/ingot/testing/harness.go:164)", "github.com/fil-forge/ingot/testing.smokeHarness (/home/runner/work/ingot/ingot/testing/smoke_test.go:41)", "github.com/fil-forge/ingot/testing.TestSmokeXFail_HeadObject (/home/runner/work/ingot/ingot/testing/smoke_test.go:347)", "testing.tRunner (/opt/hostedtoolcache/go/1.25.7/x64/src/testing/testing.go:1934)"], "moduletrace": ["github.com/fil-forge/ingot/testing.StartHarness (/home/runner/work/ingot/ingot/testing/harness.go:164)", "github.com/fil-forge/ingot/testing.StartHarness (/home/runner/work/ingot/ingot/testing/harness.go:142)"], "type": "registry.BlobRefStore"}
    logger.go:146: 2026-07-02T18:54:29.304Z	INFO	provided	{"constructor": "fx.Annotate(github.com/fil-forge/ingot/testing.StartHarness.func6(), fx.As([[registry.GCStore]])", "stacktrace": ["github.com/fil-forge/ingot/testing.StartHarness (/home/runner/work/ingot/ingot/testing/harness.go:164)", "github.com/fil-forge/ingot/testing.smokeHarness (/home/runner/work/ingot/ingot/testing/smoke_test.go:41)", "github.com/fil-forge/ingot/testing.TestSmokeXFail_HeadObject (/home/runner/work/ingot/ingot/testing/smoke_test.go:347)", "testing.tRunner (/opt/hostedtoolcache/go/1.25.7/x64/src/testing/testing.go:1934)"], "moduletrace": ["github.com/fil-forge/ingot/testing.StartHarness (/home/runner/work/ingot/ingot/testing/harness.go:164)", "github.com/fil-forge/ingot/testing.StartHarness (/home/runner/work/ingot/ingot/testing/harness.go:142)"], "type": "registry.GCStore"}
    logger.go:146: 2026-07-02T18:54:29.304Z	INFO	provided	{"constructor": "fx.Annotate(github.com/fil-forge/ingot/testing.StartHarness.func7(), fx.As([[registry.MultipartStore]])", "stacktrace": ["github.com/fil-forge/ingot/testing.StartHarness (/home/runner/work/ingot/ingot/testing/harness.go:164)", "github.com/fil-forge/ingot/testing.smokeHarness (/home/runner/work/ingot/ingot/testing/smoke_test.go:41)", "github.com/fil-forge/ingot/testing.TestSmokeXFail_HeadObject (/home/runner/work/ingot/ingot/testing/smoke_test.go:347)", "testing.tRunner (/opt/hostedtoolcache/go/1.25.7/x64/src/testing/testing.go:1934)"], "moduletrace": ["github.com/fil-forge/ingot/testing.StartHarness (/home/runner/work/ingot/ingot/testing/harness.go:164)", "github.com/fil-forge/ingot/testing.StartHarness (/home/runner/work/ingot/ingot/testing/harness.go:142)"], "type": "registry.MultipartStore"}
    logger.go:146: 2026-07-02T18:54:29.304Z	INFO	provided	{"constructor": "fx.Annotate(github.com/fil-forge/ingot/testing.StartHarness.func8(), fx.As([[logstore.Meta]])", "stacktrace": ["github.com/fil-forge/ingot/testing.StartHarness (/home/runner/work/ingot/ingot/testing/harness.go:164)", "github.com/fil-forge/ingot/testing.smokeHarness (/home/runner/work/ingot/ingot/testing/smoke_test.go:41)", "github.com/fil-forge/ingot/testing.TestSmokeXFail_HeadObject (/home/runner/work/ingot/ingot/testing/smoke_test.go:347)", "testing.tRunner (/opt/hostedtoolcache/go/1.25.7/x64/src/testing/testing.go:1934)"], "moduletrace": ["github.com/fil-forge/ingot/testing.StartHarness (/home/runner/work/ingot/ingot/testing/harness.go:164)", "github.com/fil-forge/ingot/testing.StartHarness (/home/runner/work/ingot/ingot/testing/harness.go:142)"], "type": "logstore.Meta"}
    logger.go:146: 2026-07-02T18:54:29.304Z	INFO	provided	{"constructor": "fx.Annotate(github.com/fil-forge/ingot/testing.StartHarness.func9(), fx.As([[blockstore.BlockReader]])", "stacktrace": ["github.com/fil-forge/ingot/testing.StartHarness (/home/runner/work/ingot/ingot/testing/harness.go:164)", "github.com/fil-forge/ingot/testing.smokeHarness (/home/runner/work/ingot/ingot/testing/smoke_test.go:41)", "github.com/fil-forge/ingot/testing.TestSmokeXFail_HeadObject (/home/runner/work/ingot/ingot/testing/smoke_test.go:347)", "testing.tRunner (/opt/hostedtoolcache/go/1.25.7/x64/src/testing/testing.go:1934)"], "moduletrace": ["github.com/fil-forge/ingot/testing.StartHarness (/home/runner/work/ingot/ingot/testing/harness.go:164)", "github.com/fil-forge/ingot/testing.StartHarness (/home/runner/work/ingot/ingot/testing/harness.go:142)"], "type": "blockstore.BlockReader"}
    logger.go:146: 2026-07-02T18:54:29.304Z	INFO	provided	{"constructor": "fx.Annotate(github.com/fil-forge/ingot/testing.StartHarness.func10(), fx.As([[uploader.Uploader]])", "stacktrace": ["github.com/fil-forge/ingot/testing.StartHarness (/home/runner/work/ingot/ingot/testing/harness.go:164)", "github.com/fil-forge/ingot/testing.smokeHarness (/home/runner/work/ingot/ingot/testing/smoke_test.go:41)", "github.com/fil-forge/ingot/testing.TestSmokeXFail_HeadObject (/home/runner/work/ingot/ingot/testing/smoke_test.go:347)", "testing.tRunner (/opt/hostedtoolcache/go/1.25.7/x64/src/testing/testing.go:1934)"], "moduletrace": ["github.com/fil-forge/ingot/testing.StartHarness (/home/runner/work/ingot/ingot/testing/harness.go:164)", "github.com/fil-forge/ingot/testing.StartHarness (/home/runner/work/ingot/ingot/testing/harness.go:142)"], "type": "uploader.Uploader"}
    logger.go:146: 2026-07-02T18:54:29.304Z	INFO	provided	{"constructor": "fx.Annotate(github.com/fil-forge/ingot/testing.StartHarness.func11(), fx.As([[uploader.BodyUploader]])", "stacktrace": ["github.com/fil-forge/ingot/testing.StartHarness (/home/runner/work/ingot/ingot/testing/harness.go:164)", "github.com/fil-forge/ingot/testing.smokeHarness (/home/runner/work/ingot/ingot/testing/smoke_test.go:41)", "github.com/fil-forge/ingot/testing.TestSmokeXFail_HeadObject (/home/runner/work/ingot/ingot/testing/smoke_test.go:347)", "testing.tRunner (/opt/hostedtoolcache/go/1.25.7/x64/src/testing/testing.go:1934)"], "moduletrace": ["github.com/fil-forge/ingot/testing.StartHarness (/home/runner/work/ingot/ingot/testing/harness.go:164)", "github.com/fil-forge/ingot/testing.StartHarness (/home/runner/work/ingot/ingot/testing/harness.go:142)"], "type": "uploader.BodyUploader"}
    logger.go:146: 2026-07-02T18:54:29.304Z	INFO	provided	{"constructor": "fx.Annotate(github.com/fil-forge/ingot/testing.StartHarness.func12(), fx.As([[uploader.BlobRemover]])", "stacktrace": ["github.com/fil-forge/ingot/testing.StartHarness (/home/runner/work/ingot/ingot/testing/harness.go:164)", "github.com/fil-forge/ingot/testing.smokeHarness (/home/runner/work/ingot/ingot/testing/smoke_test.go:41)", "github.com/fil-forge/ingot/testing.TestSmokeXFail_HeadObject (/home/runner/work/ingot/ingot/testing/smoke_test.go:347)", "testing.tRunner (/opt/hostedtoolcache/go/1.25.7/x64/src/testing/testing.go:1934)"], "moduletrace": ["github.com/fil-forge/ingot/testing.StartHarness (/home/runner/work/ingot/ingot/testing/harness.go:164)", "github.com/fil-forge/ingot/testing.StartHarness (/home/runner/work/ingot/ingot/testing/harness.go:142)"], "type": "uploader.BlobRemover"}
    logger.go:146: 2026-07-02T18:54:29.304Z	INFO	initialized custom fxevent.Logger	{"function": "github.com/fil-forge/ingot/testing.StartHarness.func1()"}
    logger.go:146: 2026-07-02T18:54:29.305Z	INFO	invoking	{"function": "github.com/fil-forge/ingot.registerServerLifecycle()", "module": "ingot-server"}
    logger.go:146: 2026-07-02T18:54:29.305Z	INFO	before run	{"name": "go.uber.org/fx.New.func1()", "kind": "provide"}
    logger.go:146: 2026-07-02T18:54:29.305Z	INFO	run	{"name": "go.uber.org/fx.New.func1()", "kind": "provide", "runtime": "12.363µs"}
    logger.go:146: 2026-07-02T18:54:29.305Z	INFO	before run	{"name": "stub(ingot.ServerConfig)", "kind": "supply"}
    logger.go:146: 2026-07-02T18:54:29.305Z	INFO	run	{"name": "stub(ingot.ServerConfig)", "kind": "supply", "runtime": "16.511µs"}
    logger.go:146: 2026-07-02T18:54:29.305Z	INFO	before run	{"name": "stub(*zap.Logger)", "kind": "supply"}
    logger.go:146: 2026-07-02T18:54:29.305Z	INFO	run	{"name": "stub(*zap.Logger)", "kind": "supply", "runtime": "10.219µs"}
    logger.go:146: 2026-07-02T18:54:29.305Z	INFO	before run	{"name": "fx.Annotate(github.com/fil-forge/ingot/testing.StartHarness.func9(), fx.As([[blockstore.BlockReader]])", "kind": "provide"}
    logger.go:146: 2026-07-02T18:54:29.305Z	INFO	run	{"name": "fx.Annotate(github.com/fil-forge/ingot/testing.StartHarness.func9(), fx.As([[blockstore.BlockReader]])", "kind": "provide", "runtime": "62.786µs"}
    logger.go:146: 2026-07-02T18:54:29.305Z	INFO	before run	{"name": "fx.Annotate(github.com/fil-forge/ingot/testing.StartHarness.func10(), fx.As([[uploader.Uploader]])", "kind": "provide"}
    logger.go:146: 2026-07-02T18:54:29.305Z	INFO	run	{"name": "fx.Annotate(github.com/fil-forge/ingot/testing.StartHarness.func10(), fx.As([[uploader.Uploader]])", "kind": "provide", "runtime": "31.398µs"}
    logger.go:146: 2026-07-02T18:54:29.305Z	INFO	before run	{"name": "fx.Annotate(github.com/fil-forge/ingot/testing.StartHarness.func11(), fx.As([[uploader.BodyUploader]])", "kind": "provide"}
    logger.go:146: 2026-07-02T18:54:29.305Z	INFO	run	{"name": "fx.Annotate(github.com/fil-forge/ingot/testing.StartHarness.func11(), fx.As([[uploader.BodyUploader]])", "kind": "provide", "runtime": "26.209µs"}
    logger.go:146: 2026-07-02T18:54:29.305Z	INFO	before run	{"name": "fx.Annotate(github.com/fil-forge/ingot/testing.StartHarness.func12(), fx.As([[uploader.BlobRemover]])", "kind": "provide"}
    logger.go:146: 2026-07-02T18:54:29.306Z	INFO	run	{"name": "fx.Annotate(github.com/fil-forge/ingot/testing.StartHarness.func12(), fx.As([[uploader.BlobRemover]])", "kind": "provide", "runtime": "29.054µs"}
    logger.go:146: 2026-07-02T18:54:29.306Z	INFO	before run	{"name": "fx.Annotate(github.com/fil-forge/ingot/testing.StartHarness.func2(), fx.As([[registry.Registry]])", "kind": "provide"}
    logger.go:146: 2026-07-02T18:54:29.306Z	INFO	run	{"name": "fx.Annotate(github.com/fil-forge/ingot/testing.StartHarness.func2(), fx.As([[registry.Registry]])", "kind": "provide", "runtime": "33.092µs"}
    logger.go:146: 2026-07-02T18:54:29.306Z	INFO	before run	{"name": "fx.Annotate(github.com/fil-forge/ingot/testing.StartHarness.func3(), fx.As([[registry.IntentStore]])", "kind": "provide"}
    logger.go:146: 2026-07-02T18:54:29.306Z	INFO	run	{"name": "fx.Annotate(github.com/fil-forge/ingot/testing.StartHarness.func3(), fx.As([[registry.IntentStore]])", "kind": "provide", "runtime": "23.133µs"}
    logger.go:146: 2026-07-02T18:54:29.306Z	INFO	before run	{"name": "fx.Annotate(github.com/fil-forge/ingot/testing.StartHarness.func4(), fx.As([[registry.LocationStore]])", "kind": "provide"}
    logger.go:146: 2026-07-02T18:54:29.306Z	INFO	run	{"name": "fx.Annotate(github.com/fil-forge/ingot/testing.StartHarness.func4(), fx.As([[registry.LocationStore]])", "kind": "provide", "runtime": "21.8µs"}
    logger.go:146: 2026-07-02T18:54:29.306Z	INFO	before run	{"name": "fx.Annotate(github.com/fil-forge/ingot/testing.StartHarness.func5(), fx.As([[registry.BlobRefStore]])", "kind": "provide"}
    logger.go:146: 2026-07-02T18:54:29.306Z	INFO	run	{"name": "fx.Annotate(github.com/fil-forge/ingot/testing.StartHarness.func5(), fx.As([[registry.BlobRefStore]])", "kind": "provide", "runtime": "29.435µs"}
    logger.go:146: 2026-07-02T18:54:29.306Z	INFO	before run	{"name": "fx.Annotate(github.com/fil-forge/ingot/testing.StartHarness.func6(), fx.As([[registry.GCStore]])", "kind": "provide"}
    logger.go:146: 2026-07-02T18:54:29.306Z	INFO	run	{"name": "fx.Annotate(github.com/fil-forge/ingot/testing.StartHarness.func6(), fx.As([[registry.GCStore]])", "kind": "provide", "runtime": "31.038µs"}
    logger.go:146: 2026-07-02T18:54:29.306Z	INFO	before run	{"name": "fx.Annotate(github.com/fil-forge/ingot/testing.StartHarness.func7(), fx.As([[registry.MultipartStore]])", "kind": "provide"}
    logger.go:146: 2026-07-02T18:54:29.306Z	INFO	run	{"name": "fx.Annotate(github.com/fil-forge/ingot/testing.StartHarness.func7(), fx.As([[registry.MultipartStore]])", "kind": "provide", "runtime": "21.801µs"}
    logger.go:146: 2026-07-02T18:54:29.306Z	INFO	before run	{"name": "fx.Annotate(github.com/fil-forge/ingot/testing.StartHarness.func8(), fx.As([[logstore.Meta]])", "kind": "provide"}
    logger.go:146: 2026-07-02T18:54:29.307Z	INFO	run	{"name": "fx.Annotate(github.com/fil-forge/ingot/testing.StartHarness.func8(), fx.As([[logstore.Meta]])", "kind": "provide", "runtime": "33.132µs"}
    logger.go:146: 2026-07-02T18:54:29.307Z	INFO	OnStart hook executing	{"callee": "github.com/fil-forge/ingot.registerServerLifecycle.func1()", "caller": "github.com/fil-forge/ingot.registerServerLifecycle"}
    logger.go:146: 2026-07-02T18:54:29.308Z	INFO	starting ingot S3 listener	{"addr": "127.0.0.1:38101", "region": "us-east-1", "data_dir": "/tmp/ingot-harness-3636580989", "max_blob_size": 268435456}
    logger.go:146: 2026-07-02T18:54:29.308Z	INFO	OnStart hook executed	{"callee": "github.com/fil-forge/ingot.registerServerLifecycle.func1()", "caller": "github.com/fil-forge/ingot.registerServerLifecycle", "runtime": "1.453416ms"}
    logger.go:146: 2026-07-02T18:54:29.308Z	INFO	started
=== RUN   TestSmokeXFail_HeadObject/overrides_fail_public
RUN  HeadObject_overrides_fail_public
FAIL HeadObject_overrides_fail_public: operation error S3: PutBucketPolicy, https response error StatusCode: 501, RequestID: , HostID: , api error NotImplemented: A header you provided implies functionality that is not implemented.
    smoke_test.go:355: known-failing: operation error S3: PutBucketPolicy, https response error StatusCode: 501, RequestID: , HostID: , api error NotImplemented: A header you provided implies functionality that is not implemented.
=== RUN   TestSmokeXFail_HeadObject/success
RUN  HeadObject_success
FAIL HeadObject_success: expected the tagcount to be 1, instead got 0
    smoke_test.go:355: known-failing: expected the tagcount to be 1, instead got 0
=== NAME  TestSmokeXFail_HeadObject
    logger.go:146: 2026-07-02T18:54:29.339Z	INFO	OnStop hook executing	{"callee": "github.com/fil-forge/ingot.registerServerLifecycle.func2()", "caller": "github.com/fil-forge/ingot.registerServerLifecycle"}
    logger.go:146: 2026-07-02T18:54:29.339Z	INFO	shutting down ingot S3 listener
    logger.go:146: 2026-07-02T18:54:29.339Z	ERROR	ingot listener error	{"error": "listener closed"}
    logger.go:146: 2026-07-02T18:54:29.339Z	INFO	OnStop hook executed	{"callee": "github.com/fil-forge/ingot.registerServerLifecycle.func2()", "caller": "github.com/fil-forge/ingot.registerServerLifecycle", "runtime": "641.462µs"}
--- PASS: TestSmokeXFail_HeadObject (0.04s)
    --- SKIP: TestSmokeXFail_HeadObject/overrides_fail_public (0.01s)
    --- SKIP: TestSmokeXFail_HeadObject/success (0.02s)
=== RUN   TestSmoke_GetObject
    logger.go:146: 2026-07-02T18:54:29.342Z	INFO	provided	{"constructor": "go.uber.org/fx.New.func1()", "stacktrace": ["go.uber.org/fx.New (/home/runner/go/pkg/mod/go.uber.org/fx@v1.24.0/app.go:481)", "github.com/fil-forge/ingot/testing.StartHarness (/home/runner/work/ingot/ingot/testing/harness.go:142)", "github.com/fil-forge/ingot/testing.smokeHarness (/home/runner/work/ingot/ingot/testing/smoke_test.go:41)", "github.com/fil-forge/ingot/testing.TestSmoke_GetObject (/home/runner/work/ingot/ingot/testing/smoke_test.go:186)", "testing.tRunner (/opt/hostedtoolcache/go/1.25.7/x64/src/testing/testing.go:1934)"], "moduletrace": ["go.uber.org/fx.New (/home/runner/go/pkg/mod/go.uber.org/fx@v1.24.0/app.go:481)", "github.com/fil-forge/ingot/testing.StartHarness (/home/runner/work/ingot/ingot/testing/harness.go:142)"], "type": "fx.Lifecycle"}
    logger.go:146: 2026-07-02T18:54:29.342Z	INFO	provided	{"constructor": "go.uber.org/fx.(*App).shutdowner-fm()", "stacktrace": ["go.uber.org/fx.New (/home/runner/go/pkg/mod/go.uber.org/fx@v1.24.0/app.go:481)", "github.com/fil-forge/ingot/testing.StartHarness (/home/runner/work/ingot/ingot/testing/harness.go:142)", "github.com/fil-forge/ingot/testing.smokeHarness (/home/runner/work/ingot/ingot/testing/smoke_test.go:41)", "github.com/fil-forge/ingot/testing.TestSmoke_GetObject (/home/runner/work/ingot/ingot/testing/smoke_test.go:186)", "testing.tRunner (/opt/hostedtoolcache/go/1.25.7/x64/src/testing/testing.go:1934)"], "moduletrace": ["go.uber.org/fx.New (/home/runner/go/pkg/mod/go.uber.org/fx@v1.24.0/app.go:481)", "github.com/fil-forge/ingot/testing.StartHarness (/home/runner/work/ingot/ingot/testing/harness.go:142)"], "type": "fx.Shutdowner"}
    logger.go:146: 2026-07-02T18:54:29.342Z	INFO	provided	{"constructor": "go.uber.org/fx.(*App).dotGraph-fm()", "stacktrace": ["go.uber.org/fx.New (/home/runner/go/pkg/mod/go.uber.org/fx@v1.24.0/app.go:481)", "github.com/fil-forge/ingot/testing.StartHarness (/home/runner/work/ingot/ingot/testing/harness.go:142)", "github.com/fil-forge/ingot/testing.smokeHarness (/home/runner/work/ingot/ingot/testing/smoke_test.go:41)", "github.com/fil-forge/ingot/testing.TestSmoke_GetObject (/home/runner/work/ingot/ingot/testing/smoke_test.go:186)", "testing.tRunner (/opt/hostedtoolcache/go/1.25.7/x64/src/testing/testing.go:1934)"], "moduletrace": ["go.uber.org/fx.New (/home/runner/go/pkg/mod/go.uber.org/fx@v1.24.0/app.go:481)", "github.com/fil-forge/ingot/testing.StartHarness (/home/runner/work/ingot/ingot/testing/harness.go:142)"], "type": "fx.DotGraph"}
    logger.go:146: 2026-07-02T18:54:29.343Z	INFO	supplied	{"type": "*zap.Logger", "stacktrace": ["github.com/fil-forge/ingot/testing.StartHarness (/home/runner/work/ingot/ingot/testing/harness.go:146)", "github.com/fil-forge/ingot/testing.smokeHarness (/home/runner/work/ingot/ingot/testing/smoke_test.go:41)", "github.com/fil-forge/ingot/testing.TestSmoke_GetObject (/home/runner/work/ingot/ingot/testing/smoke_test.go:186)", "testing.tRunner (/opt/hostedtoolcache/go/1.25.7/x64/src/testing/testing.go:1934)"], "moduletrace": ["github.com/fil-forge/ingot/testing.StartHarness (/home/runner/work/ingot/ingot/testing/harness.go:146)", "github.com/fil-forge/ingot/testing.StartHarness (/home/runner/work/ingot/ingot/testing/harness.go:142)"]}
    logger.go:146: 2026-07-02T18:54:29.343Z	INFO	supplied	{"type": "ingot.ServerConfig", "stacktrace": ["github.com/fil-forge/ingot/testing.StartHarness (/home/runner/work/ingot/ingot/testing/harness.go:147)", "github.com/fil-forge/ingot/testing.smokeHarness (/home/runner/work/ingot/ingot/testing/smoke_test.go:41)", "github.com/fil-forge/ingot/testing.TestSmoke_GetObject (/home/runner/work/ingot/ingot/testing/smoke_test.go:186)", "testing.tRunner (/opt/hostedtoolcache/go/1.25.7/x64/src/testing/testing.go:1934)"], "moduletrace": ["github.com/fil-forge/ingot/testing.StartHarness (/home/runner/work/ingot/ingot/testing/harness.go:147)", "github.com/fil-forge/ingot/testing.StartHarness (/home/runner/work/ingot/ingot/testing/harness.go:142)"]}
    logger.go:146: 2026-07-02T18:54:29.343Z	INFO	provided	{"constructor": "fx.Annotate(github.com/fil-forge/ingot/testing.StartHarness.func2(), fx.As([[registry.Registry]])", "stacktrace": ["github.com/fil-forge/ingot/testing.StartHarness (/home/runner/work/ingot/ingot/testing/harness.go:164)", "github.com/fil-forge/ingot/testing.smokeHarness (/home/runner/work/ingot/ingot/testing/smoke_test.go:41)", "github.com/fil-forge/ingot/testing.TestSmoke_GetObject (/home/runner/work/ingot/ingot/testing/smoke_test.go:186)", "testing.tRunner (/opt/hostedtoolcache/go/1.25.7/x64/src/testing/testing.go:1934)"], "moduletrace": ["github.com/fil-forge/ingot/testing.StartHarness (/home/runner/work/ingot/ingot/testing/harness.go:164)", "github.com/fil-forge/ingot/testing.StartHarness (/home/runner/work/ingot/ingot/testing/harness.go:142)"], "type": "registry.Registry"}
    logger.go:146: 2026-07-02T18:54:29.343Z	INFO	provided	{"constructor": "fx.Annotate(github.com/fil-forge/ingot/testing.StartHarness.func3(), fx.As([[registry.IntentStore]])", "stacktrace": ["github.com/fil-forge/ingot/testing.StartHarness (/home/runner/work/ingot/ingot/testing/harness.go:164)", "github.com/fil-forge/ingot/testing.smokeHarness (/home/runner/work/ingot/ingot/testing/smoke_test.go:41)", "github.com/fil-forge/ingot/testing.TestSmoke_GetObject (/home/runner/work/ingot/ingot/testing/smoke_test.go:186)", "testing.tRunner (/opt/hostedtoolcache/go/1.25.7/x64/src/testing/testing.go:1934)"], "moduletrace": ["github.com/fil-forge/ingot/testing.StartHarness (/home/runner/work/ingot/ingot/testing/harness.go:164)", "github.com/fil-forge/ingot/testing.StartHarness (/home/runner/work/ingot/ingot/testing/harness.go:142)"], "type": "registry.IntentStore"}
    logger.go:146: 2026-07-02T18:54:29.343Z	INFO	provided	{"constructor": "fx.Annotate(github.com/fil-forge/ingot/testing.StartHarness.func4(), fx.As([[registry.LocationStore]])", "stacktrace": ["github.com/fil-forge/ingot/testing.StartHarness (/home/runner/work/ingot/ingot/testing/harness.go:164)", "github.com/fil-forge/ingot/testing.smokeHarness (/home/runner/work/ingot/ingot/testing/smoke_test.go:41)", "github.com/fil-forge/ingot/testing.TestSmoke_GetObject (/home/runner/work/ingot/ingot/testing/smoke_test.go:186)", "testing.tRunner (/opt/hostedtoolcache/go/1.25.7/x64/src/testing/testing.go:1934)"], "moduletrace": ["github.com/fil-forge/ingot/testing.StartHarness (/home/runner/work/ingot/ingot/testing/harness.go:164)", "github.com/fil-forge/ingot/testing.StartHarness (/home/runner/work/ingot/ingot/testing/harness.go:142)"], "type": "registry.LocationStore"}
    logger.go:146: 2026-07-02T18:54:29.343Z	INFO	provided	{"constructor": "fx.Annotate(github.com/fil-forge/ingot/testing.StartHarness.func5(), fx.As([[registry.BlobRefStore]])", "stacktrace": ["github.com/fil-forge/ingot/testing.StartHarness (/home/runner/work/ingot/ingot/testing/harness.go:164)", "github.com/fil-forge/ingot/testing.smokeHarness (/home/runner/work/ingot/ingot/testing/smoke_test.go:41)", "github.com/fil-forge/ingot/testing.TestSmoke_GetObject (/home/runner/work/ingot/ingot/testing/smoke_test.go:186)", "testing.tRunner (/opt/hostedtoolcache/go/1.25.7/x64/src/testing/testing.go:1934)"], "moduletrace": ["github.com/fil-forge/ingot/testing.StartHarness (/home/runner/work/ingot/ingot/testing/harness.go:164)", "github.com/fil-forge/ingot/testing.StartHarness (/home/runner/work/ingot/ingot/testing/harness.go:142)"], "type": "registry.BlobRefStore"}
    logger.go:146: 2026-07-02T18:54:29.343Z	INFO	provided	{"constructor": "fx.Annotate(github.com/fil-forge/ingot/testing.StartHarness.func6(), fx.As([[registry.GCStore]])", "stacktrace": ["github.com/fil-forge/ingot/testing.StartHarness (/home/runner/work/ingot/ingot/testing/harness.go:164)", "github.com/fil-forge/ingot/testing.smokeHarness (/home/runner/work/ingot/ingot/testing/smoke_test.go:41)", "github.com/fil-forge/ingot/testing.TestSmoke_GetObject (/home/runner/work/ingot/ingot/testing/smoke_test.go:186)", "testing.tRunner (/opt/hostedtoolcache/go/1.25.7/x64/src/testing/testing.go:1934)"], "moduletrace": ["github.com/fil-forge/ingot/testing.StartHarness (/home/runner/work/ingot/ingot/testing/harness.go:164)", "github.com/fil-forge/ingot/testing.StartHarness (/home/runner/work/ingot/ingot/testing/harness.go:142)"], "type": "registry.GCStore"}
    logger.go:146: 2026-07-02T18:54:29.343Z	INFO	provided	{"constructor": "fx.Annotate(github.com/fil-forge/ingot/testing.StartHarness.func7(), fx.As([[registry.MultipartStore]])", "stacktrace": ["github.com/fil-forge/ingot/testing.StartHarness (/home/runner/work/ingot/ingot/testing/harness.go:164)", "github.com/fil-forge/ingot/testing.smokeHarness (/home/runner/work/ingot/ingot/testing/smoke_test.go:41)", "github.com/fil-forge/ingot/testing.TestSmoke_GetObject (/home/runner/work/ingot/ingot/testing/smoke_test.go:186)", "testing.tRunner (/opt/hostedtoolcache/go/1.25.7/x64/src/testing/testing.go:1934)"], "moduletrace": ["github.com/fil-forge/ingot/testing.StartHarness (/home/runner/work/ingot/ingot/testing/harness.go:164)", "github.com/fil-forge/ingot/testing.StartHarness (/home/runner/work/ingot/ingot/testing/harness.go:142)"], "type": "registry.MultipartStore"}
    logger.go:146: 2026-07-02T18:54:29.343Z	INFO	provided	{"constructor": "fx.Annotate(github.com/fil-forge/ingot/testing.StartHarness.func8(), fx.As([[logstore.Meta]])", "stacktrace": ["github.com/fil-forge/ingot/testing.StartHarness (/home/runner/work/ingot/ingot/testing/harness.go:164)", "github.com/fil-forge/ingot/testing.smokeHarness (/home/runner/work/ingot/ingot/testing/smoke_test.go:41)", "github.com/fil-forge/ingot/testing.TestSmoke_GetObject (/home/runner/work/ingot/ingot/testing/smoke_test.go:186)", "testing.tRunner (/opt/hostedtoolcache/go/1.25.7/x64/src/testing/testing.go:1934)"], "moduletrace": ["github.com/fil-forge/ingot/testing.StartHarness (/home/runner/work/ingot/ingot/testing/harness.go:164)", "github.com/fil-forge/ingot/testing.StartHarness (/home/runner/work/ingot/ingot/testing/harness.go:142)"], "type": "logstore.Meta"}
    logger.go:146: 2026-07-02T18:54:29.343Z	INFO	provided	{"constructor": "fx.Annotate(github.com/fil-forge/ingot/testing.StartHarness.func9(), fx.As([[blockstore.BlockReader]])", "stacktrace": ["github.com/fil-forge/ingot/testing.StartHarness (/home/runner/work/ingot/ingot/testing/harness.go:164)", "github.com/fil-forge/ingot/testing.smokeHarness (/home/runner/work/ingot/ingot/testing/smoke_test.go:41)", "github.com/fil-forge/ingot/testing.TestSmoke_GetObject (/home/runner/work/ingot/ingot/testing/smoke_test.go:186)", "testing.tRunner (/opt/hostedtoolcache/go/1.25.7/x64/src/testing/testing.go:1934)"], "moduletrace": ["github.com/fil-forge/ingot/testing.StartHarness (/home/runner/work/ingot/ingot/testing/harness.go:164)", "github.com/fil-forge/ingot/testing.StartHarness (/home/runner/work/ingot/ingot/testing/harness.go:142)"], "type": "blockstore.BlockReader"}
    logger.go:146: 2026-07-02T18:54:29.343Z	INFO	provided	{"constructor": "fx.Annotate(github.com/fil-forge/ingot/testing.StartHarness.func10(), fx.As([[uploader.Uploader]])", "stacktrace": ["github.com/fil-forge/ingot/testing.StartHarness (/home/runner/work/ingot/ingot/testing/harness.go:164)", "github.com/fil-forge/ingot/testing.smokeHarness (/home/runner/work/ingot/ingot/testing/smoke_test.go:41)", "github.com/fil-forge/ingot/testing.TestSmoke_GetObject (/home/runner/work/ingot/ingot/testing/smoke_test.go:186)", "testing.tRunner (/opt/hostedtoolcache/go/1.25.7/x64/src/testing/testing.go:1934)"], "moduletrace": ["github.com/fil-forge/ingot/testing.StartHarness (/home/runner/work/ingot/ingot/testing/harness.go:164)", "github.com/fil-forge/ingot/testing.StartHarness (/home/runner/work/ingot/ingot/testing/harness.go:142)"], "type": "uploader.Uploader"}
    logger.go:146: 2026-07-02T18:54:29.343Z	INFO	provided	{"constructor": "fx.Annotate(github.com/fil-forge/ingot/testing.StartHarness.func11(), fx.As([[uploader.BodyUploader]])", "stacktrace": ["github.com/fil-forge/ingot/testing.StartHarness (/home/runner/work/ingot/ingot/testing/harness.go:164)", "github.com/fil-forge/ingot/testing.smokeHarness (/home/runner/work/ingot/ingot/testing/smoke_test.go:41)", "github.com/fil-forge/ingot/testing.TestSmoke_GetObject (/home/runner/work/ingot/ingot/testing/smoke_test.go:186)", "testing.tRunner (/opt/hostedtoolcache/go/1.25.7/x64/src/testing/testing.go:1934)"], "moduletrace": ["github.com/fil-forge/ingot/testing.StartHarness (/home/runner/work/ingot/ingot/testing/harness.go:164)", "github.com/fil-forge/ingot/testing.StartHarness (/home/runner/work/ingot/ingot/testing/harness.go:142)"], "type": "uploader.BodyUploader"}
    logger.go:146: 2026-07-02T18:54:29.343Z	INFO	provided	{"constructor": "fx.Annotate(github.com/fil-forge/ingot/testing.StartHarness.func12(), fx.As([[uploader.BlobRemover]])", "stacktrace": ["github.com/fil-forge/ingot/testing.StartHarness (/home/runner/work/ingot/ingot/testing/harness.go:164)", "github.com/fil-forge/ingot/testing.smokeHarness (/home/runner/work/ingot/ingot/testing/smoke_test.go:41)", "github.com/fil-forge/ingot/testing.TestSmoke_GetObject (/home/runner/work/ingot/ingot/testing/smoke_test.go:186)", "testing.tRunner (/opt/hostedtoolcache/go/1.25.7/x64/src/testing/testing.go:1934)"], "moduletrace": ["github.com/fil-forge/ingot/testing.StartHarness (/home/runner/work/ingot/ingot/testing/harness.go:164)", "github.com/fil-forge/ingot/testing.StartHarness (/home/runner/work/ingot/ingot/testing/harness.go:142)"], "type": "uploader.BlobRemover"}
    logger.go:146: 2026-07-02T18:54:29.343Z	INFO	initialized custom fxevent.Logger	{"function": "github.com/fil-forge/ingot/testing.StartHarness.func1()"}
    logger.go:146: 2026-07-02T18:54:29.343Z	INFO	invoking	{"function": "github.com/fil-forge/ingot.registerServerLifecycle()", "module": "ingot-server"}
    logger.go:146: 2026-07-02T18:54:29.343Z	INFO	before run	{"name": "go.uber.org/fx.New.func1()", "kind": "provide"}
    logger.go:146: 2026-07-02T18:54:29.343Z	INFO	run	{"name": "go.uber.org/fx.New.func1()", "kind": "provide", "runtime": "9.959µs"}
    logger.go:146: 2026-07-02T18:54:29.343Z	INFO	before run	{"name": "stub(ingot.ServerConfig)", "kind": "supply"}
    logger.go:146: 2026-07-02T18:54:29.344Z	INFO	run	{"name": "stub(ingot.ServerConfig)", "kind": "supply", "runtime": "10.78µs"}
    logger.go:146: 2026-07-02T18:54:29.344Z	INFO	before run	{"name": "stub(*zap.Logger)", "kind": "supply"}
    logger.go:146: 2026-07-02T18:54:29.344Z	INFO	run	{"name": "stub(*zap.Logger)", "kind": "supply", "runtime": "9.107µs"}
    logger.go:146: 2026-07-02T18:54:29.344Z	INFO	before run	{"name": "fx.Annotate(github.com/fil-forge/ingot/testing.StartHarness.func9(), fx.As([[blockstore.BlockReader]])", "kind": "provide"}
    logger.go:146: 2026-07-02T18:54:29.344Z	INFO	run	{"name": "fx.Annotate(github.com/fil-forge/ingot/testing.StartHarness.func9(), fx.As([[blockstore.BlockReader]])", "kind": "provide", "runtime": "51.806µs"}
    logger.go:146: 2026-07-02T18:54:29.344Z	INFO	before run	{"name": "fx.Annotate(github.com/fil-forge/ingot/testing.StartHarness.func10(), fx.As([[uploader.Uploader]])", "kind": "provide"}
    logger.go:146: 2026-07-02T18:54:29.344Z	INFO	run	{"name": "fx.Annotate(github.com/fil-forge/ingot/testing.StartHarness.func10(), fx.As([[uploader.Uploader]])", "kind": "provide", "runtime": "18.795µs"}
    logger.go:146: 2026-07-02T18:54:29.344Z	INFO	before run	{"name": "fx.Annotate(github.com/fil-forge/ingot/testing.StartHarness.func11(), fx.As([[uploader.BodyUploader]])", "kind": "provide"}
    logger.go:146: 2026-07-02T18:54:29.344Z	INFO	run	{"name": "fx.Annotate(github.com/fil-forge/ingot/testing.StartHarness.func11(), fx.As([[uploader.BodyUploader]])", "kind": "provide", "runtime": "17.943µs"}
    logger.go:146: 2026-07-02T18:54:29.344Z	INFO	before run	{"name": "fx.Annotate(github.com/fil-forge/ingot/testing.StartHarness.func12(), fx.As([[uploader.BlobRemover]])", "kind": "provide"}
    logger.go:146: 2026-07-02T18:54:29.344Z	INFO	run	{"name": "fx.Annotate(github.com/fil-forge/ingot/testing.StartHarness.func12(), fx.As([[uploader.BlobRemover]])", "kind": "provide", "runtime": "44.583µs"}
    logger.go:146: 2026-07-02T18:54:29.344Z	INFO	before run	{"name": "fx.Annotate(github.com/fil-forge/ingot/testing.StartHarness.func2(), fx.As([[registry.Registry]])", "kind": "provide"}
    logger.go:146: 2026-07-02T18:54:29.344Z	INFO	run	{"name": "fx.Annotate(github.com/fil-forge/ingot/testing.StartHarness.func2(), fx.As([[registry.Registry]])", "kind": "provide", "runtime": "25.016µs"}
    logger.go:146: 2026-07-02T18:54:29.344Z	INFO	before run	{"name": "fx.Annotate(github.com/fil-forge/ingot/testing.StartHarness.func3(), fx.As([[registry.IntentStore]])", "kind": "provide"}
    logger.go:146: 2026-07-02T18:54:29.344Z	INFO	run	{"name": "fx.Annotate(github.com/fil-forge/ingot/testing.StartHarness.func3(), fx.As([[registry.IntentStore]])", "kind": "provide", "runtime": "20.268µs"}
    logger.go:146: 2026-07-02T18:54:29.344Z	INFO	before run	{"name": "fx.Annotate(github.com/fil-forge/ingot/testing.StartHarness.func4(), fx.As([[registry.LocationStore]])", "kind": "provide"}
    logger.go:146: 2026-07-02T18:54:29.344Z	INFO	run	{"name": "fx.Annotate(github.com/fil-forge/ingot/testing.StartHarness.func4(), fx.As([[registry.LocationStore]])", "kind": "provide", "runtime": "19.646µs"}
    logger.go:146: 2026-07-02T18:54:29.344Z	INFO	before run	{"name": "fx.Annotate(github.com/fil-forge/ingot/testing.StartHarness.func5(), fx.As([[registry.BlobRefStore]])", "kind": "provide"}
    logger.go:146: 2026-07-02T18:54:29.345Z	INFO	run	{"name": "fx.Annotate(github.com/fil-forge/ingot/testing.StartHarness.func5(), fx.As([[registry.BlobRefStore]])", "kind": "provide", "runtime": "19.376µs"}
    logger.go:146: 2026-07-02T18:54:29.345Z	INFO	before run	{"name": "fx.Annotate(github.com/fil-forge/ingot/testing.StartHarness.func6(), fx.As([[registry.GCStore]])", "kind": "provide"}
    logger.go:146: 2026-07-02T18:54:29.345Z	INFO	run	{"name": "fx.Annotate(github.com/fil-forge/ingot/testing.StartHarness.func6(), fx.As([[registry.GCStore]])", "kind": "provide", "runtime": "17.963µs"}
    logger.go:146: 2026-07-02T18:54:29.345Z	INFO	before run	{"name": "fx.Annotate(github.com/fil-forge/ingot/testing.StartHarness.func7(), fx.As([[registry.MultipartStore]])", "kind": "provide"}
    logger.go:146: 2026-07-02T18:54:29.345Z	INFO	run	{"name": "fx.Annotate(github.com/fil-forge/ingot/testing.StartHarness.func7(), fx.As([[registry.MultipartStore]])", "kind": "provide", "runtime": "20.999µs"}
    logger.go:146: 2026-07-02T18:54:29.345Z	INFO	before run	{"name": "fx.Annotate(github.com/fil-forge/ingot/testing.StartHarness.func8(), fx.As([[logstore.Meta]])", "kind": "provide"}
    logger.go:146: 2026-07-02T18:54:29.345Z	INFO	run	{"name": "fx.Annotate(github.com/fil-forge/ingot/testing.StartHarness.func8(), fx.As([[logstore.Meta]])", "kind": "provide", "runtime": "22.402µs"}
    logger.go:146: 2026-07-02T18:54:29.345Z	INFO	OnStart hook executing	{"callee": "github.com/fil-forge/ingot.registerServerLifecycle.func1()", "caller": "github.com/fil-forge/ingot.registerServerLifecycle"}
    logger.go:146: 2026-07-02T18:54:29.347Z	INFO	starting ingot S3 listener	{"addr": "127.0.0.1:41863", "region": "us-east-1", "data_dir": "/tmp/ingot-harness-968508425", "max_blob_size": 268435456}
    logger.go:146: 2026-07-02T18:54:29.347Z	INFO	OnStart hook executed	{"callee": "github.com/fil-forge/ingot.registerServerLifecycle.func1()", "caller": "github.com/fil-forge/ingot.registerServerLifecycle", "runtime": "1.531922ms"}
    logger.go:146: 2026-07-02T18:54:29.347Z	INFO	started
=== RUN   TestSmoke_GetObject/by_range_resp_status
RUN  GetObject_by_range_resp_status
PASS GetObject_by_range_resp_status
=== RUN   TestSmoke_GetObject/checksums
RUN  GetObject_checksums
PASS GetObject_checksums
=== RUN   TestSmoke_GetObject/conditional_reads
RUN  GetObject_conditional_reads
PASS GetObject_conditional_reads
=== RUN   TestSmoke_GetObject/dir_object_checksum
RUN  GetObject_dir_object_checksum
PASS GetObject_dir_object_checksum
=== RUN   TestSmoke_GetObject/dir_with_range
RUN  GetObject_dir_with_range
PASS GetObject_dir_with_range
=== RUN   TestSmoke_GetObject/directory_object_noslash
RUN  GetObject_directory_object_noslash
PASS GetObject_directory_object_noslash
=== RUN   TestSmoke_GetObject/empty_object_part_number_1
RUN  GetObject_empty_object_part_number_1
PASS GetObject_empty_object_part_number_1
=== RUN   TestSmoke_GetObject/invalid_parent
RUN  GetObject_invalid_parent
PASS GetObject_invalid_parent
=== RUN   TestSmoke_GetObject/invalid_part_number
RUN  GetObject_invalid_part_number
PASS GetObject_invalid_part_number
=== RUN   TestSmoke_GetObject/mp_part_number_exceeds_parts_count
RUN  GetObject_mp_part_number_exceeds_parts_count
PASS GetObject_mp_part_number_exceeds_parts_count
=== RUN   TestSmoke_GetObject/mp_part_number_resp_status
RUN  GetObject_mp_part_number_resp_status
PASS GetObject_mp_part_number_resp_status
=== RUN   TestSmoke_GetObject/mp_part_number_success
RUN  GetObject_mp_part_number_success
PASS GetObject_mp_part_number_success
=== RUN   TestSmoke_GetObject/non_mp_part_number_1_success
RUN  GetObject_non_mp_part_number_1_success
PASS GetObject_non_mp_part_number_1_success
=== RUN   TestSmoke_GetObject/large_object
RUN  GetObject_large_object
PASS GetObject_large_object
=== RUN   TestSmoke_GetObject/non_existing_dir_object
RUN  GetObject_non_existing_dir_object
PASS GetObject_non_existing_dir_object
=== RUN   TestSmoke_GetObject/non_existing_key
RUN  GetObject_non_existing_key
PASS GetObject_non_existing_key
=== RUN   TestSmoke_GetObject/not_enabled_checksum_mode
RUN  GetObject_not_enabled_checksum_mode
PASS GetObject_not_enabled_checksum_mode
=== RUN   TestSmoke_GetObject/overrides_presign_success
RUN  GetObject_overrides_presign_success
PASS GetObject_overrides_presign_success
=== RUN   TestSmoke_GetObject/overrides_success
RUN  GetObject_overrides_success
PASS GetObject_overrides_success
=== RUN   TestSmoke_GetObject/range_and_part_number
RUN  GetObject_range_and_part_number
PASS GetObject_range_and_part_number
=== RUN   TestSmoke_GetObject/ranged_with_checksum_mode
RUN  GetObject_ranged_with_checksum_mode
PASS GetObject_ranged_with_checksum_mode
=== RUN   TestSmoke_GetObject/with_range
RUN  GetObject_with_range
PASS GetObject_with_range
=== RUN   TestSmoke_GetObject/zero_len_with_range
RUN  GetObject_zero_len_with_range
PASS GetObject_zero_len_with_range
=== NAME  TestSmoke_GetObject
    logger.go:146: 2026-07-02T18:54:34.362Z	INFO	OnStop hook executing	{"callee": "github.com/fil-forge/ingot.registerServerLifecycle.func2()", "caller": "github.com/fil-forge/ingot.registerServerLifecycle"}
    logger.go:146: 2026-07-02T18:54:34.362Z	INFO	shutting down ingot S3 listener
    logger.go:146: 2026-07-02T18:54:34.362Z	ERROR	ingot listener error	{"error": "listener closed"}
    logger.go:146: 2026-07-02T18:54:44.362Z	ERROR	OnStop hook failed	{"callee": "github.com/fil-forge/ingot.registerServerLifecycle.func2()", "caller": "github.com/fil-forge/ingot.registerServerLifecycle", "error": "ingot shutdown: [s3api shutdown: context deadline exceeded]"}
    logger.go:146: 2026-07-02T18:54:44.362Z	ERROR	stop failed	{"error": "ingot shutdown: [s3api shutdown: context deadline exceeded]"}
--- PASS: TestSmoke_GetObject (15.04s)
    --- PASS: TestSmoke_GetObject/by_range_resp_status (0.04s)
    --- PASS: TestSmoke_GetObject/checksums (0.03s)
    --- PASS: TestSmoke_GetObject/conditional_reads (1.17s)
    --- PASS: TestSmoke_GetObject/dir_object_checksum (0.03s)
    --- PASS: TestSmoke_GetObject/dir_with_range (0.03s)
    --- PASS: TestSmoke_GetObject/directory_object_noslash (0.01s)
    --- PASS: TestSmoke_GetObject/empty_object_part_number_1 (0.01s)
    --- PASS: TestSmoke_GetObject/invalid_parent (0.02s)
    --- PASS: TestSmoke_GetObject/invalid_part_number (0.01s)
    --- PASS: TestSmoke_GetObject/mp_part_number_exceeds_parts_count (0.28s)
    --- PASS: TestSmoke_GetObject/mp_part_number_resp_status (0.13s)
    --- PASS: TestSmoke_GetObject/mp_part_number_success (0.50s)
    --- PASS: TestSmoke_GetObject/non_mp_part_number_1_success (0.01s)
    --- PASS: TestSmoke_GetObject/large_object (2.47s)
    --- PASS: TestSmoke_GetObject/non_existing_dir_object (0.02s)
    --- PASS: TestSmoke_GetObject/non_existing_key (0.01s)
    --- PASS: TestSmoke_GetObject/not_enabled_checksum_mode (0.01s)
    --- PASS: TestSmoke_GetObject/overrides_presign_success (0.02s)
    --- PASS: TestSmoke_GetObject/overrides_success (0.02s)
    --- PASS: TestSmoke_GetObject/range_and_part_number (0.01s)
    --- PASS: TestSmoke_GetObject/ranged_with_checksum_mode (0.13s)
    --- PASS: TestSmoke_GetObject/with_range (0.05s)
    --- PASS: TestSmoke_GetObject/zero_len_with_range (0.03s)
=== RUN   TestParseCaseLines
--- PASS: TestParseCaseLines (0.00s)
=== RUN   TestSmokeXFail_PutObject
    logger.go:146: 2026-07-02T18:54:44.385Z	INFO	provided	{"constructor": "go.uber.org/fx.New.func1()", "stacktrace": ["go.uber.org/fx.New (/home/runner/go/pkg/mod/go.uber.org/fx@v1.24.0/app.go:481)", "github.com/fil-forge/ingot/testing.StartHarness (/home/runner/work/ingot/ingot/testing/harness.go:142)", "github.com/fil-forge/ingot/testing.smokeHarness (/home/runner/work/ingot/ingot/testing/smoke_test.go:41)", "github.com/fil-forge/ingot/testing.TestSmokeXFail_PutObject (/home/runner/work/ingot/ingot/testing/smoke_test.go:310)", "testing.tRunner (/opt/hostedtoolcache/go/1.25.7/x64/src/testing/testing.go:1934)"], "moduletrace": ["go.uber.org/fx.New (/home/runner/go/pkg/mod/go.uber.org/fx@v1.24.0/app.go:481)", "github.com/fil-forge/ingot/testing.StartHarness (/home/runner/work/ingot/ingot/testing/harness.go:142)"], "type": "fx.Lifecycle"}
    logger.go:146: 2026-07-02T18:54:44.385Z	INFO	provided	{"constructor": "go.uber.org/fx.(*App).shutdowner-fm()", "stacktrace": ["go.uber.org/fx.New (/home/runner/go/pkg/mod/go.uber.org/fx@v1.24.0/app.go:481)", "github.com/fil-forge/ingot/testing.StartHarness (/home/runner/work/ingot/ingot/testing/harness.go:142)", "github.com/fil-forge/ingot/testing.smokeHarness (/home/runner/work/ingot/ingot/testing/smoke_test.go:41)", "github.com/fil-forge/ingot/testing.TestSmokeXFail_PutObject (/home/runner/work/ingot/ingot/testing/smoke_test.go:310)", "testing.tRunner (/opt/hostedtoolcache/go/1.25.7/x64/src/testing/testing.go:1934)"], "moduletrace": ["go.uber.org/fx.New (/home/runner/go/pkg/mod/go.uber.org/fx@v1.24.0/app.go:481)", "github.com/fil-forge/ingot/testing.StartHarness (/home/runner/work/ingot/ingot/testing/harness.go:142)"], "type": "fx.Shutdowner"}
    logger.go:146: 2026-07-02T18:54:44.385Z	INFO	provided	{"constructor": "go.uber.org/fx.(*App).dotGraph-fm()", "stacktrace": ["go.uber.org/fx.New (/home/runner/go/pkg/mod/go.uber.org/fx@v1.24.0/app.go:481)", "github.com/fil-forge/ingot/testing.StartHarness (/home/runner/work/ingot/ingot/testing/harness.go:142)", "github.com/fil-forge/ingot/testing.smokeHarness (/home/runner/work/ingot/ingot/testing/smoke_test.go:41)", "github.com/fil-forge/ingot/testing.TestSmokeXFail_PutObject (/home/runner/work/ingot/ingot/testing/smoke_test.go:310)", "testing.tRunner (/opt/hostedtoolcache/go/1.25.7/x64/src/testing/testing.go:1934)"], "moduletrace": ["go.uber.org/fx.New (/home/runner/go/pkg/mod/go.uber.org/fx@v1.24.0/app.go:481)", "github.com/fil-forge/ingot/testing.StartHarness (/home/runner/work/ingot/ingot/testing/harness.go:142)"], "type": "fx.DotGraph"}
    logger.go:146: 2026-07-02T18:54:44.385Z	INFO	supplied	{"type": "*zap.Logger", "stacktrace": ["github.com/fil-forge/ingot/testing.StartHarness (/home/runner/work/ingot/ingot/testing/harness.go:146)", "github.com/fil-forge/ingot/testing.smokeHarness (/home/runner/work/ingot/ingot/testing/smoke_test.go:41)", "github.com/fil-forge/ingot/testing.TestSmokeXFail_PutObject (/home/runner/work/ingot/ingot/testing/smoke_test.go:310)", "testing.tRunner (/opt/hostedtoolcache/go/1.25.7/x64/src/testing/testing.go:1934)"], "moduletrace": ["github.com/fil-forge/ingot/testing.StartHarness (/home/runner/work/ingot/ingot/testing/harness.go:146)", "github.com/fil-forge/ingot/testing.StartHarness (/home/runner/work/ingot/ingot/testing/harness.go:142)"]}
    logger.go:146: 2026-07-02T18:54:44.385Z	INFO	supplied	{"type": "ingot.ServerConfig", "stacktrace": ["github.com/fil-forge/ingot/testing.StartHarness (/home/runner/work/ingot/ingot/testing/harness.go:147)", "github.com/fil-forge/ingot/testing.smokeHarness (/home/runner/work/ingot/ingot/testing/smoke_test.go:41)", "github.com/fil-forge/ingot/testing.TestSmokeXFail_PutObject (/home/runner/work/ingot/ingot/testing/smoke_test.go:310)", "testing.tRunner (/opt/hostedtoolcache/go/1.25.7/x64/src/testing/testing.go:1934)"], "moduletrace": ["github.com/fil-forge/ingot/testing.StartHarness (/home/runner/work/ingot/ingot/testing/harness.go:147)", "github.com/fil-forge/ingot/testing.StartHarness (/home/runner/work/ingot/ingot/testing/harness.go:142)"]}
    logger.go:146: 2026-07-02T18:54:44.385Z	INFO	provided	{"constructor": "fx.Annotate(github.com/fil-forge/ingot/testing.StartHarness.func2(), fx.As([[registry.Registry]])", "stacktrace": ["github.com/fil-forge/ingot/testing.StartHarness (/home/runner/work/ingot/ingot/testing/harness.go:164)", "github.com/fil-forge/ingot/testing.smokeHarness (/home/runner/work/ingot/ingot/testing/smoke_test.go:41)", "github.com/fil-forge/ingot/testing.TestSmokeXFail_PutObject (/home/runner/work/ingot/ingot/testing/smoke_test.go:310)", "testing.tRunner (/opt/hostedtoolcache/go/1.25.7/x64/src/testing/testing.go:1934)"], "moduletrace": ["github.com/fil-forge/ingot/testing.StartHarness (/home/runner/work/ingot/ingot/testing/harness.go:164)", "github.com/fil-forge/ingot/testing.StartHarness (/home/runner/work/ingot/ingot/testing/harness.go:142)"], "type": "registry.Registry"}
    logger.go:146: 2026-07-02T18:54:44.385Z	INFO	provided	{"constructor": "fx.Annotate(github.com/fil-forge/ingot/testing.StartHarness.func3(), fx.As([[registry.IntentStore]])", "stacktrace": ["github.com/fil-forge/ingot/testing.StartHarness (/home/runner/work/ingot/ingot/testing/harness.go:164)", "github.com/fil-forge/ingot/testing.smokeHarness (/home/runner/work/ingot/ingot/testing/smoke_test.go:41)", "github.com/fil-forge/ingot/testing.TestSmokeXFail_PutObject (/home/runner/work/ingot/ingot/testing/smoke_test.go:310)", "testing.tRunner (/opt/hostedtoolcache/go/1.25.7/x64/src/testing/testing.go:1934)"], "moduletrace": ["github.com/fil-forge/ingot/testing.StartHarness (/home/runner/work/ingot/ingot/testing/harness.go:164)", "github.com/fil-forge/ingot/testing.StartHarness (/home/runner/work/ingot/ingot/testing/harness.go:142)"], "type": "registry.IntentStore"}
    logger.go:146: 2026-07-02T18:54:44.385Z	INFO	provided	{"constructor": "fx.Annotate(github.com/fil-forge/ingot/testing.StartHarness.func4(), fx.As([[registry.LocationStore]])", "stacktrace": ["github.com/fil-forge/ingot/testing.StartHarness (/home/runner/work/ingot/ingot/testing/harness.go:164)", "github.com/fil-forge/ingot/testing.smokeHarness (/home/runner/work/ingot/ingot/testing/smoke_test.go:41)", "github.com/fil-forge/ingot/testing.TestSmokeXFail_PutObject (/home/runner/work/ingot/ingot/testing/smoke_test.go:310)", "testing.tRunner (/opt/hostedtoolcache/go/1.25.7/x64/src/testing/testing.go:1934)"], "moduletrace": ["github.com/fil-forge/ingot/testing.StartHarness (/home/runner/work/ingot/ingot/testing/harness.go:164)", "github.com/fil-forge/ingot/testing.StartHarness (/home/runner/work/ingot/ingot/testing/harness.go:142)"], "type": "registry.LocationStore"}
    logger.go:146: 2026-07-02T18:54:44.385Z	INFO	provided	{"constructor": "fx.Annotate(github.com/fil-forge/ingot/testing.StartHarness.func5(), fx.As([[registry.BlobRefStore]])", "stacktrace": ["github.com/fil-forge/ingot/testing.StartHarness (/home/runner/work/ingot/ingot/testing/harness.go:164)", "github.com/fil-forge/ingot/testing.smokeHarness (/home/runner/work/ingot/ingot/testing/smoke_test.go:41)", "github.com/fil-forge/ingot/testing.TestSmokeXFail_PutObject (/home/runner/work/ingot/ingot/testing/smoke_test.go:310)", "testing.tRunner (/opt/hostedtoolcache/go/1.25.7/x64/src/testing/testing.go:1934)"], "moduletrace": ["github.com/fil-forge/ingot/testing.StartHarness (/home/runner/work/ingot/ingot/testing/harness.go:164)", "github.com/fil-forge/ingot/testing.StartHarness (/home/runner/work/ingot/ingot/testing/harness.go:142)"], "type": "registry.BlobRefStore"}
    logger.go:146: 2026-07-02T18:54:44.385Z	INFO	provided	{"constructor": "fx.Annotate(github.com/fil-forge/ingot/testing.StartHarness.func6(), fx.As([[registry.GCStore]])", "stacktrace": ["github.com/fil-forge/ingot/testing.StartHarness (/home/runner/work/ingot/ingot/testing/harness.go:164)", "github.com/fil-forge/ingot/testing.smokeHarness (/home/runner/work/ingot/ingot/testing/smoke_test.go:41)", "github.com/fil-forge/ingot/testing.TestSmokeXFail_PutObject (/home/runner/work/ingot/ingot/testing/smoke_test.go:310)", "testing.tRunner (/opt/hostedtoolcache/go/1.25.7/x64/src/testing/testing.go:1934)"], "moduletrace": ["github.com/fil-forge/ingot/testing.StartHarness (/home/runner/work/ingot/ingot/testing/harness.go:164)", "github.com/fil-forge/ingot/testing.StartHarness (/home/runner/work/ingot/ingot/testing/harness.go:142)"], "type": "registry.GCStore"}
    logger.go:146: 2026-07-02T18:54:44.385Z	INFO	provided	{"constructor": "fx.Annotate(github.com/fil-forge/ingot/testing.StartHarness.func7(), fx.As([[registry.MultipartStore]])", "stacktrace": ["github.com/fil-forge/ingot/testing.StartHarness (/home/runner/work/ingot/ingot/testing/harness.go:164)", "github.com/fil-forge/ingot/testing.smokeHarness (/home/runner/work/ingot/ingot/testing/smoke_test.go:41)", "github.com/fil-forge/ingot/testing.TestSmokeXFail_PutObject (/home/runner/work/ingot/ingot/testing/smoke_test.go:310)", "testing.tRunner (/opt/hostedtoolcache/go/1.25.7/x64/src/testing/testing.go:1934)"], "moduletrace": ["github.com/fil-forge/ingot/testing.StartHarness (/home/runner/work/ingot/ingot/testing/harness.go:164)", "github.com/fil-forge/ingot/testing.StartHarness (/home/runner/work/ingot/ingot/testing/harness.go:142)"], "type": "registry.MultipartStore"}
    logger.go:146: 2026-07-02T18:54:44.386Z	INFO	provided	{"constructor": "fx.Annotate(github.com/fil-forge/ingot/testing.StartHarness.func8(), fx.As([[logstore.Meta]])", "stacktrace": ["github.com/fil-forge/ingot/testing.StartHarness (/home/runner/work/ingot/ingot/testing/harness.go:164)", "github.com/fil-forge/ingot/testing.smokeHarness (/home/runner/work/ingot/ingot/testing/smoke_test.go:41)", "github.com/fil-forge/ingot/testing.TestSmokeXFail_PutObject (/home/runner/work/ingot/ingot/testing/smoke_test.go:310)", "testing.tRunner (/opt/hostedtoolcache/go/1.25.7/x64/src/testing/testing.go:1934)"], "moduletrace": ["github.com/fil-forge/ingot/testing.StartHarness (/home/runner/work/ingot/ingot/testing/harness.go:164)", "github.com/fil-forge/ingot/testing.StartHarness (/home/runner/work/ingot/ingot/testing/harness.go:142)"], "type": "logstore.Meta"}
    logger.go:146: 2026-07-02T18:54:44.386Z	INFO	provided	{"constructor": "fx.Annotate(github.com/fil-forge/ingot/testing.StartHarness.func9(), fx.As([[blockstore.BlockReader]])", "stacktrace": ["github.com/fil-forge/ingot/testing.StartHarness (/home/runner/work/ingot/ingot/testing/harness.go:164)", "github.com/fil-forge/ingot/testing.smokeHarness (/home/runner/work/ingot/ingot/testing/smoke_test.go:41)", "github.com/fil-forge/ingot/testing.TestSmokeXFail_PutObject (/home/runner/work/ingot/ingot/testing/smoke_test.go:310)", "testing.tRunner (/opt/hostedtoolcache/go/1.25.7/x64/src/testing/testing.go:1934)"], "moduletrace": ["github.com/fil-forge/ingot/testing.StartHarness (/home/runner/work/ingot/ingot/testing/harness.go:164)", "github.com/fil-forge/ingot/testing.StartHarness (/home/runner/work/ingot/ingot/testing/harness.go:142)"], "type": "blockstore.BlockReader"}
    logger.go:146: 2026-07-02T18:54:44.386Z	INFO	provided	{"constructor": "fx.Annotate(github.com/fil-forge/ingot/testing.StartHarness.func10(), fx.As([[uploader.Uploader]])", "stacktrace": ["github.com/fil-forge/ingot/testing.StartHarness (/home/runner/work/ingot/ingot/testing/harness.go:164)", "github.com/fil-forge/ingot/testing.smokeHarness (/home/runner/work/ingot/ingot/testing/smoke_test.go:41)", "github.com/fil-forge/ingot/testing.TestSmokeXFail_PutObject (/home/runner/work/ingot/ingot/testing/smoke_test.go:310)", "testing.tRunner (/opt/hostedtoolcache/go/1.25.7/x64/src/testing/testing.go:1934)"], "moduletrace": ["github.com/fil-forge/ingot/testing.StartHarness (/home/runner/work/ingot/ingot/testing/harness.go:164)", "github.com/fil-forge/ingot/testing.StartHarness (/home/runner/work/ingot/ingot/testing/harness.go:142)"], "type": "uploader.Uploader"}
    logger.go:146: 2026-07-02T18:54:44.386Z	INFO	provided	{"constructor": "fx.Annotate(github.com/fil-forge/ingot/testing.StartHarness.func11(), fx.As([[uploader.BodyUploader]])", "stacktrace": ["github.com/fil-forge/ingot/testing.StartHarness (/home/runner/work/ingot/ingot/testing/harness.go:164)", "github.com/fil-forge/ingot/testing.smokeHarness (/home/runner/work/ingot/ingot/testing/smoke_test.go:41)", "github.com/fil-forge/ingot/testing.TestSmokeXFail_PutObject (/home/runner/work/ingot/ingot/testing/smoke_test.go:310)", "testing.tRunner (/opt/hostedtoolcache/go/1.25.7/x64/src/testing/testing.go:1934)"], "moduletrace": ["github.com/fil-forge/ingot/testing.StartHarness (/home/runner/work/ingot/ingot/testing/harness.go:164)", "github.com/fil-forge/ingot/testing.StartHarness (/home/runner/work/ingot/ingot/testing/harness.go:142)"], "type": "uploader.BodyUploader"}
    logger.go:146: 2026-07-02T18:54:44.386Z	INFO	provided	{"constructor": "fx.Annotate(github.com/fil-forge/ingot/testing.StartHarness.func12(), fx.As([[uploader.BlobRemover]])", "stacktrace": ["github.com/fil-forge/ingot/testing.StartHarness (/home/runner/work/ingot/ingot/testing/harness.go:164)", "github.com/fil-forge/ingot/testing.smokeHarness (/home/runner/work/ingot/ingot/testing/smoke_test.go:41)", "github.com/fil-forge/ingot/testing.TestSmokeXFail_PutObject (/home/runner/work/ingot/ingot/testing/smoke_test.go:310)", "testing.tRunner (/opt/hostedtoolcache/go/1.25.7/x64/src/testing/testing.go:1934)"], "moduletrace": ["github.com/fil-forge/ingot/testing.StartHarness (/home/runner/work/ingot/ingot/testing/harness.go:164)", "github.com/fil-forge/ingot/testing.StartHarness (/home/runner/work/ingot/ingot/testing/harness.go:142)"], "type": "uploader.BlobRemover"}
    logger.go:146: 2026-07-02T18:54:44.386Z	INFO	initialized custom fxevent.Logger	{"function": "github.com/fil-forge/ingot/testing.StartHarness.func1()"}
    logger.go:146: 2026-07-02T18:54:44.386Z	INFO	invoking	{"function": "github.com/fil-forge/ingot.registerServerLifecycle()", "module": "ingot-server"}
    logger.go:146: 2026-07-02T18:54:44.386Z	INFO	before run	{"name": "go.uber.org/fx.New.func1()", "kind": "provide"}
    logger.go:146: 2026-07-02T18:54:44.386Z	INFO	run	{"name": "go.uber.org/fx.New.func1()", "kind": "provide", "runtime": "16.421µs"}
    logger.go:146: 2026-07-02T18:54:44.386Z	INFO	before run	{"name": "stub(ingot.ServerConfig)", "kind": "supply"}
    logger.go:146: 2026-07-02T18:54:44.386Z	INFO	run	{"name": "stub(ingot.ServerConfig)", "kind": "supply", "runtime": "17.163µs"}
    logger.go:146: 2026-07-02T18:54:44.386Z	INFO	before run	{"name": "stub(*zap.Logger)", "kind": "supply"}
    logger.go:146: 2026-07-02T18:54:44.386Z	INFO	run	{"name": "stub(*zap.Logger)", "kind": "supply", "runtime": "10.86µs"}
    logger.go:146: 2026-07-02T18:54:44.386Z	INFO	before run	{"name": "fx.Annotate(github.com/fil-forge/ingot/testing.StartHarness.func9(), fx.As([[blockstore.BlockReader]])", "kind": "provide"}
    logger.go:146: 2026-07-02T18:54:44.387Z	INFO	run	{"name": "fx.Annotate(github.com/fil-forge/ingot/testing.StartHarness.func9(), fx.As([[blockstore.BlockReader]])", "kind": "provide", "runtime": "61.214µs"}
    logger.go:146: 2026-07-02T18:54:44.387Z	INFO	before run	{"name": "fx.Annotate(github.com/fil-forge/ingot/testing.StartHarness.func10(), fx.As([[uploader.Uploader]])", "kind": "provide"}
    logger.go:146: 2026-07-02T18:54:44.387Z	INFO	run	{"name": "fx.Annotate(github.com/fil-forge/ingot/testing.StartHarness.func10(), fx.As([[uploader.Uploader]])", "kind": "provide", "runtime": "32µs"}
    logger.go:146: 2026-07-02T18:54:44.387Z	INFO	before run	{"name": "fx.Annotate(github.com/fil-forge/ingot/testing.StartHarness.func11(), fx.As([[uploader.BodyUploader]])", "kind": "provide"}
    logger.go:146: 2026-07-02T18:54:44.387Z	INFO	run	{"name": "fx.Annotate(github.com/fil-forge/ingot/testing.StartHarness.func11(), fx.As([[uploader.BodyUploader]])", "kind": "provide", "runtime": "30.176µs"}
    logger.go:146: 2026-07-02T18:54:44.387Z	INFO	before run	{"name": "fx.Annotate(github.com/fil-forge/ingot/testing.StartHarness.func12(), fx.As([[uploader.BlobRemover]])", "kind": "provide"}
    logger.go:146: 2026-07-02T18:54:44.387Z	INFO	run	{"name": "fx.Annotate(github.com/fil-forge/ingot/testing.StartHarness.func12(), fx.As([[uploader.BlobRemover]])", "kind": "provide", "runtime": "18.163µs"}
    logger.go:146: 2026-07-02T18:54:44.387Z	INFO	before run	{"name": "fx.Annotate(github.com/fil-forge/ingot/testing.StartHarness.func2(), fx.As([[registry.Registry]])", "kind": "provide"}
    logger.go:146: 2026-07-02T18:54:44.387Z	INFO	run	{"name": "fx.Annotate(github.com/fil-forge/ingot/testing.StartHarness.func2(), fx.As([[registry.Registry]])", "kind": "provide", "runtime": "38.852µs"}
    logger.go:146: 2026-07-02T18:54:44.387Z	INFO	before run	{"name": "fx.Annotate(github.com/fil-forge/ingot/testing.StartHarness.func3(), fx.As([[registry.IntentStore]])", "kind": "provide"}
    logger.go:146: 2026-07-02T18:54:44.387Z	INFO	run	{"name": "fx.Annotate(github.com/fil-forge/ingot/testing.StartHarness.func3(), fx.As([[registry.IntentStore]])", "kind": "provide", "runtime": "35.796µs"}
    logger.go:146: 2026-07-02T18:54:44.387Z	INFO	before run	{"name": "fx.Annotate(github.com/fil-forge/ingot/testing.StartHarness.func4(), fx.As([[registry.LocationStore]])", "kind": "provide"}
    logger.go:146: 2026-07-02T18:54:44.387Z	INFO	run	{"name": "fx.Annotate(github.com/fil-forge/ingot/testing.StartHarness.func4(), fx.As([[registry.LocationStore]])", "kind": "provide", "runtime": "21.63µs"}
    logger.go:146: 2026-07-02T18:54:44.387Z	INFO	before run	{"name": "fx.Annotate(github.com/fil-forge/ingot/testing.StartHarness.func5(), fx.As([[registry.BlobRefStore]])", "kind": "provide"}
    logger.go:146: 2026-07-02T18:54:44.388Z	INFO	run	{"name": "fx.Annotate(github.com/fil-forge/ingot/testing.StartHarness.func5(), fx.As([[registry.BlobRefStore]])", "kind": "provide", "runtime": "30.567µs"}
    logger.go:146: 2026-07-02T18:54:44.388Z	INFO	before run	{"name": "fx.Annotate(github.com/fil-forge/ingot/testing.StartHarness.func6(), fx.As([[registry.GCStore]])", "kind": "provide"}
    logger.go:146: 2026-07-02T18:54:44.388Z	INFO	run	{"name": "fx.Annotate(github.com/fil-forge/ingot/testing.StartHarness.func6(), fx.As([[registry.GCStore]])", "kind": "provide", "runtime": "31.128µs"}
    logger.go:146: 2026-07-02T18:54:44.388Z	INFO	before run	{"name": "fx.Annotate(github.com/fil-forge/ingot/testing.StartHarness.func7(), fx.As([[registry.MultipartStore]])", "kind": "provide"}
    logger.go:146: 2026-07-02T18:54:44.388Z	INFO	run	{"name": "fx.Annotate(github.com/fil-forge/ingot/testing.StartHarness.func7(), fx.As([[registry.MultipartStore]])", "kind": "provide", "runtime": "21.921µs"}
    logger.go:146: 2026-07-02T18:54:44.388Z	INFO	before run	{"name": "fx.Annotate(github.com/fil-forge/ingot/testing.StartHarness.func8(), fx.As([[logstore.Meta]])", "kind": "provide"}
    logger.go:146: 2026-07-02T18:54:44.388Z	INFO	run	{"name": "fx.Annotate(github.com/fil-forge/ingot/testing.StartHarness.func8(), fx.As([[logstore.Meta]])", "kind": "provide", "runtime": "35.587µs"}
    logger.go:146: 2026-07-02T18:54:44.388Z	INFO	OnStart hook executing	{"callee": "github.com/fil-forge/ingot.registerServerLifecycle.func1()", "caller": "github.com/fil-forge/ingot.registerServerLifecycle"}
    logger.go:146: 2026-07-02T18:54:44.390Z	INFO	starting ingot S3 listener	{"addr": "127.0.0.1:34727", "region": "us-east-1", "data_dir": "/tmp/ingot-harness-2692461094", "max_blob_size": 268435456}
    logger.go:146: 2026-07-02T18:54:44.390Z	INFO	OnStart hook executed	{"callee": "github.com/fil-forge/ingot.registerServerLifecycle.func1()", "caller": "github.com/fil-forge/ingot.registerServerLifecycle", "runtime": "1.438097ms"}
    logger.go:146: 2026-07-02T18:54:44.390Z	INFO	started
=== RUN   TestSmokeXFail_PutObject/missing_bucket_lock
RUN  PutObject_missing_bucket_lock
FAIL PutObject_missing_bucket_lock: expected InvalidRequest, instead got nil
    smoke_test.go:318: known-failing: expected InvalidRequest, instead got nil
=== RUN   TestSmokeXFail_PutObject/object_acl_not_supported
RUN  PutObject_object_acl_not_supported
FAIL PutObject_object_acl_not_supported: fork/exec ./versitygw: no such file or directory
    smoke_test.go:318: known-failing: fork/exec ./versitygw: no such file or directory
=== RUN   TestSmokeXFail_PutObject/tagging
RUN  PutObject_tagging
FAIL PutObject_tagging: test case 1 failed for file object: operation error S3: GetObjectTagging, https response error StatusCode: 501, RequestID: , HostID: , api error NotImplemented: A header you provided implies functionality that is not implemented.
    smoke_test.go:318: known-failing: test case 1 failed for file object: operation error S3: GetObjectTagging, https response error StatusCode: 501, RequestID: , HostID: , api error NotImplemented: A header you provided implies functionality that is not implemented.
=== RUN   TestSmokeXFail_PutObject/with_object_lock
RUN  PutObject_with_object_lock
FAIL PutObject_with_object_lock: expected object lock mode to be COMPLIANCE, instead got 
    smoke_test.go:318: known-failing: expected object lock mode to be COMPLIANCE, instead got 
=== NAME  TestSmokeXFail_PutObject
    logger.go:146: 2026-07-02T18:54:44.423Z	INFO	OnStop hook executing	{"callee": "github.com/fil-forge/ingot.registerServerLifecycle.func2()", "caller": "github.com/fil-forge/ingot.registerServerLifecycle"}
    logger.go:146: 2026-07-02T18:54:44.423Z	INFO	shutting down ingot S3 listener
    logger.go:146: 2026-07-02T18:54:44.423Z	ERROR	ingot listener error	{"error": "listener closed"}
    logger.go:146: 2026-07-02T18:54:44.424Z	INFO	OnStop hook executed	{"callee": "github.com/fil-forge/ingot.registerServerLifecycle.func2()", "caller": "github.com/fil-forge/ingot.registerServerLifecycle", "runtime": "561.476µs"}
--- PASS: TestSmokeXFail_PutObject (0.04s)
    --- SKIP: TestSmokeXFail_PutObject/missing_bucket_lock (0.01s)
    --- SKIP: TestSmokeXFail_PutObject/object_acl_not_supported (0.00s)
    --- SKIP: TestSmokeXFail_PutObject/tagging (0.01s)
    --- SKIP: TestSmokeXFail_PutObject/with_object_lock (0.01s)
=== RUN   TestSmokeXFail_DeleteObject
    logger.go:146: 2026-07-02T18:54:44.427Z	INFO	provided	{"constructor": "go.uber.org/fx.New.func1()", "stacktrace": ["go.uber.org/fx.New (/home/runner/go/pkg/mod/go.uber.org/fx@v1.24.0/app.go:481)", "github.com/fil-forge/ingot/testing.StartHarness (/home/runner/work/ingot/ingot/testing/harness.go:142)", "github.com/fil-forge/ingot/testing.smokeHarness (/home/runner/work/ingot/ingot/testing/smoke_test.go:41)", "github.com/fil-forge/ingot/testing.TestSmokeXFail_DeleteObject (/home/runner/work/ingot/ingot/testing/smoke_test.go:362)", "testing.tRunner (/opt/hostedtoolcache/go/1.25.7/x64/src/testing/testing.go:1934)"], "moduletrace": ["go.uber.org/fx.New (/home/runner/go/pkg/mod/go.uber.org/fx@v1.24.0/app.go:481)", "github.com/fil-forge/ingot/testing.StartHarness (/home/runner/work/ingot/ingot/testing/harness.go:142)"], "type": "fx.Lifecycle"}
    logger.go:146: 2026-07-02T18:54:44.427Z	INFO	provided	{"constructor": "go.uber.org/fx.(*App).shutdowner-fm()", "stacktrace": ["go.uber.org/fx.New (/home/runner/go/pkg/mod/go.uber.org/fx@v1.24.0/app.go:481)", "github.com/fil-forge/ingot/testing.StartHarness (/home/runner/work/ingot/ingot/testing/harness.go:142)", "github.com/fil-forge/ingot/testing.smokeHarness (/home/runner/work/ingot/ingot/testing/smoke_test.go:41)", "github.com/fil-forge/ingot/testing.TestSmokeXFail_DeleteObject (/home/runner/work/ingot/ingot/testing/smoke_test.go:362)", "testing.tRunner (/opt/hostedtoolcache/go/1.25.7/x64/src/testing/testing.go:1934)"], "moduletrace": ["go.uber.org/fx.New (/home/runner/go/pkg/mod/go.uber.org/fx@v1.24.0/app.go:481)", "github.com/fil-forge/ingot/testing.StartHarness (/home/runner/work/ingot/ingot/testing/harness.go:142)"], "type": "fx.Shutdowner"}
    logger.go:146: 2026-07-02T18:54:44.427Z	INFO	provided	{"constructor": "go.uber.org/fx.(*App).dotGraph-fm()", "stacktrace": ["go.uber.org/fx.New (/home/runner/go/pkg/mod/go.uber.org/fx@v1.24.0/app.go:481)", "github.com/fil-forge/ingot/testing.StartHarness (/home/runner/work/ingot/ingot/testing/harness.go:142)", "github.com/fil-forge/ingot/testing.smokeHarness (/home/runner/work/ingot/ingot/testing/smoke_test.go:41)", "github.com/fil-forge/ingot/testing.TestSmokeXFail_DeleteObject (/home/runner/work/ingot/ingot/testing/smoke_test.go:362)", "testing.tRunner (/opt/hostedtoolcache/go/1.25.7/x64/src/testing/testing.go:1934)"], "moduletrace": ["go.uber.org/fx.New (/home/runner/go/pkg/mod/go.uber.org/fx@v1.24.0/app.go:481)", "github.com/fil-forge/ingot/testing.StartHarness (/home/runner/work/ingot/ingot/testing/harness.go:142)"], "type": "fx.DotGraph"}
    logger.go:146: 2026-07-02T18:54:44.427Z	INFO	supplied	{"type": "*zap.Logger", "stacktrace": ["github.com/fil-forge/ingot/testing.StartHarness (/home/runner/work/ingot/ingot/testing/harness.go:146)", "github.com/fil-forge/ingot/testing.smokeHarness (/home/runner/work/ingot/ingot/testing/smoke_test.go:41)", "github.com/fil-forge/ingot/testing.TestSmokeXFail_DeleteObject (/home/runner/work/ingot/ingot/testing/smoke_test.go:362)", "testing.tRunner (/opt/hostedtoolcache/go/1.25.7/x64/src/testing/testing.go:1934)"], "moduletrace": ["github.com/fil-forge/ingot/testing.StartHarness (/home/runner/work/ingot/ingot/testing/harness.go:146)", "github.com/fil-forge/ingot/testing.StartHarness (/home/runner/work/ingot/ingot/testing/harness.go:142)"]}
    logger.go:146: 2026-07-02T18:54:44.427Z	INFO	supplied	{"type": "ingot.ServerConfig", "stacktrace": ["github.com/fil-forge/ingot/testing.StartHarness (/home/runner/work/ingot/ingot/testing/harness.go:147)", "github.com/fil-forge/ingot/testing.smokeHarness (/home/runner/work/ingot/ingot/testing/smoke_test.go:41)", "github.com/fil-forge/ingot/testing.TestSmokeXFail_DeleteObject (/home/runner/work/ingot/ingot/testing/smoke_test.go:362)", "testing.tRunner (/opt/hostedtoolcache/go/1.25.7/x64/src/testing/testing.go:1934)"], "moduletrace": ["github.com/fil-forge/ingot/testing.StartHarness (/home/runner/work/ingot/ingot/testing/harness.go:147)", "github.com/fil-forge/ingot/testing.StartHarness (/home/runner/work/ingot/ingot/testing/harness.go:142)"]}
    logger.go:146: 2026-07-02T18:54:44.427Z	INFO	provided	{"constructor": "fx.Annotate(github.com/fil-forge/ingot/testing.StartHarness.func2(), fx.As([[registry.Registry]])", "stacktrace": ["github.com/fil-forge/ingot/testing.StartHarness (/home/runner/work/ingot/ingot/testing/harness.go:164)", "github.com/fil-forge/ingot/testing.smokeHarness (/home/runner/work/ingot/ingot/testing/smoke_test.go:41)", "github.com/fil-forge/ingot/testing.TestSmokeXFail_DeleteObject (/home/runner/work/ingot/ingot/testing/smoke_test.go:362)", "testing.tRunner (/opt/hostedtoolcache/go/1.25.7/x64/src/testing/testing.go:1934)"], "moduletrace": ["github.com/fil-forge/ingot/testing.StartHarness (/home/runner/work/ingot/ingot/testing/harness.go:164)", "github.com/fil-forge/ingot/testing.StartHarness (/home/runner/work/ingot/ingot/testing/harness.go:142)"], "type": "registry.Registry"}
    logger.go:146: 2026-07-02T18:54:44.427Z	INFO	provided	{"constructor": "fx.Annotate(github.com/fil-forge/ingot/testing.StartHarness.func3(), fx.As([[registry.IntentStore]])", "stacktrace": ["github.com/fil-forge/ingot/testing.StartHarness (/home/runner/work/ingot/ingot/testing/harness.go:164)", "github.com/fil-forge/ingot/testing.smokeHarness (/home/runner/work/ingot/ingot/testing/smoke_test.go:41)", "github.com/fil-forge/ingot/testing.TestSmokeXFail_DeleteObject (/home/runner/work/ingot/ingot/testing/smoke_test.go:362)", "testing.tRunner (/opt/hostedtoolcache/go/1.25.7/x64/src/testing/testing.go:1934)"], "moduletrace": ["github.com/fil-forge/ingot/testing.StartHarness (/home/runner/work/ingot/ingot/testing/harness.go:164)", "github.com/fil-forge/ingot/testing.StartHarness (/home/runner/work/ingot/ingot/testing/harness.go:142)"], "type": "registry.IntentStore"}
    logger.go:146: 2026-07-02T18:54:44.427Z	INFO	provided	{"constructor": "fx.Annotate(github.com/fil-forge/ingot/testing.StartHarness.func4(), fx.As([[registry.LocationStore]])", "stacktrace": ["github.com/fil-forge/ingot/testing.StartHarness (/home/runner/work/ingot/ingot/testing/harness.go:164)", "github.com/fil-forge/ingot/testing.smokeHarness (/home/runner/work/ingot/ingot/testing/smoke_test.go:41)", "github.com/fil-forge/ingot/testing.TestSmokeXFail_DeleteObject (/home/runner/work/ingot/ingot/testing/smoke_test.go:362)", "testing.tRunner (/opt/hostedtoolcache/go/1.25.7/x64/src/testing/testing.go:1934)"], "moduletrace": ["github.com/fil-forge/ingot/testing.StartHarness (/home/runner/work/ingot/ingot/testing/harness.go:164)", "github.com/fil-forge/ingot/testing.StartHarness (/home/runner/work/ingot/ingot/testing/harness.go:142)"], "type": "registry.LocationStore"}
    logger.go:146: 2026-07-02T18:54:44.427Z	INFO	provided	{"constructor": "fx.Annotate(github.com/fil-forge/ingot/testing.StartHarness.func5(), fx.As([[registry.BlobRefStore]])", "stacktrace": ["github.com/fil-forge/ingot/testing.StartHarness (/home/runner/work/ingot/ingot/testing/harness.go:164)", "github.com/fil-forge/ingot/testing.smokeHarness (/home/runner/work/ingot/ingot/testing/smoke_test.go:41)", "github.com/fil-forge/ingot/testing.TestSmokeXFail_DeleteObject (/home/runner/work/ingot/ingot/testing/smoke_test.go:362)", "testing.tRunner (/opt/hostedtoolcache/go/1.25.7/x64/src/testing/testing.go:1934)"], "moduletrace": ["github.com/fil-forge/ingot/testing.StartHarness (/home/runner/work/ingot/ingot/testing/harness.go:164)", "github.com/fil-forge/ingot/testing.StartHarness (/home/runner/work/ingot/ingot/testing/harness.go:142)"], "type": "registry.BlobRefStore"}
    logger.go:146: 2026-07-02T18:54:44.427Z	INFO	provided	{"constructor": "fx.Annotate(github.com/fil-forge/ingot/testing.StartHarness.func6(), fx.As([[registry.GCStore]])", "stacktrace": ["github.com/fil-forge/ingot/testing.StartHarness (/home/runner/work/ingot/ingot/testing/harness.go:164)", "github.com/fil-forge/ingot/testing.smokeHarness (/home/runner/work/ingot/ingot/testing/smoke_test.go:41)", "github.com/fil-forge/ingot/testing.TestSmokeXFail_DeleteObject (/home/runner/work/ingot/ingot/testing/smoke_test.go:362)", "testing.tRunner (/opt/hostedtoolcache/go/1.25.7/x64/src/testing/testing.go:1934)"], "moduletrace": ["github.com/fil-forge/ingot/testing.StartHarness (/home/runner/work/ingot/ingot/testing/harness.go:164)", "github.com/fil-forge/ingot/testing.StartHarness (/home/runner/work/ingot/ingot/testing/harness.go:142)"], "type": "registry.GCStore"}
    logger.go:146: 2026-07-02T18:54:44.427Z	INFO	provided	{"constructor": "fx.Annotate(github.com/fil-forge/ingot/testing.StartHarness.func7(), fx.As([[registry.MultipartStore]])", "stacktrace": ["github.com/fil-forge/ingot/testing.StartHarness (/home/runner/work/ingot/ingot/testing/harness.go:164)", "github.com/fil-forge/ingot/testing.smokeHarness (/home/runner/work/ingot/ingot/testing/smoke_test.go:41)", "github.com/fil-forge/ingot/testing.TestSmokeXFail_DeleteObject (/home/runner/work/ingot/ingot/testing/smoke_test.go:362)", "testing.tRunner (/opt/hostedtoolcache/go/1.25.7/x64/src/testing/testing.go:1934)"], "moduletrace": ["github.com/fil-forge/ingot/testing.StartHarness (/home/runner/work/ingot/ingot/testing/harness.go:164)", "github.com/fil-forge/ingot/testing.StartHarness (/home/runner/work/ingot/ingot/testing/harness.go:142)"], "type": "registry.MultipartStore"}
    logger.go:146: 2026-07-02T18:54:44.427Z	INFO	provided	{"constructor": "fx.Annotate(github.com/fil-forge/ingot/testing.StartHarness.func8(), fx.As([[logstore.Meta]])", "stacktrace": ["github.com/fil-forge/ingot/testing.StartHarness (/home/runner/work/ingot/ingot/testing/harness.go:164)", "github.com/fil-forge/ingot/testing.smokeHarness (/home/runner/work/ingot/ingot/testing/smoke_test.go:41)", "github.com/fil-forge/ingot/testing.TestSmokeXFail_DeleteObject (/home/runner/work/ingot/ingot/testing/smoke_test.go:362)", "testing.tRunner (/opt/hostedtoolcache/go/1.25.7/x64/src/testing/testing.go:1934)"], "moduletrace": ["github.com/fil-forge/ingot/testing.StartHarness (/home/runner/work/ingot/ingot/testing/harness.go:164)", "github.com/fil-forge/ingot/testing.StartHarness (/home/runner/work/ingot/ingot/testing/harness.go:142)"], "type": "logstore.Meta"}
    logger.go:146: 2026-07-02T18:54:44.428Z	INFO	provided	{"constructor": "fx.Annotate(github.com/fil-forge/ingot/testing.StartHarness.func9(), fx.As([[blockstore.BlockReader]])", "stacktrace": ["github.com/fil-forge/ingot/testing.StartHarness (/home/runner/work/ingot/ingot/testing/harness.go:164)", "github.com/fil-forge/ingot/testing.smokeHarness (/home/runner/work/ingot/ingot/testing/smoke_test.go:41)", "github.com/fil-forge/ingot/testing.TestSmokeXFail_DeleteObject (/home/runner/work/ingot/ingot/testing/smoke_test.go:362)", "testing.tRunner (/opt/hostedtoolcache/go/1.25.7/x64/src/testing/testing.go:1934)"], "moduletrace": ["github.com/fil-forge/ingot/testing.StartHarness (/home/runner/work/ingot/ingot/testing/harness.go:164)", "github.com/fil-forge/ingot/testing.StartHarness (/home/runner/work/ingot/ingot/testing/harness.go:142)"], "type": "blockstore.BlockReader"}
    logger.go:146: 2026-07-02T18:54:44.428Z	INFO	provided	{"constructor": "fx.Annotate(github.com/fil-forge/ingot/testing.StartHarness.func10(), fx.As([[uploader.Uploader]])", "stacktrace": ["github.com/fil-forge/ingot/testing.StartHarness (/home/runner/work/ingot/ingot/testing/harness.go:164)", "github.com/fil-forge/ingot/testing.smokeHarness (/home/runner/work/ingot/ingot/testing/smoke_test.go:41)", "github.com/fil-forge/ingot/testing.TestSmokeXFail_DeleteObject (/home/runner/work/ingot/ingot/testing/smoke_test.go:362)", "testing.tRunner (/opt/hostedtoolcache/go/1.25.7/x64/src/testing/testing.go:1934)"], "moduletrace": ["github.com/fil-forge/ingot/testing.StartHarness (/home/runner/work/ingot/ingot/testing/harness.go:164)", "github.com/fil-forge/ingot/testing.StartHarness (/home/runner/work/ingot/ingot/testing/harness.go:142)"], "type": "uploader.Uploader"}
    logger.go:146: 2026-07-02T18:54:44.428Z	INFO	provided	{"constructor": "fx.Annotate(github.com/fil-forge/ingot/testing.StartHarness.func11(), fx.As([[uploader.BodyUploader]])", "stacktrace": ["github.com/fil-forge/ingot/testing.StartHarness (/home/runner/work/ingot/ingot/testing/harness.go:164)", "github.com/fil-forge/ingot/testing.smokeHarness (/home/runner/work/ingot/ingot/testing/smoke_test.go:41)", "github.com/fil-forge/ingot/testing.TestSmokeXFail_DeleteObject (/home/runner/work/ingot/ingot/testing/smoke_test.go:362)", "testing.tRunner (/opt/hostedtoolcache/go/1.25.7/x64/src/testing/testing.go:1934)"], "moduletrace": ["github.com/fil-forge/ingot/testing.StartHarness (/home/runner/work/ingot/ingot/testing/harness.go:164)", "github.com/fil-forge/ingot/testing.StartHarness (/home/runner/work/ingot/ingot/testing/harness.go:142)"], "type": "uploader.BodyUploader"}
    logger.go:146: 2026-07-02T18:54:44.428Z	INFO	provided	{"constructor": "fx.Annotate(github.com/fil-forge/ingot/testing.StartHarness.func12(), fx.As([[uploader.BlobRemover]])", "stacktrace": ["github.com/fil-forge/ingot/testing.StartHarness (/home/runner/work/ingot/ingot/testing/harness.go:164)", "github.com/fil-forge/ingot/testing.smokeHarness (/home/runner/work/ingot/ingot/testing/smoke_test.go:41)", "github.com/fil-forge/ingot/testing.TestSmokeXFail_DeleteObject (/home/runner/work/ingot/ingot/testing/smoke_test.go:362)", "testing.tRunner (/opt/hostedtoolcache/go/1.25.7/x64/src/testing/testing.go:1934)"], "moduletrace": ["github.com/fil-forge/ingot/testing.StartHarness (/home/runner/work/ingot/ingot/testing/harness.go:164)", "github.com/fil-forge/ingot/testing.StartHarness (/home/runner/work/ingot/ingot/testing/harness.go:142)"], "type": "uploader.BlobRemover"}
    logger.go:146: 2026-07-02T18:54:44.428Z	INFO	initialized custom fxevent.Logger	{"function": "github.com/fil-forge/ingot/testing.StartHarness.func1()"}
    logger.go:146: 2026-07-02T18:54:44.428Z	INFO	invoking	{"function": "github.com/fil-forge/ingot.registerServerLifecycle()", "module": "ingot-server"}
    logger.go:146: 2026-07-02T18:54:44.428Z	INFO	before run	{"name": "go.uber.org/fx.New.func1()", "kind": "provide"}
    logger.go:146: 2026-07-02T18:54:44.428Z	INFO	run	{"name": "go.uber.org/fx.New.func1()", "kind": "provide", "runtime": "14.046µs"}
    logger.go:146: 2026-07-02T18:54:44.428Z	INFO	before run	{"name": "stub(ingot.ServerConfig)", "kind": "supply"}
    logger.go:146: 2026-07-02T18:54:44.428Z	INFO	run	{"name": "stub(ingot.ServerConfig)", "kind": "supply", "runtime": "19.597µs"}
    logger.go:146: 2026-07-02T18:54:44.428Z	INFO	before run	{"name": "stub(*zap.Logger)", "kind": "supply"}
    logger.go:146: 2026-07-02T18:54:44.428Z	INFO	run	{"name": "stub(*zap.Logger)", "kind": "supply", "runtime": "11.261µs"}
    logger.go:146: 2026-07-02T18:54:44.428Z	INFO	before run	{"name": "fx.Annotate(github.com/fil-forge/ingot/testing.StartHarness.func9(), fx.As([[blockstore.BlockReader]])", "kind": "provide"}
    logger.go:146: 2026-07-02T18:54:44.429Z	INFO	run	{"name": "fx.Annotate(github.com/fil-forge/ingot/testing.StartHarness.func9(), fx.As([[blockstore.BlockReader]])", "kind": "provide", "runtime": "60.973µs"}
    logger.go:146: 2026-07-02T18:54:44.429Z	INFO	before run	{"name": "fx.Annotate(github.com/fil-forge/ingot/testing.StartHarness.func10(), fx.As([[uploader.Uploader]])", "kind": "provide"}
    logger.go:146: 2026-07-02T18:54:44.429Z	INFO	run	{"name": "fx.Annotate(github.com/fil-forge/ingot/testing.StartHarness.func10(), fx.As([[uploader.Uploader]])", "kind": "provide", "runtime": "29.835µs"}
    logger.go:146: 2026-07-02T18:54:44.429Z	INFO	before run	{"name": "fx.Annotate(github.com/fil-forge/ingot/testing.StartHarness.func11(), fx.As([[uploader.BodyUploader]])", "kind": "provide"}
    logger.go:146: 2026-07-02T18:54:44.429Z	INFO	run	{"name": "fx.Annotate(github.com/fil-forge/ingot/testing.StartHarness.func11(), fx.As([[uploader.BodyUploader]])", "kind": "provide", "runtime": "31.308µs"}
    logger.go:146: 2026-07-02T18:54:44.429Z	INFO	before run	{"name": "fx.Annotate(github.com/fil-forge/ingot/testing.StartHarness.func12(), fx.As([[uploader.BlobRemover]])", "kind": "provide"}
    logger.go:146: 2026-07-02T18:54:44.429Z	INFO	run	{"name": "fx.Annotate(github.com/fil-forge/ingot/testing.StartHarness.func12(), fx.As([[uploader.BlobRemover]])", "kind": "provide", "runtime": "18.064µs"}
    logger.go:146: 2026-07-02T18:54:44.429Z	INFO	before run	{"name": "fx.Annotate(github.com/fil-forge/ingot/testing.StartHarness.func2(), fx.As([[registry.Registry]])", "kind": "provide"}
    logger.go:146: 2026-07-02T18:54:44.429Z	INFO	run	{"name": "fx.Annotate(github.com/fil-forge/ingot/testing.StartHarness.func2(), fx.As([[registry.Registry]])", "kind": "provide", "runtime": "39.754µs"}
    logger.go:146: 2026-07-02T18:54:44.429Z	INFO	before run	{"name": "fx.Annotate(github.com/fil-forge/ingot/testing.StartHarness.func3(), fx.As([[registry.IntentStore]])", "kind": "provide"}
    logger.go:146: 2026-07-02T18:54:44.429Z	INFO	run	{"name": "fx.Annotate(github.com/fil-forge/ingot/testing.StartHarness.func3(), fx.As([[registry.IntentStore]])", "kind": "provide", "runtime": "35.907µs"}
    logger.go:146: 2026-07-02T18:54:44.429Z	INFO	before run	{"name": "fx.Annotate(github.com/fil-forge/ingot/testing.StartHarness.func4(), fx.As([[registry.LocationStore]])", "kind": "provide"}
    logger.go:146: 2026-07-02T18:54:44.429Z	INFO	run	{"name": "fx.Annotate(github.com/fil-forge/ingot/testing.StartHarness.func4(), fx.As([[registry.LocationStore]])", "kind": "provide", "runtime": "32.821µs"}
    logger.go:146: 2026-07-02T18:54:44.430Z	INFO	before run	{"name": "fx.Annotate(github.com/fil-forge/ingot/testing.StartHarness.func5(), fx.As([[registry.BlobRefStore]])", "kind": "provide"}
    logger.go:146: 2026-07-02T18:54:44.430Z	INFO	run	{"name": "fx.Annotate(github.com/fil-forge/ingot/testing.StartHarness.func5(), fx.As([[registry.BlobRefStore]])", "kind": "provide", "runtime": "24.436µs"}
    logger.go:146: 2026-07-02T18:54:44.430Z	INFO	before run	{"name": "fx.Annotate(github.com/fil-forge/ingot/testing.StartHarness.func6(), fx.As([[registry.GCStore]])", "kind": "provide"}
    logger.go:146: 2026-07-02T18:54:44.430Z	INFO	run	{"name": "fx.Annotate(github.com/fil-forge/ingot/testing.StartHarness.func6(), fx.As([[registry.GCStore]])", "kind": "provide", "runtime": "32.01µs"}
    logger.go:146: 2026-07-02T18:54:44.430Z	INFO	before run	{"name": "fx.Annotate(github.com/fil-forge/ingot/testing.StartHarness.func7(), fx.As([[registry.MultipartStore]])", "kind": "provide"}
    logger.go:146: 2026-07-02T18:54:44.430Z	INFO	run	{"name": "fx.Annotate(github.com/fil-forge/ingot/testing.StartHarness.func7(), fx.As([[registry.MultipartStore]])", "kind": "provide", "runtime": "37.069µs"}
    logger.go:146: 2026-07-02T18:54:44.430Z	INFO	before run	{"name": "fx.Annotate(github.com/fil-forge/ingot/testing.StartHarness.func8(), fx.As([[logstore.Meta]])", "kind": "provide"}
    logger.go:146: 2026-07-02T18:54:44.430Z	INFO	run	{"name": "fx.Annotate(github.com/fil-forge/ingot/testing.StartHarness.func8(), fx.As([[logstore.Meta]])", "kind": "provide", "runtime": "26.019µs"}
    logger.go:146: 2026-07-02T18:54:44.430Z	INFO	OnStart hook executing	{"callee": "github.com/fil-forge/ingot.registerServerLifecycle.func1()", "caller": "github.com/fil-forge/ingot.registerServerLifecycle"}
    logger.go:146: 2026-07-02T18:54:44.432Z	INFO	starting ingot S3 listener	{"addr": "127.0.0.1:32831", "region": "us-east-1", "data_dir": "/tmp/ingot-harness-2056498819", "max_blob_size": 268435456}
    logger.go:146: 2026-07-02T18:54:44.432Z	INFO	OnStart hook executed	{"callee": "github.com/fil-forge/ingot.registerServerLifecycle.func1()", "caller": "github.com/fil-forge/ingot.registerServerLifecycle", "runtime": "1.453496ms"}
    logger.go:146: 2026-07-02T18:54:44.432Z	INFO	started
    logger.go:146: 2026-07-02T18:54:44.432Z	INFO	OnStop hook executing	{"callee": "github.com/fil-forge/ingot.registerServerLifecycle.func2()", "caller": "github.com/fil-forge/ingot.registerServerLifecycle"}
    logger.go:146: 2026-07-02T18:54:44.432Z	INFO	shutting down ingot S3 listener
    logger.go:146: 2026-07-02T18:54:44.432Z	ERROR	ingot listener error	{"error": "listener closed"}
    logger.go:146: 2026-07-02T18:54:44.433Z	INFO	OnStop hook executed	{"callee": "github.com/fil-forge/ingot.registerServerLifecycle.func2()", "caller": "github.com/fil-forge/ingot.registerServerLifecycle", "runtime": "128.798µs"}
--- PASS: TestSmokeXFail_DeleteObject (0.01s)
=== RUN   TestBlobSplit_ZeroByteObject
    logger.go:146: 2026-07-02T18:54:44.435Z	INFO	provided	{"constructor": "go.uber.org/fx.New.func1()", "stacktrace": ["go.uber.org/fx.New (/home/runner/go/pkg/mod/go.uber.org/fx@v1.24.0/app.go:481)", "github.com/fil-forge/ingot/testing.StartHarness (/home/runner/work/ingot/ingot/testing/harness.go:142)", "github.com/fil-forge/ingot/testing_test.TestBlobSplit_ZeroByteObject (/home/runner/work/ingot/ingot/testing/blobsplit_test.go:141)", "testing.tRunner (/opt/hostedtoolcache/go/1.25.7/x64/src/testing/testing.go:1934)"], "moduletrace": ["go.uber.org/fx.New (/home/runner/go/pkg/mod/go.uber.org/fx@v1.24.0/app.go:481)", "github.com/fil-forge/ingot/testing.StartHarness (/home/runner/work/ingot/ingot/testing/harness.go:142)"], "type": "fx.Lifecycle"}
    logger.go:146: 2026-07-02T18:54:44.435Z	INFO	provided	{"constructor": "go.uber.org/fx.(*App).shutdowner-fm()", "stacktrace": ["go.uber.org/fx.New (/home/runner/go/pkg/mod/go.uber.org/fx@v1.24.0/app.go:481)", "github.com/fil-forge/ingot/testing.StartHarness (/home/runner/work/ingot/ingot/testing/harness.go:142)", "github.com/fil-forge/ingot/testing_test.TestBlobSplit_ZeroByteObject (/home/runner/work/ingot/ingot/testing/blobsplit_test.go:141)", "testing.tRunner (/opt/hostedtoolcache/go/1.25.7/x64/src/testing/testing.go:1934)"], "moduletrace": ["go.uber.org/fx.New (/home/runner/go/pkg/mod/go.uber.org/fx@v1.24.0/app.go:481)", "github.com/fil-forge/ingot/testing.StartHarness (/home/runner/work/ingot/ingot/testing/harness.go:142)"], "type": "fx.Shutdowner"}
    logger.go:146: 2026-07-02T18:54:44.435Z	INFO	provided	{"constructor": "go.uber.org/fx.(*App).dotGraph-fm()", "stacktrace": ["go.uber.org/fx.New (/home/runner/go/pkg/mod/go.uber.org/fx@v1.24.0/app.go:481)", "github.com/fil-forge/ingot/testing.StartHarness (/home/runner/work/ingot/ingot/testing/harness.go:142)", "github.com/fil-forge/ingot/testing_test.TestBlobSplit_ZeroByteObject (/home/runner/work/ingot/ingot/testing/blobsplit_test.go:141)", "testing.tRunner (/opt/hostedtoolcache/go/1.25.7/x64/src/testing/testing.go:1934)"], "moduletrace": ["go.uber.org/fx.New (/home/runner/go/pkg/mod/go.uber.org/fx@v1.24.0/app.go:481)", "github.com/fil-forge/ingot/testing.StartHarness (/home/runner/work/ingot/ingot/testing/harness.go:142)"], "type": "fx.DotGraph"}
    logger.go:146: 2026-07-02T18:54:44.435Z	INFO	supplied	{"type": "*zap.Logger", "stacktrace": ["github.com/fil-forge/ingot/testing.StartHarness (/home/runner/work/ingot/ingot/testing/harness.go:146)", "github.com/fil-forge/ingot/testing_test.TestBlobSplit_ZeroByteObject (/home/runner/work/ingot/ingot/testing/blobsplit_test.go:141)", "testing.tRunner (/opt/hostedtoolcache/go/1.25.7/x64/src/testing/testing.go:1934)"], "moduletrace": ["github.com/fil-forge/ingot/testing.StartHarness (/home/runner/work/ingot/ingot/testing/harness.go:146)", "github.com/fil-forge/ingot/testing.StartHarness (/home/runner/work/ingot/ingot/testing/harness.go:142)"]}
    logger.go:146: 2026-07-02T18:54:44.435Z	INFO	supplied	{"type": "ingot.ServerConfig", "stacktrace": ["github.com/fil-forge/ingot/testing.StartHarness (/home/runner/work/ingot/ingot/testing/harness.go:147)", "github.com/fil-forge/ingot/testing_test.TestBlobSplit_ZeroByteObject (/home/runner/work/ingot/ingot/testing/blobsplit_test.go:141)", "testing.tRunner (/opt/hostedtoolcache/go/1.25.7/x64/src/testing/testing.go:1934)"], "moduletrace": ["github.com/fil-forge/ingot/testing.StartHarness (/home/runner/work/ingot/ingot/testing/harness.go:147)", "github.com/fil-forge/ingot/testing.StartHarness (/home/runner/work/ingot/ingot/testing/harness.go:142)"]}
    logger.go:146: 2026-07-02T18:54:44.435Z	INFO	provided	{"constructor": "fx.Annotate(github.com/fil-forge/ingot/testing.StartHarness.func2(), fx.As([[registry.Registry]])", "stacktrace": ["github.com/fil-forge/ingot/testing.StartHarness (/home/runner/work/ingot/ingot/testing/harness.go:164)", "github.com/fil-forge/ingot/testing_test.TestBlobSplit_ZeroByteObject (/home/runner/work/ingot/ingot/testing/blobsplit_test.go:141)", "testing.tRunner (/opt/hostedtoolcache/go/1.25.7/x64/src/testing/testing.go:1934)"], "moduletrace": ["github.com/fil-forge/ingot/testing.StartHarness (/home/runner/work/ingot/ingot/testing/harness.go:164)", "github.com/fil-forge/ingot/testing.StartHarness (/home/runner/work/ingot/ingot/testing/harness.go:142)"], "type": "registry.Registry"}
    logger.go:146: 2026-07-02T18:54:44.435Z	INFO	provided	{"constructor": "fx.Annotate(github.com/fil-forge/ingot/testing.StartHarness.func3(), fx.As([[registry.IntentStore]])", "stacktrace": ["github.com/fil-forge/ingot/testing.StartHarness (/home/runner/work/ingot/ingot/testing/harness.go:164)", "github.com/fil-forge/ingot/testing_test.TestBlobSplit_ZeroByteObject (/home/runner/work/ingot/ingot/testing/blobsplit_test.go:141)", "testing.tRunner (/opt/hostedtoolcache/go/1.25.7/x64/src/testing/testing.go:1934)"], "moduletrace": ["github.com/fil-forge/ingot/testing.StartHarness (/home/runner/work/ingot/ingot/testing/harness.go:164)", "github.com/fil-forge/ingot/testing.StartHarness (/home/runner/work/ingot/ingot/testing/harness.go:142)"], "type": "registry.IntentStore"}
    logger.go:146: 2026-07-02T18:54:44.435Z	INFO	provided	{"constructor": "fx.Annotate(github.com/fil-forge/ingot/testing.StartHarness.func4(), fx.As([[registry.LocationStore]])", "stacktrace": ["github.com/fil-forge/ingot/testing.StartHarness (/home/runner/work/ingot/ingot/testing/harness.go:164)", "github.com/fil-forge/ingot/testing_test.TestBlobSplit_ZeroByteObject (/home/runner/work/ingot/ingot/testing/blobsplit_test.go:141)", "testing.tRunner (/opt/hostedtoolcache/go/1.25.7/x64/src/testing/testing.go:1934)"], "moduletrace": ["github.com/fil-forge/ingot/testing.StartHarness (/home/runner/work/ingot/ingot/testing/harness.go:164)", "github.com/fil-forge/ingot/testing.StartHarness (/home/runner/work/ingot/ingot/testing/harness.go:142)"], "type": "registry.LocationStore"}
    logger.go:146: 2026-07-02T18:54:44.436Z	INFO	provided	{"constructor": "fx.Annotate(github.com/fil-forge/ingot/testing.StartHarness.func5(), fx.As([[registry.BlobRefStore]])", "stacktrace": ["github.com/fil-forge/ingot/testing.StartHarness (/home/runner/work/ingot/ingot/testing/harness.go:164)", "github.com/fil-forge/ingot/testing_test.TestBlobSplit_ZeroByteObject (/home/runner/work/ingot/ingot/testing/blobsplit_test.go:141)", "testing.tRunner (/opt/hostedtoolcache/go/1.25.7/x64/src/testing/testing.go:1934)"], "moduletrace": ["github.com/fil-forge/ingot/testing.StartHarness (/home/runner/work/ingot/ingot/testing/harness.go:164)", "github.com/fil-forge/ingot/testing.StartHarness (/home/runner/work/ingot/ingot/testing/harness.go:142)"], "type": "registry.BlobRefStore"}
    logger.go:146: 2026-07-02T18:54:44.436Z	INFO	provided	{"constructor": "fx.Annotate(github.com/fil-forge/ingot/testing.StartHarness.func6(), fx.As([[registry.GCStore]])", "stacktrace": ["github.com/fil-forge/ingot/testing.StartHarness (/home/runner/work/ingot/ingot/testing/harness.go:164)", "github.com/fil-forge/ingot/testing_test.TestBlobSplit_ZeroByteObject (/home/runner/work/ingot/ingot/testing/blobsplit_test.go:141)", "testing.tRunner (/opt/hostedtoolcache/go/1.25.7/x64/src/testing/testing.go:1934)"], "moduletrace": ["github.com/fil-forge/ingot/testing.StartHarness (/home/runner/work/ingot/ingot/testing/harness.go:164)", "github.com/fil-forge/ingot/testing.StartHarness (/home/runner/work/ingot/ingot/testing/harness.go:142)"], "type": "registry.GCStore"}
    logger.go:146: 2026-07-02T18:54:44.436Z	INFO	provided	{"constructor": "fx.Annotate(github.com/fil-forge/ingot/testing.StartHarness.func7(), fx.As([[registry.MultipartStore]])", "stacktrace": ["github.com/fil-forge/ingot/testing.StartHarness (/home/runner/work/ingot/ingot/testing/harness.go:164)", "github.com/fil-forge/ingot/testing_test.TestBlobSplit_ZeroByteObject (/home/runner/work/ingot/ingot/testing/blobsplit_test.go:141)", "testing.tRunner (/opt/hostedtoolcache/go/1.25.7/x64/src/testing/testing.go:1934)"], "moduletrace": ["github.com/fil-forge/ingot/testing.StartHarness (/home/runner/work/ingot/ingot/testing/harness.go:164)", "github.com/fil-forge/ingot/testing.StartHarness (/home/runner/work/ingot/ingot/testing/harness.go:142)"], "type": "registry.MultipartStore"}
    logger.go:146: 2026-07-02T18:54:44.436Z	INFO	provided	{"constructor": "fx.Annotate(github.com/fil-forge/ingot/testing.StartHarness.func8(), fx.As([[logstore.Meta]])", "stacktrace": ["github.com/fil-forge/ingot/testing.StartHarness (/home/runner/work/ingot/ingot/testing/harness.go:164)", "github.com/fil-forge/ingot/testing_test.TestBlobSplit_ZeroByteObject (/home/runner/work/ingot/ingot/testing/blobsplit_test.go:141)", "testing.tRunner (/opt/hostedtoolcache/go/1.25.7/x64/src/testing/testing.go:1934)"], "moduletrace": ["github.com/fil-forge/ingot/testing.StartHarness (/home/runner/work/ingot/ingot/testing/harness.go:164)", "github.com/fil-forge/ingot/testing.StartHarness (/home/runner/work/ingot/ingot/testing/harness.go:142)"], "type": "logstore.Meta"}
    logger.go:146: 2026-07-02T18:54:44.436Z	INFO	provided	{"constructor": "fx.Annotate(github.com/fil-forge/ingot/testing.StartHarness.func9(), fx.As([[blockstore.BlockReader]])", "stacktrace": ["github.com/fil-forge/ingot/testing.StartHarness (/home/runner/work/ingot/ingot/testing/harness.go:164)", "github.com/fil-forge/ingot/testing_test.TestBlobSplit_ZeroByteObject (/home/runner/work/ingot/ingot/testing/blobsplit_test.go:141)", "testing.tRunner (/opt/hostedtoolcache/go/1.25.7/x64/src/testing/testing.go:1934)"], "moduletrace": ["github.com/fil-forge/ingot/testing.StartHarness (/home/runner/work/ingot/ingot/testing/harness.go:164)", "github.com/fil-forge/ingot/testing.StartHarness (/home/runner/work/ingot/ingot/testing/harness.go:142)"], "type": "blockstore.BlockReader"}
    logger.go:146: 2026-07-02T18:54:44.436Z	INFO	provided	{"constructor": "fx.Annotate(github.com/fil-forge/ingot/testing.StartHarness.func10(), fx.As([[uploader.Uploader]])", "stacktrace": ["github.com/fil-forge/ingot/testing.StartHarness (/home/runner/work/ingot/ingot/testing/harness.go:164)", "github.com/fil-forge/ingot/testing_test.TestBlobSplit_ZeroByteObject (/home/runner/work/ingot/ingot/testing/blobsplit_test.go:141)", "testing.tRunner (/opt/hostedtoolcache/go/1.25.7/x64/src/testing/testing.go:1934)"], "moduletrace": ["github.com/fil-forge/ingot/testing.StartHarness (/home/runner/work/ingot/ingot/testing/harness.go:164)", "github.com/fil-forge/ingot/testing.StartHarness (/home/runner/work/ingot/ingot/testing/harness.go:142)"], "type": "uploader.Uploader"}
    logger.go:146: 2026-07-02T18:54:44.436Z	INFO	provided	{"constructor": "fx.Annotate(github.com/fil-forge/ingot/testing.StartHarness.func11(), fx.As([[uploader.BodyUploader]])", "stacktrace": ["github.com/fil-forge/ingot/testing.StartHarness (/home/runner/work/ingot/ingot/testing/harness.go:164)", "github.com/fil-forge/ingot/testing_test.TestBlobSplit_ZeroByteObject (/home/runner/work/ingot/ingot/testing/blobsplit_test.go:141)", "testing.tRunner (/opt/hostedtoolcache/go/1.25.7/x64/src/testing/testing.go:1934)"], "moduletrace": ["github.com/fil-forge/ingot/testing.StartHarness (/home/runner/work/ingot/ingot/testing/harness.go:164)", "github.com/fil-forge/ingot/testing.StartHarness (/home/runner/work/ingot/ingot/testing/harness.go:142)"], "type": "uploader.BodyUploader"}
    logger.go:146: 2026-07-02T18:54:44.436Z	INFO	provided	{"constructor": "fx.Annotate(github.com/fil-forge/ingot/testing.StartHarness.func12(), fx.As([[uploader.BlobRemover]])", "stacktrace": ["github.com/fil-forge/ingot/testing.StartHarness (/home/runner/work/ingot/ingot/testing/harness.go:164)", "github.com/fil-forge/ingot/testing_test.TestBlobSplit_ZeroByteObject (/home/runner/work/ingot/ingot/testing/blobsplit_test.go:141)", "testing.tRunner (/opt/hostedtoolcache/go/1.25.7/x64/src/testing/testing.go:1934)"], "moduletrace": ["github.com/fil-forge/ingot/testing.StartHarness (/home/runner/work/ingot/ingot/testing/harness.go:164)", "github.com/fil-forge/ingot/testing.StartHarness (/home/runner/work/ingot/ingot/testing/harness.go:142)"], "type": "uploader.BlobRemover"}
    logger.go:146: 2026-07-02T18:54:44.436Z	INFO	initialized custom fxevent.Logger	{"function": "github.com/fil-forge/ingot/testing.StartHarness.func1()"}
    logger.go:146: 2026-07-02T18:54:44.436Z	INFO	invoking	{"function": "github.com/fil-forge/ingot.registerServerLifecycle()", "module": "ingot-server"}
    logger.go:146: 2026-07-02T18:54:44.436Z	INFO	before run	{"name": "go.uber.org/fx.New.func1()", "kind": "provide"}
    logger.go:146: 2026-07-02T18:54:44.436Z	INFO	run	{"name": "go.uber.org/fx.New.func1()", "kind": "provide", "runtime": "10.139µs"}
    logger.go:146: 2026-07-02T18:54:44.436Z	INFO	before run	{"name": "stub(ingot.ServerConfig)", "kind": "supply"}
    logger.go:146: 2026-07-02T18:54:44.436Z	INFO	run	{"name": "stub(ingot.ServerConfig)", "kind": "supply", "runtime": "10.059µs"}
    logger.go:146: 2026-07-02T18:54:44.436Z	INFO	before run	{"name": "stub(*zap.Logger)", "kind": "supply"}
    logger.go:146: 2026-07-02T18:54:44.436Z	INFO	run	{"name": "stub(*zap.Logger)", "kind": "supply", "runtime": "9.107µs"}
    logger.go:146: 2026-07-02T18:54:44.436Z	INFO	before run	{"name": "fx.Annotate(github.com/fil-forge/ingot/testing.StartHarness.func9(), fx.As([[blockstore.BlockReader]])", "kind": "provide"}
    logger.go:146: 2026-07-02T18:54:44.436Z	INFO	run	{"name": "fx.Annotate(github.com/fil-forge/ingot/testing.StartHarness.func9(), fx.As([[blockstore.BlockReader]])", "kind": "provide", "runtime": "44.613µs"}
    logger.go:146: 2026-07-02T18:54:44.437Z	INFO	before run	{"name": "fx.Annotate(github.com/fil-forge/ingot/testing.StartHarness.func10(), fx.As([[uploader.Uploader]])", "kind": "provide"}
    logger.go:146: 2026-07-02T18:54:44.437Z	INFO	run	{"name": "fx.Annotate(github.com/fil-forge/ingot/testing.StartHarness.func10(), fx.As([[uploader.Uploader]])", "kind": "provide", "runtime": "17.152µs"}
    logger.go:146: 2026-07-02T18:54:44.437Z	INFO	before run	{"name": "fx.Annotate(github.com/fil-forge/ingot/testing.StartHarness.func11(), fx.As([[uploader.BodyUploader]])", "kind": "provide"}
    logger.go:146: 2026-07-02T18:54:44.437Z	INFO	run	{"name": "fx.Annotate(github.com/fil-forge/ingot/testing.StartHarness.func11(), fx.As([[uploader.BodyUploader]])", "kind": "provide", "runtime": "17.453µs"}
    logger.go:146: 2026-07-02T18:54:44.437Z	INFO	before run	{"name": "fx.Annotate(github.com/fil-forge/ingot/testing.StartHarness.func12(), fx.As([[uploader.BlobRemover]])", "kind": "provide"}
    logger.go:146: 2026-07-02T18:54:44.437Z	INFO	run	{"name": "fx.Annotate(github.com/fil-forge/ingot/testing.StartHarness.func12(), fx.As([[uploader.BlobRemover]])", "kind": "provide", "runtime": "15.929µs"}
    logger.go:146: 2026-07-02T18:54:44.437Z	INFO	before run	{"name": "fx.Annotate(github.com/fil-forge/ingot/testing.StartHarness.func2(), fx.As([[registry.Registry]])", "kind": "provide"}
    logger.go:146: 2026-07-02T18:54:44.437Z	INFO	run	{"name": "fx.Annotate(github.com/fil-forge/ingot/testing.StartHarness.func2(), fx.As([[registry.Registry]])", "kind": "provide", "runtime": "21.379µs"}
    logger.go:146: 2026-07-02T18:54:44.437Z	INFO	before run	{"name": "fx.Annotate(github.com/fil-forge/ingot/testing.StartHarness.func3(), fx.As([[registry.IntentStore]])", "kind": "provide"}
    logger.go:146: 2026-07-02T18:54:44.437Z	INFO	run	{"name": "fx.Annotate(github.com/fil-forge/ingot/testing.StartHarness.func3(), fx.As([[registry.IntentStore]])", "kind": "provide", "runtime": "19.707µs"}
    logger.go:146: 2026-07-02T18:54:44.437Z	INFO	before run	{"name": "fx.Annotate(github.com/fil-forge/ingot/testing.StartHarness.func4(), fx.As([[registry.LocationStore]])", "kind": "provide"}
    logger.go:146: 2026-07-02T18:54:44.437Z	INFO	run	{"name": "fx.Annotate(github.com/fil-forge/ingot/testing.StartHarness.func4(), fx.As([[registry.LocationStore]])", "kind": "provide", "runtime": "23.483µs"}
    logger.go:146: 2026-07-02T18:54:44.437Z	INFO	before run	{"name": "fx.Annotate(github.com/fil-forge/ingot/testing.StartHarness.func5(), fx.As([[registry.BlobRefStore]])", "kind": "provide"}
    logger.go:146: 2026-07-02T18:54:44.437Z	INFO	run	{"name": "fx.Annotate(github.com/fil-forge/ingot/testing.StartHarness.func5(), fx.As([[registry.BlobRefStore]])", "kind": "provide", "runtime": "19.346µs"}
    logger.go:146: 2026-07-02T18:54:44.437Z	INFO	before run	{"name": "fx.Annotate(github.com/fil-forge/ingot/testing.StartHarness.func6(), fx.As([[registry.GCStore]])", "kind": "provide"}
    logger.go:146: 2026-07-02T18:54:44.437Z	INFO	run	{"name": "fx.Annotate(github.com/fil-forge/ingot/testing.StartHarness.func6(), fx.As([[registry.GCStore]])", "kind": "provide", "runtime": "17.823µs"}
    logger.go:146: 2026-07-02T18:54:44.437Z	INFO	before run	{"name": "fx.Annotate(github.com/fil-forge/ingot/testing.StartHarness.func7(), fx.As([[registry.MultipartStore]])", "kind": "provide"}
    logger.go:146: 2026-07-02T18:54:44.437Z	INFO	run	{"name": "fx.Annotate(github.com/fil-forge/ingot/testing.StartHarness.func7(), fx.As([[registry.MultipartStore]])", "kind": "provide", "runtime": "18.665µs"}
    logger.go:146: 2026-07-02T18:54:44.437Z	INFO	before run	{"name": "fx.Annotate(github.com/fil-forge/ingot/testing.StartHarness.func8(), fx.As([[logstore.Meta]])", "kind": "provide"}
    logger.go:146: 2026-07-02T18:54:44.438Z	INFO	run	{"name": "fx.Annotate(github.com/fil-forge/ingot/testing.StartHarness.func8(), fx.As([[logstore.Meta]])", "kind": "provide", "runtime": "20.719µs"}
    logger.go:146: 2026-07-02T18:54:44.438Z	INFO	OnStart hook executing	{"callee": "github.com/fil-forge/ingot.registerServerLifecycle.func1()", "caller": "github.com/fil-forge/ingot.registerServerLifecycle"}
    logger.go:146: 2026-07-02T18:54:44.439Z	INFO	starting ingot S3 listener	{"addr": "127.0.0.1:33613", "region": "us-east-1", "data_dir": "/tmp/ingot-harness-3461269692", "max_blob_size": 268435456}
    logger.go:146: 2026-07-02T18:54:44.439Z	INFO	OnStart hook executed	{"callee": "github.com/fil-forge/ingot.registerServerLifecycle.func1()", "caller": "github.com/fil-forge/ingot.registerServerLifecycle", "runtime": "1.488732ms"}
    logger.go:146: 2026-07-02T18:54:44.439Z	INFO	started
    logger.go:146: 2026-07-02T18:54:44.446Z	INFO	OnStop hook executing	{"callee": "github.com/fil-forge/ingot.registerServerLifecycle.func2()", "caller": "github.com/fil-forge/ingot.registerServerLifecycle"}
    logger.go:146: 2026-07-02T18:54:44.447Z	INFO	shutting down ingot S3 listener
    logger.go:146: 2026-07-02T18:54:44.447Z	ERROR	ingot listener error	{"error": "listener closed"}
    logger.go:146: 2026-07-02T18:54:44.447Z	INFO	OnStop hook executed	{"callee": "github.com/fil-forge/ingot.registerServerLifecycle.func2()", "caller": "github.com/fil-forge/ingot.registerServerLifecycle", "runtime": "620.585µs"}
--- PASS: TestBlobSplit_ZeroByteObject (0.01s)
FAIL
FAIL	github.com/fil-forge/ingot/testing	20.164s
?   	github.com/fil-forge/ingot/tokenstore	[no test files]
?   	github.com/fil-forge/ingot/uploader	[no test files]
FAIL
Error: Process completed with exit code 1.
